QB,RB,RB,WR,WR,WR,TE,K,D,,Instructions,,,,,,,,,,,,
,,,,,,,,,,1) Create a lineup by inserting any player from this list into their appropriate position columns,,,,,,,,,,,,
,,,,,,,,,,2) You can paste either the Player ID + Name OR ID from their respective columns,,,,,,,,,,,,
,,,,,,,,,,3) Any information to the right of the last position column will be ignored in the upload,,,,,,,,,,,,
,,,,,,,,,,4) Maximum of 250 lineups per upload,,,,,,,,,,,,
,,,,,,,,,,,,,,,,,,,,,,
,,,,,,,,,,Player ID + Player Name,Id,Position,First Name,Last Name,FPPG,Played,Salary,Game,Team,Opponent,Injury Indicator,Injury Details
,,,,,,,,,,16345-31360:Odell Beckham Jr.,16345-31360,WR,Odell,Beckham Jr.,9.300000191,1,9400,NO@NYG,NYG,NO,,
,,,,,,,,,,16345-14190:Julio Jones,16345-14190,WR,Julio,Jones,14.60000038,1,9300,ATL@OAK,ATL,OAK,,
,,,,,,,,,,16345-6504:Drew Brees,16345-6504,QB,Drew,Brees,31.42000008,1,9200,NO@NYG,NO,NYG,,
,,,,,,,,,,16345-11612:Antonio Brown,16345-11612,WR,Antonio,Brown,28.60000038,1,9200,CIN@PIT,PIT,CIN,,
,,,,,,,,,,16345-14185:Cam Newton,16345-14185,QB,Cam,Newton,22.15999985,1,9000,SF@CAR,CAR,SF,,
,,,,,,,,,,16345-62497:David Johnson,16345-62497,RB,David,Johnson,21.20000076,1,9000,TB@ARI,ARI,TB,,
,,,,,,,,,,16345-14187:A.J. Green,16345-14187,WR,A.J.,Green,30,1,8900,CIN@PIT,CIN,PIT,,
,,,,,,,,,,16345-11460:Rob Gronkowski,16345-11460,TE,Rob,Gronkowski,14.64000041,15,8700,MIA@NE,NE,MIA,Q,Hamstring
,,,,,,,,,,16345-6894:Aaron Rodgers,16345-6894,QB,Aaron,Rodgers,23.55999947,1,8700,GB@MIN,GB,MIN,,
,,,,,,,,,,16345-21939:Andrew Luck,16345-21939,QB,Andrew,Luck,35.5,1,8500,IND@DEN,IND,DEN,,
,,,,,,,,,,16345-22015:Russell Wilson,16345-22015,QB,Russell,Wilson,12.92000008,1,8400,SEA@LA,SEA,LA,,
,,,,,,,,,,16345-29501:Brandin Cooks,16345-29501,WR,Brandin,Cooks,30.39999962,1,8400,NO@NYG,NO,NYG,,
,,,,,,,,,,16345-30447:Todd Gurley,16345-30447,RB,Todd,Gurley,4.699999809,1,8400,SEA@LA,LA,SEA,,
,,,,,,,,,,16345-6589:Ben Roethlisberger,16345-6589,QB,Ben,Roethlisberger,22.79999924,1,8300,CIN@PIT,PIT,CIN,,
,,,,,,,,,,16345-16606:DeAndre Hopkins,16345-16606,WR,DeAndre,Hopkins,13.89999962,1,8300,KC@HOU,HOU,KC,,
,,,,,,,,,,16345-45859:Derek Carr,16345-45859,QB,Derek,Carr,22.36000061,1,8300,ATL@OAK,OAK,ATL,,
,,,,,,,,,,16345-28643:Allen Robinson,16345-28643,WR,Allen,Robinson,10.19999981,1,8200,JAC@SD,JAC,SD,,
,,,,,,,,,,16345-6893:Jordy Nelson,16345-6893,WR,Jordy,Nelson,12.19999981,1,8200,GB@MIN,GB,MIN,,
,,,,,,,,,,16345-6703:Adrian Peterson,16345-6703,RB,Adrian,Peterson,3.099999905,1,8200,GB@MIN,MIN,GB,,
,,,,,,,,,,16345-6748:Carson Palmer,16345-6748,QB,Carson,Palmer,18.94000053,1,8200,TB@ARI,ARI,TB,,
,,,,,,,,,,16345-32384:Mike Evans,16345-32384,WR,Mike,Evans,18.39999962,1,8100,TB@ARI,TB,ARI,,
,,,,,,,,,,16345-6826:Eli Manning,16345-6826,QB,Eli,Manning,19.28000069,1,8100,NO@NYG,NYG,NO,,
,,,,,,,,,,16345-34308:Blake Bortles,16345-34308,QB,Blake,Bortles,16,1,8100,JAC@SD,JAC,SD,,
,,,,,,,,,,16345-6616:Matt Ryan,16345-6616,QB,Matt,Ryan,24.36000061,1,7900,ATL@OAK,ATL,OAK,,
,,,,,,,,,,16345-31001:Amari Cooper,16345-31001,WR,Amari,Cooper,18.70000076,1,7900,ATL@OAK,OAK,ATL,,
,,,,,,,,,,16345-38791:Ezekiel Elliott,16345-38791,RB,Ezekiel,Elliott,11.69999981,1,7900,DAL@WAS,DAL,WAS,,
,,,,,,,,,,16345-21980:Alshon Jeffery,16345-21980,WR,Alshon,Jeffery,12.5,1,7800,PHI@CHI,CHI,PHI,,
,,,,,,,,,,16345-6654:Matthew Stafford,16345-6654,QB,Matthew,Stafford,26.10000038,1,7800,TEN@DET,DET,TEN,,
,,,,,,,,,,16345-14225:Andy Dalton,16345-14225,QB,Andy,Dalton,18.34000015,1,7800,CIN@PIT,CIN,PIT,,
,,,,,,,,,,16345-29249:C.J. Anderson,16345-29249,RB,C.J.,Anderson,27.89999962,1,7800,IND@DEN,DEN,IND,,
,,,,,,,,,,16345-22038:Kirk Cousins,16345-22038,QB,Kirk,Cousins,11.96000004,1,7800,DAL@WAS,WAS,DAL,,
,,,,,,,,,,16345-11435:Dez Bryant,16345-11435,WR,Dez,Bryant,1.299999952,1,7700,DAL@WAS,DAL,WAS,,
,,,,,,,,,,16345-7968:Philip Rivers,16345-7968,QB,Philip,Rivers,14.61999989,1,7700,JAC@SD,SD,JAC,,
,,,,,,,,,,16345-22037:Lamar Miller,16345-22037,RB,Lamar,Miller,13.69999981,1,7700,KC@HOU,HOU,KC,,
,,,,,,,,,,16345-6914:Greg Olsen,16345-6914,TE,Greg,Olsen,10.80000019,1,7600,SF@CAR,CAR,SF,,
,,,,,,,,,,16345-24849:Jameis Winston,16345-24849,QB,Jameis,Winston,26.54000092,1,7600,TB@ARI,TB,ARI,,
,,,,,,,,,,16345-6732:DeAngelo Williams,16345-6732,RB,DeAngelo,Williams,32.09999847,1,7600,CIN@PIT,PIT,CIN,,
,,,,,,,,,,16345-29358:Marcus Mariota,16345-29358,QB,Marcus,Mariota,17.73999977,1,7500,TEN@DET,TEN,DET,,
,,,,,,,,,,16345-24929:Kelvin Benjamin,16345-24929,WR,Kelvin,Benjamin,18.10000038,1,7500,SF@CAR,CAR,SF,,
,,,,,,,,,,16345-14257:Randall Cobb,16345-14257,WR,Randall,Cobb,9.800000191,1,7400,GB@MIN,GB,MIN,,
,,,,,,,,,,16345-14254:DeMarco Murray,16345-14254,RB,DeMarco,Murray,20.20000076,1,7400,TEN@DET,TEN,DET,,
,,,,,,,,,,16345-30298:Jordan Reed,16345-30298,TE,Jordan,Reed,9.899999619,1,7400,DAL@WAS,WAS,DAL,,
,,,,,,,,,,16345-6883:Larry Fitzgerald,16345-6883,WR,Larry,Fitzgerald,24.10000038,1,7400,TB@ARI,ARI,TB,,
,,,,,,,,,,16345-24920:Devonta Freeman,16345-24920,RB,Devonta,Freeman,6,1,7400,ATL@OAK,ATL,OAK,,
,,,,,,,,,,16345-6714:Joe Flacco,16345-6714,QB,Joe,Flacco,12.02000046,1,7400,BAL@CLE,BAL,CLE,,
,,,,,,,,,,16345-21994:Brock Osweiler,16345-21994,QB,Brock,Osweiler,17.63999939,1,7200,KC@HOU,HOU,KC,,
,,,,,,,,,,16345-44449:Willie Snead,16345-44449,WR,Willie,Snead,27.70000076,1,7200,NO@NYG,NO,NYG,,
,,,,,,,,,,16345-21970:Doug Martin,16345-21970,RB,Doug,Martin,12.10000038,1,7100,TB@ARI,TB,ARI,,
,,,,,,,,,,16345-10777:Arian Foster,16345-10777,RB,Arian,Foster,11.5,1,7100,MIA@NE,MIA,NE,Q,Hamstring
,,,,,,,,,,16345-54604:Jimmy Garoppolo,16345-54604,QB,Jimmy,Garoppolo,14.56000042,1,7100,MIA@NE,NE,MIA,,
,,,,,,,,,,16345-7859:Julian Edelman,16345-7859,WR,Julian,Edelman,11.69999981,1,7100,MIA@NE,NE,MIA,,
,,,,,,,,,,16345-34331:Latavius Murray,16345-34331,RB,Latavius,Murray,13.69999981,1,7100,ATL@OAK,OAK,ATL,,
,,,,,,,,,,16345-21952:Michael Floyd,16345-21952,WR,Michael,Floyd,7.599999905,1,7000,TB@ARI,ARI,TB,,
,,,,,,,,,,16345-14211:Mark Ingram,16345-14211,RB,Mark,Ingram,9.699999809,1,7000,NO@NYG,NO,NYG,,
,,,,,,,,,,16345-31716:Dak Prescott,16345-31716,QB,Dak,Prescott,10.27999973,1,7000,DAL@WAS,DAL,WAS,,
,,,,,,,,,,16345-29253:Keenan Allen,16345-29253,WR,Keenan,Allen,9.300000191,1,7000,JAC@SD,SD,JAC,IR,Knee
,,,,,,,,,,16345-11432:Demaryius Thomas,16345-11432,WR,Demaryius,Thomas,6.800000191,1,7000,IND@DEN,DEN,IND,Q,Hip
,,,,,,,,,,16345-8005:Alex Smith,16345-8005,QB,Alex,Smith,29.02000046,1,7000,KC@HOU,KC,HOU,,
,,,,,,,,,,16345-14626:Doug Baldwin,16345-14626,WR,Doug,Baldwin,19.70000076,1,7000,SEA@LA,SEA,LA,,
,,,,,,,,,,16345-30968:Eddie Lacy,16345-30968,RB,Eddie,Lacy,8.300000191,1,7000,GB@MIN,GB,MIN,,
,,,,,,,,,,16345-22031:T.Y. Hilton,16345-22031,WR,T.Y.,Hilton,10.89999962,1,7000,IND@DEN,IND,DEN,,
,,,,,,,,,,16345-7283:Jeremy Maclin,16345-7283,WR,Jeremy,Maclin,14.69999981,1,6900,KC@HOU,KC,HOU,,
,,,,,,,,,,16345-70324:Carson Wentz,16345-70324,QB,Carson,Wentz,19.21999931,1,6900,PHI@CHI,PHI,CHI,,
,,,,,,,,,,16345-25760:Allen Hurns,16345-25760,WR,Allen,Hurns,9.5,1,6900,JAC@SD,JAC,SD,,
,,,,,,,,,,16345-30837:Jordan Matthews,16345-30837,WR,Jordan,Matthews,20.89999962,1,6900,PHI@CHI,PHI,CHI,,
,,,,,,,,,,16345-21941:Robert Griffin III,16345-21941,QB,Robert,Griffin III,10.30000019,1,6800,BAL@CLE,CLE,BAL,IR,Shoulder
,,,,,,,,,,16345-31459:Spencer Ware,16345-31459,RB,Spencer,Ware,29.39999962,1,6800,KC@HOU,KC,HOU,,
,,,,,,,,,,16345-11414:Sam Bradford,16345-11414,QB,Sam,Bradford,14.92142814,14,6800,GB@MIN,MIN,GB,,
,,,,,,,,,,16345-6898:Jay Cutler,16345-6898,QB,Jay,Cutler,12.84000015,1,6800,PHI@CHI,CHI,PHI,,
,,,,,,,,,,16345-31561:Donte Moncrief,16345-31561,WR,Donte,Moncrief,15.39999962,1,6700,IND@DEN,IND,DEN,,
,,,,,,,,,,16345-27229:Ameer Abdullah,16345-27229,RB,Ameer,Abdullah,20.5,1,6700,TEN@DET,DET,TEN,,
,,,,,,,,,,16345-21948:Ryan Tannehill,16345-21948,QB,Ryan,Tannehill,15.14000034,1,6700,MIA@NE,MIA,NE,,
,,,,,,,,,,16345-11485:Golden Tate,16345-11485,WR,Golden,Tate,7.800000191,1,6700,TEN@DET,DET,TEN,,
,,,,,,,,,,16345-11505:Emmanuel Sanders,16345-11505,WR,Emmanuel,Sanders,7.400000095,1,6700,IND@DEN,DEN,IND,,
,,,,,,,,,,16345-22018:Mohamed Sanu,16345-22018,WR,Mohamed,Sanu,18.5,1,6700,ATL@OAK,ATL,OAK,,
,,,,,,,,,,16345-6728:Jamaal Charles,16345-6728,RB,Jamaal,Charles,18.11999969,5,6700,KC@HOU,KC,HOU,D,Knee
,,,,,,,,,,16345-6733:Jonathan Stewart,16345-6733,RB,Jonathan,Stewart,6.400000095,1,6700,SF@CAR,CAR,SF,Q,Ankle
,,,,,,,,,,16345-22994:Case Keenum,16345-22994,QB,Case,Keenum,4.199999809,1,6600,SEA@LA,LA,SEA,,
,,,,,,,,,,16345-54606:John Brown,16345-54606,WR,John,Brown,1.299999952,1,6600,TB@ARI,ARI,TB,,
,,,,,,,,,,16345-31397:Jeremy Hill,16345-31397,RB,Jeremy,Hill,9.100000381,1,6600,CIN@PIT,CIN,PIT,,
,,,,,,,,,,16345-28900:Melvin Gordon,16345-28900,RB,Melvin,Gordon,17.70000076,1,6600,JAC@SD,SD,JAC,,
,,,,,,,,,,16345-6857:Justin Forsett,16345-6857,RB,Justin,Forsett,6.599999905,1,6600,BAL@CLE,BAL,CLE,,
,,,,,,,,,,16345-6863:Delanie Walker,16345-6863,TE,Delanie,Walker,5.699999809,1,6600,TEN@DET,TEN,DET,,
,,,,,,,,,,16345-28095:Thomas Rawls,16345-28095,RB,Thomas,Rawls,7.300000191,1,6600,SEA@LA,SEA,LA,,
,,,,,,,,,,16345-6739:DeSean Jackson,16345-6739,WR,DeSean,Jackson,13.19999981,1,6600,DAL@WAS,WAS,DAL,,
,,,,,,,,,,16345-28202:Jeremy Langford,16345-28202,RB,Jeremy,Langford,13.30000019,1,6500,PHI@CHI,CHI,PHI,,
,,,,,,,,,,16345-14231:Colin Kaepernick,16345-14231,QB,Colin,Kaepernick,12.79999966,9,6500,SF@CAR,SF,CAR,,
,,,,,,,,,,16345-31394:Jarvis Landry,16345-31394,WR,Jarvis,Landry,9.399999619,1,6500,MIA@NE,MIA,NE,,
,,,,,,,,,,16345-31061:T.J. Yeldon,16345-31061,RB,T.J.,Yeldon,14.89999962,1,6500,JAC@SD,JAC,SD,,
,,,,,,,,,,16345-38435:Jared Goff,16345-38435,QB,Jared,Goff,0,0,6500,SEA@LA,LA,SEA,,
,,,,,,,,,,16345-25079:Stefon Diggs,16345-25079,WR,Stefon,Diggs,13.69999981,1,6500,GB@MIN,MIN,GB,,
,,,,,,,,,,16345-22103:Marvin Jones Jr.,16345-22103,WR,Marvin,Jones Jr.,10.5,1,6500,TEN@DET,DET,TEN,,
,,,,,,,,,,16345-14317:Julius Thomas,16345-14317,TE,Julius,Thomas,14.89999962,1,6400,JAC@SD,JAC,SD,,
,,,,,,,,,,16345-28434:Trevor Siemian,16345-28434,QB,Trevor,Siemian,11.11999989,1,6400,IND@DEN,DEN,IND,,
,,,,,,,,,,16345-9421:Danny Woodhead,16345-9421,RB,Danny,Woodhead,20.5,1,6400,JAC@SD,SD,JAC,,
,,,,,,,,,,16345-6844:Shaun Hill,16345-6844,QB,Shaun,Hill,10.23999977,1,6400,GB@MIN,MIN,GB,,
,,,,,,,,,,16345-6735:Steve Smith Sr.,16345-6735,WR,Steve,Smith Sr.,4.400000095,1,6400,BAL@CLE,BAL,CLE,,
,,,,,,,,,,16345-33076:Travis Kelce,16345-33076,TE,Travis,Kelce,10.39999962,1,6300,KC@HOU,KC,HOU,,
,,,,,,,,,,16345-29500:Markus Wheaton,16345-29500,WR,Markus,Wheaton,8.056249619,16,6300,CIN@PIT,PIT,CIN,Q,Shoulder
,,,,,,,,,,16345-26458:Tavon Austin,16345-26458,WR,Tavon,Austin,3.5,1,6300,SEA@LA,LA,SEA,,
,,,,,,,,,,16345-11425:Ryan Mathews,16345-11425,RB,Ryan,Mathews,13.69999981,1,6300,PHI@CHI,PHI,CHI,,
,,,,,,,,,,16345-8052:Rashad Jennings,16345-8052,RB,Rashad,Jennings,8.300000191,1,6300,NO@NYG,NYG,NO,,
,,,,,,,,,,16345-27050:Tyler Lockett,16345-27050,WR,Tyler,Lockett,3.200000048,1,6300,SEA@LA,SEA,LA,,
,,,,,,,,,,16345-22004:Dwayne Allen,16345-22004,TE,Dwayne,Allen,15.30000019,1,6200,IND@DEN,IND,DEN,,
,,,,,,,,,,16345-14194:Blaine Gabbert,16345-14194,QB,Blaine,Gabbert,14,1,6200,SF@CAR,SF,CAR,,
,,,,,,,,,,16345-27477:Sterling Shepard,16345-27477,WR,Sterling,Shepard,11.80000019,1,6200,NO@NYG,NYG,NO,,
,,,,,,,,,,16345-30244:Matt Jones,16345-30244,RB,Matt,Jones,3.799999952,1,6200,DAL@WAS,WAS,DAL,,
,,,,,,,,,,16345-9392:Michael Crabtree,16345-9392,WR,Michael,Crabtree,14.19999981,1,6200,ATL@OAK,OAK,ATL,,
,,,,,,,,,,16345-42028:Will Fuller,16345-42028,WR,Will,Fuller,19.20000076,1,6200,KC@HOU,HOU,KC,,
,,,,,,,,,,16345-6774:Pierre Garcon,16345-6774,WR,Pierre,Garcon,8.100000381,1,6200,DAL@WAS,WAS,DAL,,
,,,,,,,,,,16345-6607:Mike Wallace,16345-6607,WR,Mike,Wallace,17.70000076,1,6100,BAL@CLE,BAL,CLE,,
,,,,,,,,,,16345-28473:Carlos Hyde,16345-28473,RB,Carlos,Hyde,22.29999924,1,6100,SF@CAR,SF,CAR,,
,,,,,,,,,,16345-27776:Tevin Coleman,16345-27776,RB,Tevin,Coleman,14.19999981,1,6100,ATL@OAK,ATL,OAK,,
,,,,,,,,,,16345-22035:Travis Benjamin,16345-22035,WR,Travis,Benjamin,6.699999809,1,6100,JAC@SD,SD,JAC,,
,,,,,,,,,,16345-21959:Brandon Weeden,16345-21959,QB,Brandon,Weeden,11.40333303,6,6000,KC@HOU,HOU,KC,,
,,,,,,,,,,16345-14267:Ryan Mallett,16345-14267,QB,Ryan,Mallett,10.99142892,7,6000,BAL@CLE,BAL,CLE,,
,,,,,,,,,,16345-6422:Gary Barnidge,16345-6422,TE,Gary,Barnidge,0,1,6000,BAL@CLE,CLE,BAL,,
,,,,,,,,,,16345-31732:Corey Coleman,16345-31732,WR,Corey,Coleman,7.900000095,1,6000,BAL@CLE,CLE,BAL,,
,,,,,,,,,,16345-11779:LeGarrette Blount,16345-11779,RB,LeGarrette,Blount,11,1,6000,MIA@NE,NE,MIA,,
,,,,,,,,,,16345-25410:Mike Glennon,16345-25410,QB,Mike,Glennon,0,0,6000,TB@ARI,TB,ARI,,
,,,,,,,,,,16345-31421:Zach Mettenberger,16345-31421,QB,Zach,Mettenberger,7.028571538,7,6000,CIN@PIT,PIT,CIN,,
,,,,,,,,,,16345-33557:Tyler Eifert,16345-33557,TE,Tyler,Eifert,12.73076923,13,6000,CIN@PIT,CIN,PIT,O,Ankle
,,,,,,,,,,16345-11495:Brandon LaFell,16345-11495,WR,Brandon,LaFell,11.10000038,1,6000,CIN@PIT,CIN,PIT,,
,,,,,,,,,,16345-6803:Josh McCown,16345-6803,QB,Josh,McCown,17.02000046,8,6000,BAL@CLE,CLE,BAL,,
,,,,,,,,,,16345-7872:Brian Hoyer,16345-7872,QB,Brian,Hoyer,15.78545449,11,6000,PHI@CHI,CHI,PHI,,
,,,,,,,,,,16345-47523:Tajae Sharpe,16345-47523,WR,Tajae,Sharpe,11.10000038,1,6000,TEN@DET,TEN,DET,,
,,,,,,,,,,16345-6679:Matt Schaub,16345-6679,QB,Matt,Schaub,15.30000019,2,6000,ATL@OAK,ATL,OAK,,
,,,,,,,,,,16345-6687:Mark Sanchez,16345-6687,QB,Mark,Sanchez,12.28000005,3,6000,DAL@WAS,DAL,WAS,,
,,,,,,,,,,16345-7778:Matt Cassel,16345-7778,QB,Matt,Cassel,9.229999542,8,6000,TEN@DET,TEN,DET,,
,,,,,,,,,,16345-22027:Nick Foles,16345-22027,QB,Nick,Foles,9.64363653,11,6000,KC@HOU,KC,HOU,,
,,,,,,,,,,16345-29780:Zach Ertz,16345-29780,TE,Zach,Ertz,8.800000191,1,6000,PHI@CHI,PHI,CHI,O,Ribs
,,,,,,,,,,16345-6641:Jason Witten,16345-6641,TE,Jason,Witten,11.10000038,1,5900,DAL@WAS,DAL,WAS,,
,,,,,,,,,,16345-32418:Christine Michael,16345-32418,RB,Christine,Michael,8.100000381,1,5900,SEA@LA,SEA,LA,,
,,,,,,,,,,16345-31047:AJ McCarron,16345-31047,QB,AJ,McCarron,8.17999976,7,5900,CIN@PIT,CIN,PIT,,
,,,,,,,,,,16345-7965:Antonio Gates,16345-7965,TE,Antonio,Gates,3.5,1,5900,JAC@SD,SD,JAC,,
,,,,,,,,,,16345-33465:Theo Riddick,16345-33465,RB,Theo,Riddick,25.29999924,1,5900,TEN@DET,DET,TEN,,
,,,,,,,,,,16345-11864:Chris Ivory,16345-11864,RB,Chris,Ivory,12.51333313,15,5800,JAC@SD,JAC,SD,O,Illness
,,,,,,,,,,16345-33260:DeVante Parker,16345-33260,WR,DeVante,Parker,10.05000019,8,5800,MIA@NE,MIA,NE,Q,Hamstring
,,,,,,,,,,16345-54687:Charcandrick West,16345-54687,RB,Charcandrick,West,5.300000191,1,5800,KC@HOU,KC,HOU,,
,,,,,,,,,,16345-54684:Isaiah Crowell,16345-54684,RB,Isaiah,Crowell,14.80000019,1,5800,BAL@CLE,CLE,BAL,,
,,,,,,,,,,16345-14905:Kamar Aiken,16345-14905,WR,Kamar,Aiken,2.400000095,1,5800,BAL@CLE,BAL,CLE,,
,,,,,,,,,,16345-38514:Kevin White,16345-38514,WR,Kevin,White,4.900000095,1,5800,PHI@CHI,CHI,PHI,,
,,,,,,,,,,16345-6627:Ted Ginn Jr.,16345-6627,WR,Ted,Ginn Jr.,3,1,5700,SF@CAR,CAR,SF,,
,,,,,,,,,,16345-11999:Victor Cruz,16345-11999,WR,Victor,Cruz,11.39999962,1,5700,NO@NYG,NYG,NO,,
,,,,,,,,,,16345-15212:Terrelle Pryor Sr.,16345-15212,WR,Terrelle,Pryor Sr.,8.300000191,1,5700,BAL@CLE,CLE,BAL,,
,,,,,,,,,,16345-6479:Anquan Boldin,16345-6479,WR,Anquan,Boldin,5,1,5700,TEN@DET,DET,TEN,,
,,,,,,,,,,16345-45889:Davante Adams,16345-45889,WR,Davante,Adams,12.5,1,5700,GB@MIN,GB,MIN,,
,,,,,,,,,,16345-6840:Frank Gore,16345-6840,RB,Frank,Gore,9.800000191,1,5700,IND@DEN,IND,DEN,,
,,,,,,,,,,16345-28080:Devin Funchess,16345-28080,WR,Devin,Funchess,1.399999976,1,5700,SF@CAR,CAR,SF,,
,,,,,,,,,,16345-6566:Chris Johnson,16345-6566,RB,Chris,Johnson,0.200000003,1,5600,TB@ARI,ARI,TB,,
,,,,,,,,,,16345-21971:Coby Fleener,16345-21971,TE,Coby,Fleener,1.100000024,1,5600,NO@NYG,NO,NYG,,
,,,,,,,,,,16345-29683:Nelson Agholor,16345-29683,WR,Nelson,Agholor,13.69999981,1,5600,PHI@CHI,PHI,CHI,,
,,,,,,,,,,16345-28930:James White,16345-28930,RB,James,White,6.900000095,1,5600,MIA@NE,NE,MIA,,
,,,,,,,,,,16345-31871:Charles Sims,16345-31871,RB,Charles,Sims,11.60000038,1,5600,TB@ARI,TB,ARI,,
,,,,,,,,,,16345-25290:Giovani Bernard,16345-25290,RB,Giovani,Bernard,4,1,5500,CIN@PIT,CIN,PIT,,
,,,,,,,,,,16345-25272:Eric Ebron,16345-25272,TE,Eric,Ebron,13.10000038,1,5500,TEN@DET,DET,TEN,,
,,,,,,,,,,16345-22848:Austin Davis,16345-22848,QB,Austin,Davis,7.393333435,3,5500,IND@DEN,DEN,IND,,
,,,,,,,,,,16345-6448:Martellus Bennett,16345-6448,TE,Martellus,Bennett,2.900000095,1,5500,MIA@NE,NE,MIA,,
,,,,,,,,,,16345-33244:Eli Rogers,16345-33244,WR,Eli,Rogers,14.89999962,1,5500,CIN@PIT,PIT,CIN,,
,,,,,,,,,,16345-27405:Landry Jones,16345-27405,QB,Landry,Jones,3.717142923,7,5500,CIN@PIT,PIT,CIN,,
,,,,,,,,,,16345-25813:Phillip Dorsett,16345-25813,WR,Phillip,Dorsett,11.39999962,1,5500,IND@DEN,IND,DEN,,
,,,,,,,,,,16345-11512:Jimmy Graham,16345-11512,TE,Jimmy,Graham,1.600000024,1,5500,SEA@LA,SEA,LA,,
,,,,,,,,,,16345-8117:Danny Amendola,16345-8117,WR,Danny,Amendola,6.300000191,1,5500,MIA@NE,NE,MIA,,
,,,,,,,,,,16345-11500:Colt McCoy,16345-11500,QB,Colt,McCoy,8.819999695,1,5500,DAL@WAS,WAS,DAL,,
,,,,,,,,,,16345-14645:Dontrelle Inman,16345-14645,WR,Dontrelle,Inman,1.100000024,1,5500,JAC@SD,SD,JAC,,
,,,,,,,,,,16345-6808:Matt Moore,16345-6808,QB,Matt,Moore,0.360000014,1,5500,MIA@NE,MIA,NE,,
,,,,,,,,,,16345-7844:Chad Henne,16345-7844,QB,Chad,Henne,0,0,5500,JAC@SD,JAC,SD,,
,,,,,,,,,,16345-33463:Paxton Lynch,16345-33463,QB,Paxton,Lynch,0,0,5500,IND@DEN,DEN,IND,,
,,,,,,,,,,16345-28677:Matt McGloin,16345-28677,QB,Matt,McGloin,5.340000153,2,5500,ATL@OAK,OAK,ATL,,
,,,,,,,,,,16345-14288:Torrey Smith,16345-14288,WR,Torrey,Smith,2.299999952,1,5400,SF@CAR,SF,CAR,,
,,,,,,,,,,16345-54607:Terrance West,16345-54607,RB,Terrance,West,4.800000191,1,5400,BAL@CLE,BAL,CLE,,
,,,,,,,,,,16345-40669:Tyler Boyd,16345-40669,WR,Tyler,Boyd,3.400000095,1,5400,CIN@PIT,CIN,PIT,,
,,,,,,,,,,16345-25837:Duke Johnson Jr.,16345-25837,RB,Duke,Johnson Jr.,6.5,1,5400,BAL@CLE,CLE,BAL,,
,,,,,,,,,,16345-7953:Vincent Jackson,16345-7953,WR,Vincent,Jackson,2.799999952,1,5400,TB@ARI,TB,ARI,,
,,,,,,,,,,16345-62535:Tyrell Williams,16345-62535,WR,Tyrell,Williams,8.100000381,1,5400,JAC@SD,SD,JAC,,
,,,,,,,,,,16345-7972:Darren Sproles,16345-7972,RB,Darren,Sproles,4.599999905,1,5400,PHI@CHI,PHI,CHI,,
,,,,,,,,,,16345-42142:Jordan Howard,16345-42142,RB,Jordan,Howard,0,0,5400,PHI@CHI,CHI,PHI,,
,,,,,,,,,,16345-41806:Laquon Treadwell,16345-41806,WR,Laquon,Treadwell,0,0,5300,GB@MIN,MIN,GB,,
,,,,,,,,,,16345-54741:Seth Roberts,16345-54741,WR,Seth,Roberts,8.899999619,1,5300,ATL@OAK,OAK,ATL,,
,,,,,,,,,,16345-31241:Sammie Coates,16345-31241,WR,Sammie,Coates,6.599999905,1,5300,CIN@PIT,PIT,CIN,,
,,,,,,,,,,16345-7222:James Jones,16345-7222,WR,James,Jones,10.375,16,5300,JAC@SD,SD,JAC,,
,,,,,,,,,,16345-39280:Derrick Henry,16345-39280,RB,Derrick,Henry,5.400000095,1,5300,TEN@DET,TEN,DET,,
,,,,,,,,,,16345-12553:Carolina Panthers,16345-12553,D,Carolina,Panthers,8,1,5300,SF@CAR,CAR,SF,,
,,,,,,,,,,16345-33766:Rob Kelley,16345-33766,RB,Rob,Kelley,0,0,5300,DAL@WAS,WAS,DAL,,
,,,,,,,,,,16345-22219:Jermaine Kearse,16345-22219,WR,Jermaine,Kearse,8.199999809,1,5300,SEA@LA,SEA,LA,,
,,,,,,,,,,16345-22258:Travaris Cadet,16345-22258,RB,Travaris,Cadet,9,1,5300,NO@NYG,NO,NYG,,
,,,,,,,,,,16345-22163:Rishard Matthews,16345-22163,WR,Rishard,Matthews,4.099999905,1,5300,TEN@DET,TEN,DET,,
,,,,,,,,,,16345-22113:Alfred Morris,16345-22113,RB,Alfred,Morris,3.5,1,5300,DAL@WAS,DAL,WAS,,
,,,,,,,,,,16345-11609:James Starks,16345-11609,RB,James,Starks,1.799999952,1,5300,GB@MIN,GB,MIN,,
,,,,,,,,,,16345-6768:Eddie Royal,16345-6768,WR,Eddie,Royal,13.69999981,1,5300,PHI@CHI,CHI,PHI,,
,,,,,,,,,,16345-6535:Kenny Britt,16345-6535,WR,Kenny,Britt,8.699999809,1,5200,SEA@LA,LA,SEA,,
,,,,,,,,,,16345-34295:Breshad Perriman,16345-34295,WR,Breshad,Perriman,4,1,5200,BAL@CLE,BAL,CLE,Q,Calf
,,,,,,,,,,16345-28486:Corey Brown,16345-28486,WR,Corey,Brown,1.600000024,1,5200,SF@CAR,CAR,SF,,
,,,,,,,,,,16345-39580:Devontae Booker,16345-39580,RB,Devontae,Booker,-1.200000048,1,5200,IND@DEN,DEN,IND,,
,,,,,,,,,,16345-12550:Seattle Seahawks,16345-12550,D,Seattle,Seahawks,11,1,5200,SEA@LA,SEA,LA,,
,,,,,,,,,,16345-8050:Zach Miller,16345-8050,TE,Zach,Miller,2.900000095,1,5200,PHI@CHI,CHI,PHI,,
,,,,,,,,,,16345-16923:Austin Seferian-Jenkins,16345-16923,TE,Austin,Seferian-Jenkins,9.5,1,5200,TB@ARI,TB,ARI,,
,,,,,,,,,,16345-7900:Stephen Gostkowski,16345-7900,K,Stephen,Gostkowski,14,1,5200,MIA@NE,NE,MIA,,
,,,,,,,,,,16345-39859:Jack Doyle,16345-39859,TE,Jack,Doyle,17,1,5200,IND@DEN,IND,DEN,,
,,,,,,,,,,16345-24891:Chris Thompson,16345-24891,RB,Chris,Thompson,10.89999962,1,5200,DAL@WAS,WAS,DAL,,
,,,,,,,,,,16345-21957:Kendall Wright,16345-21957,WR,Kendall,Wright,7.85,10,5100,TEN@DET,TEN,DET,O,Hamstring
,,,,,,,,,,16345-14245:Shane Vereen,16345-14245,RB,Shane,Vereen,7.599999905,1,5100,NO@NYG,NYG,NO,,
,,,,,,,,,,16345-24755:Jamison Crowder,16345-24755,WR,Jamison,Crowder,8.800000191,1,5100,DAL@WAS,WAS,DAL,,
,,,,,,,,,,16345-21123:Larry Donnell,16345-21123,TE,Larry,Donnell,8,1,5100,NO@NYG,NYG,NO,,
,,,,,,,,,,16345-7761:Jared Cook,16345-7761,TE,Jared,Cook,1.200000048,1,5100,GB@MIN,GB,MIN,,
,,,,,,,,,,16345-6664:Jacob Tamme,16345-6664,TE,Jacob,Tamme,8.100000381,1,5100,ATL@OAK,ATL,OAK,,
,,,,,,,,,,16345-22820:Matt Simms,16345-22820,QB,Matt,Simms,0,0,5000,ATL@OAK,ATL,OAK,,
,,,,,,,,,,16345-30610:Dylan Thompson,16345-30610,QB,Dylan,Thompson,0,0,5000,SEA@LA,LA,SEA,,
,,,,,,,,,,16345-8803:Chase Daniel,16345-8803,QB,Chase,Daniel,-0.02,2,5000,PHI@CHI,PHI,CHI,,
,,,,,,,,,,16345-32514:Trevone Boykin,16345-32514,QB,Trevone,Boykin,0,0,5000,SEA@LA,SEA,LA,,
,,,,,,,,,,16345-70446:Joe Callahan,16345-70446,QB,Joe,Callahan,0,0,5000,GB@MIN,GB,MIN,,
,,,,,,,,,,16345-29684:Max Wittek,16345-29684,QB,Max,Wittek,0,0,5000,JAC@SD,JAC,SD,,
,,,,,,,,,,16345-28163:Connor Cook,16345-28163,QB,Connor,Cook,0,0,5000,ATL@OAK,OAK,ATL,,
,,,,,,,,,,16345-70464:Josh Woodrum,16345-70464,QB,Josh,Woodrum,0,0,5000,IND@DEN,IND,DEN,,
,,,,,,,,,,16345-29587:Cody Kessler,16345-29587,QB,Cody,Kessler,0,0,5000,BAL@CLE,CLE,BAL,,
,,,,,,,,,,16345-47772:Brandon Doughty,16345-47772,QB,Brandon,Doughty,0,0,5000,MIA@NE,MIA,NE,,
,,,,,,,,,,16345-43956:David Fales,16345-43956,QB,David,Fales,0,0,5000,BAL@CLE,BAL,CLE,,
,,,,,,,,,,16345-26355:Logan Thomas,16345-26355,QB,Logan,Thomas,0,0,5000,NO@NYG,NYG,NO,,
,,,,,,,,,,16345-25217:Marquise Williams,16345-25217,QB,Marquise,Williams,0,0,5000,GB@MIN,GB,MIN,,
,,,,,,,,,,16345-29605:Matt Barkley,16345-29605,QB,Matt,Barkley,0,0,5000,PHI@CHI,CHI,PHI,,
,,,,,,,,,,16345-14237:Kyle Rudolph,16345-14237,TE,Kyle,Rudolph,8.5,1,5000,GB@MIN,MIN,GB,,
,,,,,,,,,,16345-45797:Garrett Grayson,16345-45797,QB,Garrett,Grayson,0,1,5000,NO@NYG,NO,NYG,,
,,,,,,,,,,16345-26141:Ryan Nassib,16345-26141,QB,Ryan,Nassib,6.71999979,1,5000,NO@NYG,NYG,NO,,
,,,,,,,,,,16345-29445:Sean Mannion,16345-29445,QB,Sean,Mannion,1.24000001,1,5000,SEA@LA,LA,SEA,,
,,,,,,,,,,16345-53331:Taylor Heinicke,16345-53331,QB,Taylor,Heinicke,0,0,5000,GB@MIN,MIN,GB,O,Ankle
,,,,,,,,,,16345-54705:Dustin Vaughan,16345-54705,QB,Dustin,Vaughan,0,0,5000,CIN@PIT,PIT,CIN,,
,,,,,,,,,,16345-6373:Derek Anderson,16345-6373,QB,Derek,Anderson,0.413333337,3,5000,SF@CAR,CAR,SF,,
,,,,,,,,,,16345-32366:Jameill Showers,16345-32366,QB,Jameill,Showers,0,0,5000,DAL@WAS,DAL,WAS,,
,,,,,,,,,,16345-30231:Jacoby Brissett,16345-30231,QB,Jacoby,Brissett,0,0,5000,MIA@NE,NE,MIA,,
,,,,,,,,,,16345-54608:Jerick McKinnon,16345-54608,RB,Jerick,McKinnon,1.399999976,1,5000,GB@MIN,MIN,GB,,
,,,,,,,,,,16345-30253:Jeff Driskel,16345-30253,QB,Jeff,Driskel,0,0,5000,CIN@PIT,CIN,PIT,,
,,,,,,,,,,16345-28573:Michael Thomas,16345-28573,WR,Michael,Thomas,8.800000191,1,5000,NO@NYG,NO,NYG,,
,,,,,,,,,,16345-29171:Mike Bercovici,16345-29171,QB,Mike,Bercovici,0,0,5000,JAC@SD,SD,JAC,,
,,,,,,,,,,16345-8071:Dan Orlovsky,16345-8071,QB,Dan,Orlovsky,5.519999981,2,5000,TEN@DET,DET,TEN,,
,,,,,,,,,,16345-25812:Stephen Morris,16345-25812,QB,Stephen,Morris,0,0,5000,IND@DEN,IND,DEN,,
,,,,,,,,,,16345-44500:Keith Wenning,16345-44500,QB,Keith,Wenning,0,0,5000,CIN@PIT,CIN,PIT,,
,,,,,,,,,,16345-48344:Albert Wilson,16345-48344,WR,Albert,Wilson,1.600000024,1,5000,KC@HOU,KC,HOU,,
,,,,,,,,,,16345-14696:Scott Tolzien,16345-14696,QB,Scott,Tolzien,-0.07,2,5000,IND@DEN,IND,DEN,,
,,,,,,,,,,16345-27801:Nate Sudfeld,16345-27801,QB,Nate,Sudfeld,0,0,5000,DAL@WAS,WAS,DAL,,
,,,,,,,,,,16345-33702:Ryan Griffin,16345-33702,QB,Ryan,Griffin,0,0,5000,TB@ARI,TB,ARI,,
,,,,,,,,,,16345-8023:Josh Johnson,16345-8023,QB,Josh,Johnson,0,0,5000,NO@NYG,NYG,NO,,
,,,,,,,,,,16345-26877:Jake Heaps,16345-26877,QB,Jake,Heaps,0,0,5000,SEA@LA,SEA,LA,,
,,,,,,,,,,16345-31170:Brandon Allen,16345-31170,QB,Brandon,Allen,0,0,5000,JAC@SD,JAC,SD,,
,,,,,,,,,,16345-8051:Luke McCown,16345-8051,QB,Luke,McCown,6.199999809,2,5000,NO@NYG,NO,NYG,,
,,,,,,,,,,16345-70127:Griffin Neal,16345-70127,QB,Griffin,Neal,0,0,5000,NO@NYG,NO,NYG,,
,,,,,,,,,,16345-22288:Cole Beasley,16345-22288,WR,Cole,Beasley,10.5,1,5000,DAL@WAS,DAL,WAS,,
,,,,,,,,,,16345-14570:Jerrod Johnson,16345-14570,QB,Jerrod,Johnson,0,0,5000,DAL@WAS,DAL,WAS,,
,,,,,,,,,,16345-30788:Tyler Bray,16345-30788,QB,Tyler,Bray,0,0,5000,KC@HOU,KC,HOU,,
,,,,,,,,,,16345-7919:Kellen Clemens,16345-7919,QB,Kellen,Clemens,3.210000038,2,5000,JAC@SD,SD,JAC,,
,,,,,,,,,,16345-27982:Jake Rudock,16345-27982,QB,Jake,Rudock,0,0,5000,TEN@DET,DET,TEN,,
,,,,,,,,,,16345-28856:Joel Stave,16345-28856,QB,Joel,Stave,0,0,5000,GB@MIN,MIN,GB,,
,,,,,,,,,,16345-29915:Brett Hundley,16345-29915,QB,Brett,Hundley,0,0,5000,GB@MIN,GB,MIN,,
,,,,,,,,,,16345-7744:Drew Stanton,16345-7744,QB,Drew,Stanton,0.143333336,6,5000,TB@ARI,ARI,TB,,
,,,,,,,,,,16345-29715:Kevin Hogan,16345-29715,QB,Kevin,Hogan,0,0,5000,BAL@CLE,CLE,BAL,,
,,,,,,,,,,16345-11599:Dan LeFevour,16345-11599,QB,Dan,LeFevour,0,0,5000,TB@ARI,TB,ARI,,
,,,,,,,,,,16345-24862:Rashad Greene,16345-24862,WR,Rashad,Greene,1.399999976,1,5000,JAC@SD,JAC,SD,,
,,,,,,,,,,16345-11615:Joe Webb,16345-11615,QB,Joe,Webb,-0.02,5,5000,SF@CAR,CAR,SF,,
,,,,,,,,,,16345-25969:Tom Savage,16345-25969,QB,Tom,Savage,0,0,5000,KC@HOU,HOU,KC,,
,,,,,,,,,,16345-34459:B.J. Daniels,16345-34459,QB,B.J.,Daniels,0.920000017,4,5000,PHI@CHI,CHI,PHI,,
,,,,,,,,,,16345-22898:Brandon Bolden,16345-22898,RB,Brandon,Bolden,0.400000006,1,4900,MIA@NE,NE,MIA,,
,,,,,,,,,,16345-14292:Jordan Cameron,16345-14292,TE,Jordan,Cameron,1.600000024,1,4900,MIA@NE,MIA,NE,Q,Thigh
,,,,,,,,,,16345-14307:Cecil Shorts III,16345-14307,WR,Cecil,Shorts III,8.085454767,11,4900,TB@ARI,TB,ARI,,
,,,,,,,,,,16345-38269:Cameron Artis-Payne,16345-38269,RB,Cameron,Artis-Payne,5.433333079,6,4900,SF@CAR,CAR,SF,,
,,,,,,,,,,16345-27457:Kenny Stills,16345-27457,WR,Kenny,Stills,2.099999905,1,4900,MIA@NE,MIA,NE,,
,,,,,,,,,,16345-39373:Jaelen Strong,16345-39373,WR,Jaelen,Strong,4.109999847,10,4900,KC@HOU,HOU,KC,,
,,,,,,,,,,16345-29351:De'Anthony Thomas,16345-29351,WR,De'Anthony,Thomas,3.590000153,10,4900,KC@HOU,KC,HOU,,
,,,,,,,,,,16345-31406:Alfred Blue,16345-31406,RB,Alfred,Blue,0.400000006,1,4900,KC@HOU,HOU,KC,,
,,,,,,,,,,16345-33578:Jalen Richard,16345-33578,RB,Jalen,Richard,16.5,1,4900,ATL@OAK,OAK,ATL,,
,,,,,,,,,,16345-30989:Kenyan Drake,16345-30989,RB,Kenyan,Drake,0,0,4900,MIA@NE,MIA,NE,,
,,,,,,,,,,16345-39649:Benny Cunningham,16345-39649,RB,Benny,Cunningham,1.299999952,1,4900,SEA@LA,LA,SEA,,
,,,,,,,,,,16345-12556:Houston Texans,16345-12556,D,Houston,Texans,8,1,4900,KC@HOU,HOU,KC,,
,,,,,,,,,,16345-24569:Chandler Catanzaro,16345-24569,K,Chandler,Catanzaro,3,1,4900,TB@ARI,ARI,TB,,
,,,,,,,,,,16345-6828:Tim Hightower,16345-6828,RB,Tim,Hightower,1.5,1,4900,NO@NYG,NO,NYG,,
,,,,,,,,,,16345-10744:Graham Gano,16345-10744,K,Graham,Gano,9,1,4900,SF@CAR,CAR,SF,,
,,,,,,,,,,16345-31836:Terrance Williams,16345-31836,WR,Terrance,Williams,4.900000095,1,4900,DAL@WAS,DAL,WAS,,
,,,,,,,,,,16345-27134:Dorial Green-Beckham,16345-27134,WR,Dorial,Green-Beckham,2.400000095,1,4900,PHI@CHI,PHI,CHI,,
,,,,,,,,,,16345-24847:Will Tye,16345-24847,TE,Will,Tye,3.099999905,1,4900,NO@NYG,NYG,NO,,
,,,,,,,,,,16345-10531:Jordan Norwood,16345-10531,WR,Jordan,Norwood,0,1,4900,IND@DEN,DEN,IND,,
,,,,,,,,,,16345-22054:Jarius Wright,16345-22054,WR,Jarius,Wright,4.139999898,15,4900,GB@MIN,MIN,GB,,
,,,,,,,,,,16345-47828:Antonio Andrews,16345-47828,RB,Antonio,Andrews,7.252857208,14,4800,TEN@DET,TEN,DET,,
,,,,,,,,,,16345-34154:J.J. Nelson,16345-34154,WR,J.J.,Nelson,1.600000024,1,4800,TB@ARI,ARI,TB,Q,Shoulder
,,,,,,,,,,16345-32564:Josh Doctson,16345-32564,WR,Josh,Doctson,1.399999976,1,4800,DAL@WAS,WAS,DAL,Q,Achilles
,,,,,,,,,,16345-33137:Justin Hardy,16345-33137,WR,Justin,Hardy,0.5,1,4800,ATL@OAK,ATL,OAK,,
,,,,,,,,,,16345-37245:Fozzy Whittaker,16345-37245,RB,Fozzy,Whittaker,2.200000048,1,4800,SF@CAR,CAR,SF,,
,,,,,,,,,,16345-15006:Shaun Draughn,16345-15006,RB,Shaun,Draughn,8.600000381,1,4800,SF@CAR,SF,CAR,,
,,,,,,,,,,16345-26610:Paul Richardson,16345-26610,WR,Paul,Richardson,1.600000024,1,4800,SEA@LA,SEA,LA,,
,,,,,,,,,,16345-31261:Tre Mason,16345-31261,RB,Tre,Mason,3.269230769,13,4800,SEA@LA,LA,SEA,O,Personal
,,,,,,,,,,16345-29357:Kenjon Barner,16345-29357,RB,Kenjon,Barner,4.199999809,1,4800,PHI@CHI,PHI,CHI,,
,,,,,,,,,,16345-54623:Jeff Janis,16345-54623,WR,Jeff,Janis,0.988888847,9,4800,GB@MIN,GB,MIN,,
,,,,,,,,,,16345-30108:Marquess Wilson,16345-30108,WR,Marquess,Wilson,6.036363775,11,4800,PHI@CHI,CHI,PHI,NA,Foot
,,,,,,,,,,16345-14761:Andre Holmes,16345-14761,WR,Andre,Holmes,0,1,4800,ATL@OAK,OAK,ATL,,
,,,,,,,,,,16345-14757:Matt Asiata,16345-14757,RB,Matt,Asiata,1.299999952,1,4800,GB@MIN,MIN,GB,,
,,,,,,,,,,16345-12545:Philadelphia Eagles,16345-12545,D,Philadelphia,Eagles,11,1,4800,PHI@CHI,PHI,CHI,,
,,,,,,,,,,16345-12546:Arizona Cardinals,16345-12546,D,Arizona,Cardinals,6,1,4800,TB@ARI,ARI,TB,,
,,,,,,,,,,16345-33714:Cairo Santos,16345-33714,K,Cairo,Santos,10,1,4800,KC@HOU,KC,HOU,,
,,,,,,,,,,16345-39427:Quinton Patton,16345-39427,WR,Quinton,Patton,8.5,1,4800,SF@CAR,SF,CAR,,
,,,,,,,,,,16345-10354:Marcel Reece,16345-10354,RB,Marcel,Reece,4.233333333,15,4800,ATL@OAK,OAK,ATL,O,Suspension
,,,,,,,,,,16345-29003:Ka'Deem Carey,16345-29003,RB,Ka'Deem,Carey,0.400000006,1,4800,PHI@CHI,CHI,PHI,,
,,,,,,,,,,16345-22292:Lance Dunbar,16345-22292,RB,Lance,Dunbar,2.099999905,1,4800,DAL@WAS,DAL,WAS,,
,,,,,,,,,,16345-14643:DuJuan Harris,16345-14643,RB,DuJuan,Harris,7.775000095,4,4800,SF@CAR,SF,CAR,,
,,,,,,,,,,16345-23045:Justin Tucker,16345-23045,K,Justin,Tucker,9,1,4800,BAL@CLE,BAL,CLE,,
,,,,,,,,,,16345-26038:Tyler Kroft,16345-26038,TE,Tyler,Kroft,4.066666603,6,4800,CIN@PIT,CIN,PIT,,
,,,,,,,,,,16345-10647:Matt Bryant,16345-10647,K,Matt,Bryant,10,1,4800,ATL@OAK,ATL,OAK,,
,,,,,,,,,,16345-11532:Dennis Pitta,16345-11532,TE,Dennis,Pitta,5.400000095,1,4800,BAL@CLE,BAL,CLE,,
,,,,,,,,,,16345-6660:Donald Brown,16345-6660,RB,Donald,Brown,6.950000127,6,4800,MIA@NE,NE,MIA,,
,,,,,,,,,,16345-22100:Randy Bullock,16345-22100,K,Randy,Bullock,2,1,4800,NO@NYG,NYG,NO,,
,,,,,,,,,,16345-28088:Denard Robinson,16345-28088,RB,Denard,Robinson,0.699999988,1,4800,JAC@SD,JAC,SD,,
,,,,,,,,,,16345-6742:Brent Celek,16345-6742,TE,Brent,Celek,1.600000024,1,4800,PHI@CHI,PHI,CHI,,
,,,,,,,,,,16345-14369:Jordan Todman,16345-14369,RB,Jordan,Todman,0.550000012,4,4800,IND@DEN,IND,DEN,,
,,,,,,,,,,16345-6724:Steven Hauschka,16345-6724,K,Steven,Hauschka,6,1,4800,SEA@LA,SEA,LA,,
,,,,,,,,,,16345-33472:C.J. Prosise,16345-33472,RB,C.J.,Prosise,1.600000024,1,4800,SEA@LA,SEA,LA,Q,Wrist
,,,,,,,,,,16345-29645:Javorius Allen,16345-29645,RB,Javorius,Allen,7.699999809,16,4700,BAL@CLE,BAL,CLE,,
,,,,,,,,,,16345-26247:Brandon McManus,16345-26247,K,Brandon,McManus,3,1,4700,IND@DEN,DEN,IND,,
,,,,,,,,,,16345-32613:DeAndre Washington,16345-32613,RB,DeAndre,Washington,2.900000095,1,4700,ATL@OAK,OAK,ATL,,
,,,,,,,,,,16345-28346:Maxx Williams,16345-28346,TE,Maxx,Williams,4.066666603,12,4700,BAL@CLE,BAL,CLE,,
,,,,,,,,,,16345-45723:Crockett Gillmore,16345-45723,TE,Crockett,Gillmore,1,1,4700,BAL@CLE,BAL,CLE,,
,,,,,,,,,,16345-54782:Cameron Brate,16345-54782,TE,Cameron,Brate,4.5,1,4700,TB@ARI,TB,ARI,,
,,,,,,,,,,16345-31308:Quan Bray,16345-31308,WR,Quan,Bray,0,1,4700,IND@DEN,IND,DEN,,
,,,,,,,,,,16345-12903:Andrew Hawkins,16345-12903,WR,Andrew,Hawkins,-0.100000001,1,4700,BAL@CLE,CLE,BAL,,
,,,,,,,,,,16345-46882:Jay Ajayi,16345-46882,RB,Jay,Ajayi,4.35555564,9,4700,MIA@NE,MIA,NE,,
,,,,,,,,,,16345-29314:Richard Rodgers,16345-29314,TE,Richard,Rodgers,2.700000048,1,4700,GB@MIN,GB,MIN,,
,,,,,,,,,,16345-29340:Josh Huff,16345-29340,WR,Josh,Huff,0,1,4700,PHI@CHI,PHI,CHI,,
,,,,,,,,,,16345-14952:Dan Bailey,16345-14952,K,Dan,Bailey,17,1,4700,DAL@WAS,DAL,WAS,,
,,,,,,,,,,16345-30261:Caleb Sturgis,16345-30261,K,Caleb,Sturgis,9,1,4700,PHI@CHI,PHI,CHI,,
,,,,,,,,,,16345-25775:Clive Walford,16345-25775,TE,Clive,Walford,4,1,4700,ATL@OAK,OAK,ATL,,
,,,,,,,,,,16345-32000:Luke Willson,16345-32000,TE,Luke,Willson,3.599999905,1,4700,SEA@LA,SEA,LA,,
,,,,,,,,,,16345-39445:Brice Butler,16345-39445,WR,Brice,Butler,2.099999905,1,4700,DAL@WAS,DAL,WAS,,
,,,,,,,,,,16345-14704:Chris Hogan,16345-14704,WR,Chris,Hogan,13.5,1,4700,MIA@NE,NE,MIA,Q,Shoulder
,,,,,,,,,,16345-24671:Adam Humphries,16345-24671,WR,Adam,Humphries,5.599999905,1,4700,TB@ARI,TB,ARI,,
,,,,,,,,,,16345-24682:Andre Ellington,16345-24682,RB,Andre,Ellington,1.799999952,1,4700,TB@ARI,ARI,TB,,
,,,,,,,,,,16345-24589:Jaron Brown,16345-24589,WR,Jaron,Brown,2.299999952,1,4700,TB@ARI,ARI,TB,,
,,,,,,,,,,16345-25694:Andre Williams,16345-25694,RB,Andre,Williams,2.181250095,16,4700,JAC@SD,SD,JAC,,
,,,,,,,,,,16345-7975:Mike Tolbert,16345-7975,RB,Mike,Tolbert,1.200000048,1,4700,SF@CAR,CAR,SF,,
,,,,,,,,,,16345-28933:Jared Abbrederis,16345-28933,WR,Jared,Abbrederis,1.299999952,1,4700,GB@MIN,GB,MIN,,
,,,,,,,,,,16345-40932:Pharoh Cooper,16345-40932,WR,Pharoh,Cooper,0,0,4700,SEA@LA,LA,SEA,D,Shoulder
,,,,,,,,,,16345-6870:Vernon Davis,16345-6870,TE,Vernon,Davis,2.5,1,4700,DAL@WAS,WAS,DAL,,
,,,,,,,,,,16345-6904:Devin Hester,16345-6904,WR,Devin,Hester,0,1,4700,BAL@CLE,BAL,CLE,,
,,,,,,,,,,16345-6897:Mason Crosby,16345-6897,K,Mason,Crosby,9,1,4700,GB@MIN,GB,MIN,,
,,,,,,,,,,16345-22110:Blair Walsh,16345-22110,K,Blair,Walsh,16,1,4700,GB@MIN,MIN,GB,,
,,,,,,,,,,16345-12536:Kansas City Chiefs,16345-12536,D,Kansas City,Chiefs,1,1,4700,KC@HOU,KC,HOU,,
,,,,,,,,,,16345-6668:Adam Vinatieri,16345-6668,K,Adam,Vinatieri,12,1,4700,IND@DEN,IND,DEN,,
,,,,,,,,,,16345-12531:Denver Broncos,16345-12531,D,Denver,Broncos,6,1,4700,IND@DEN,DEN,IND,,
,,,,,,,,,,16345-29723:Stepfan Taylor,16345-29723,RB,Stepfan,Taylor,1.116666635,6,4700,TB@ARI,ARI,TB,Q,Knee
,,,,,,,,,,16345-22034:Chris Givens,16345-22034,WR,Chris,Givens,3.792857034,14,4700,PHI@CHI,PHI,CHI,,
,,,,,,,,,,16345-14336:Jacquizz Rodgers,16345-14336,RB,Jacquizz,Rodgers,1.119999981,5,4700,TB@ARI,TB,ARI,,
,,,,,,,,,,16345-14349:Jeremy Kerley,16345-14349,WR,Jeremy,Kerley,9.600000381,1,4700,SF@CAR,SF,CAR,,
,,,,,,,,,,16345-6636:Mike Nugent,16345-6636,K,Mike,Nugent,12,1,4600,CIN@PIT,CIN,PIT,,
,,,,,,,,,,16345-34073:Ryan Griffin,16345-34073,TE,Ryan,Griffin,2.700000048,1,4600,KC@HOU,HOU,KC,,
,,,,,,,,,,16345-22958:Bobby Rainey,16345-22958,RB,Bobby,Rainey,0.19333334,15,4600,NO@NYG,NYG,NO,,
,,,,,,,,,,16345-14268:Stevan Ridley,16345-14268,RB,Stevan,Ridley,1.350000024,8,4600,IND@DEN,IND,DEN,,
,,,,,,,,,,16345-34288:Rannell Hall,16345-34288,WR,Rannell,Hall,0,1,4600,BAL@CLE,CLE,BAL,IR,Leg
,,,,,,,,,,16345-14240:Lance Kendricks,16345-14240,TE,Lance,Kendricks,2.5,1,4600,SEA@LA,LA,SEA,,
,,,,,,,,,,16345-6427:Connor Barth,16345-6427,K,Connor,Barth,2,1,4600,PHI@CHI,CHI,PHI,,
,,,,,,,,,,16345-14305:Roy Helu Jr.,16345-14305,RB,Roy,Helu Jr.,2.737499952,8,4600,ATL@OAK,OAK,ATL,,
,,,,,,,,,,16345-30403:Chris Conley,16345-30403,WR,Chris,Conley,6.300000191,1,4600,KC@HOU,KC,HOU,,
,,,,,,,,,,16345-27441:Damien Williams,16345-27441,RB,Damien,Williams,4.300000191,1,4600,MIA@NE,MIA,NE,,
,,,,,,,,,,16345-54694:Justin Perillo,16345-54694,TE,Justin,Perillo,3.616666794,6,4600,GB@MIN,GB,MIN,,
,,,,,,,,,,16345-28487:Jeff Heuerman,16345-28487,TE,Jeff,Heuerman,0,0,4600,IND@DEN,DEN,IND,,
,,,,,,,,,,16345-12090:Nick Novak,16345-12090,K,Nick,Novak,11,1,4600,KC@HOU,HOU,KC,,
,,,,,,,,,,16345-38301:Darren Fells,16345-38301,TE,Darren,Fells,5.418181679,11,4600,TB@ARI,ARI,TB,,
,,,,,,,,,,16345-32483:Josh Boyce,16345-32483,WR,Josh,Boyce,0,0,4600,BAL@CLE,CLE,BAL,,
,,,,,,,,,,16345-32045:Vance McDonald,16345-32045,TE,Vance,McDonald,8.399999619,1,4600,SF@CAR,SF,CAR,,
,,,,,,,,,,16345-11419:C.J. Spiller,16345-11419,RB,C.J.,Spiller,4.930769113,13,4600,NO@NYG,NO,NYG,,
,,,,,,,,,,16345-32058:Chris Boswell,16345-32058,K,Chris,Boswell,9,1,4600,CIN@PIT,PIT,CIN,,
,,,,,,,,,,16345-62616:Zach Zenner,16345-62616,RB,Zach,Zenner,2.025000095,4,4600,TEN@DET,DET,TEN,,
,,,,,,,,,,16345-29084:Rashad Ross,16345-29084,WR,Rashad,Ross,2.646153964,13,4600,DAL@WAS,WAS,DAL,,
,,,,,,,,,,16345-12547:Pittsburgh Steelers,16345-12547,D,Pittsburgh,Steelers,5,1,4600,CIN@PIT,PIT,CIN,,
,,,,,,,,,,16345-22447:Griff Whalen,16345-22447,WR,Griff,Whalen,3.555555556,9,4600,MIA@NE,MIA,NE,,
,,,,,,,,,,16345-39455:Kerwynn Williams,16345-39455,RB,Kerwynn,Williams,3.46666654,6,4600,TB@ARI,ARI,TB,,
,,,,,,,,,,16345-33703:Ryan Grant,16345-33703,WR,Ryan,Grant,0,1,4600,DAL@WAS,WAS,DAL,,
,,,,,,,,,,16345-30807:Mychal Rivera,16345-30807,TE,Mychal,Rivera,3.571428571,14,4600,ATL@OAK,OAK,ATL,,
,,,,,,,,,,16345-7831:Sebastian Janikowski,16345-7831,K,Sebastian,Janikowski,8,1,4600,ATL@OAK,OAK,ATL,,
,,,,,,,,,,16345-30775:Justin Hunter,16345-30775,WR,Justin,Hunter,4.822222392,9,4600,MIA@NE,MIA,NE,,
,,,,,,,,,,16345-40843:Alex Collins,16345-40843,RB,Alex,Collins,0,0,4600,SEA@LA,SEA,LA,,
,,,,,,,,,,16345-28815:Akeem Hunt,16345-28815,RB,Akeem,Hunt,2.357142857,7,4600,KC@HOU,HOU,KC,,
,,,,,,,,,,16345-28030:Fitzgerald Toussaint,16345-28030,RB,Fitzgerald,Toussaint,0.600000024,1,4600,CIN@PIT,PIT,CIN,,
,,,,,,,,,,16345-30733:Cordarrelle Patterson,16345-30733,WR,Cordarrelle,Patterson,1.899999976,1,4600,GB@MIN,MIN,GB,,
,,,,,,,,,,16345-6672:Marcedes Lewis,16345-6672,TE,Marcedes,Lewis,5.800000191,1,4600,JAC@SD,JAC,SD,,
,,,,,,,,,,16345-7801:Brandon Myers,16345-7801,TE,Brandon,Myers,6.900000095,1,4600,TB@ARI,TB,ARI,,
,,,,,,,,,,16345-6702:Phil Dawson,16345-6702,K,Phil,Dawson,4,1,4600,SF@CAR,SF,CAR,,
,,,,,,,,,,16345-14394:Virgil Green,16345-14394,TE,Virgil,Green,4.800000191,1,4600,IND@DEN,DEN,IND,,
,,,,,,,,,,16345-29821:Jordan Payton,16345-29821,WR,Jordan,Payton,0,0,4600,BAL@CLE,CLE,BAL,,
,,,,,,,,,,16345-14355:Niles Paul,16345-14355,TE,Niles,Paul,0,0,4600,DAL@WAS,WAS,DAL,,
,,,,,,,,,,16345-22048:Robert Turbin,16345-22048,RB,Robert,Turbin,2.900000095,1,4600,IND@DEN,IND,DEN,,
,,,,,,,,,,16345-6782:Matt Prater,16345-6782,K,Matt,Prater,8,1,4600,TEN@DET,DET,TEN,,
,,,,,,,,,,16345-28144:Dion Sims,16345-28144,TE,Dion,Sims,2.14166673,12,4600,MIA@NE,MIA,NE,,
,,,,,,,,,,16345-28157:Bennie Fowler,16345-28157,WR,Bennie,Fowler,2.176923018,13,4600,IND@DEN,DEN,IND,O,Elbow
,,,,,,,,,,16345-29655:Soma Vainuku,16345-29655,RB,Soma,Vainuku,0,0,4500,KC@HOU,HOU,KC,,
,,,,,,,,,,16345-22010:DeVier Posey,16345-22010,WR,DeVier,Posey,0,0,4500,IND@DEN,DEN,IND,,
,,,,,,,,,,16345-6567:David Johnson,16345-6567,TE,David,Johnson,-0.174999997,4,4500,CIN@PIT,PIT,CIN,,
,,,,,,,,,,16345-70423:Anthony Norris,16345-70423,TE,Anthony,Norris,0,0,4500,IND@DEN,DEN,IND,,
,,,,,,,,,,16345-21984:Isaiah Pead,16345-21984,RB,Isaiah,Pead,-1.700000048,1,4500,MIA@NE,MIA,NE,,
,,,,,,,,,,16345-30598:Busta Anderson,16345-30598,TE,Busta,Anderson,0,0,4500,SF@CAR,SF,CAR,,
,,,,,,,,,,16345-47861:Mitchell Henry,16345-47861,TE,Mitchell,Henry,0,2,4500,GB@MIN,GB,MIN,,
,,,,,,,,,,16345-21972:Brian Quick,16345-21972,WR,Brian,Quick,3.799999952,1,4500,SEA@LA,LA,SEA,,
,,,,,,,,,,16345-70444:Paul McRoberts,16345-70444,WR,Paul,McRoberts,0,0,4500,SEA@LA,LA,SEA,,
,,,,,,,,,,16345-30654:Jerell Adams,16345-30654,TE,Jerell,Adams,0,0,4500,NO@NYG,NYG,NO,,
,,,,,,,,,,16345-47870:Tyler Higbee,16345-47870,TE,Tyler,Higbee,0.699999988,1,4500,SEA@LA,LA,SEA,,
,,,,,,,,,,16345-64104:Terrell Watson,16345-64104,RB,Terrell,Watson,0,0,4500,BAL@CLE,CLE,BAL,,
,,,,,,,,,,16345-29672:Silas Redd Jr.,16345-29672,RB,Silas,Redd Jr.,0,0,4500,DAL@WAS,WAS,DAL,O,Suspension
,,,,,,,,,,16345-30635:Mike Davis,16345-30635,RB,Mike,Davis,0.100000001,1,4500,SF@CAR,SF,CAR,,
,,,,,,,,,,16345-45683:Kapri Bibbs,16345-45683,RB,Kapri,Bibbs,1.100000024,1,4500,IND@DEN,DEN,IND,,
,,,,,,,,,,16345-70457:Cole Wick,16345-70457,TE,Cole,Wick,1,1,4500,TEN@DET,DET,TEN,Q,Shoulder
,,,,,,,,,,16345-70456:Adam Fuehne,16345-70456,TE,Adam,Fuehne,0,0,4500,TEN@DET,DET,TEN,,
,,,,,,,,,,16345-29593:Marqise Lee,16345-29593,WR,Marqise,Lee,3.200000048,1,4500,JAC@SD,JAC,SD,,
,,,,,,,,,,16345-29592:Xavier Grimble,16345-29592,TE,Xavier,Grimble,0,0,4500,CIN@PIT,PIT,CIN,,
,,,,,,,,,,16345-30678:Damiere Byrd,16345-30678,WR,Damiere,Byrd,0,0,4500,SF@CAR,CAR,SF,,
,,,,,,,,,,16345-40126:Austin Hooper,16345-40126,TE,Austin,Hooper,1.899999976,1,4500,ATL@OAK,ATL,OAK,,
,,,,,,,,,,16345-39153:Ifeanyi Momah,16345-39153,TE,Ifeanyi,Momah,0,0,4500,TB@ARI,ARI,TB,,
,,,,,,,,,,16345-30684:Brandon Wilds,16345-30684,RB,Brandon,Wilds,0,0,4500,ATL@OAK,ATL,OAK,,
,,,,,,,,,,16345-27199:Marcus Murphy,16345-27199,RB,Marcus,Murphy,0,1,4500,NO@NYG,NO,NYG,,
,,,,,,,,,,16345-34051:Deshon Foxx,16345-34051,WR,Deshon,Foxx,0,0,4500,SEA@LA,SEA,LA,,
,,,,,,,,,,16345-70484:Brandon Brown-Dukes,16345-70484,RB,Brandon,Brown-Dukes,0,0,4500,CIN@PIT,PIT,CIN,,
,,,,,,,,,,16345-29583:Randall Telfer,16345-29583,TE,Randall,Telfer,0,0,4500,BAL@CLE,CLE,BAL,,
,,,,,,,,,,16345-70489:Ben Braunecker,16345-70489,TE,Ben,Braunecker,0,0,4500,PHI@CHI,CHI,PHI,,
,,,,,,,,,,16345-43961:Tyler Ervin,16345-43961,RB,Tyler,Ervin,1.299999952,1,4500,KC@HOU,HOU,KC,,
,,,,,,,,,,16345-30667:Justice Cunningham,16345-30667,TE,Justice,Cunningham,0,2,4500,SEA@LA,LA,SEA,,
,,,,,,,,,,16345-22849:Cory Harkey,16345-22849,TE,Cory,Harkey,0.849999984,6,4500,SEA@LA,LA,SEA,,
,,,,,,,,,,16345-25225:Quinshad Davis,16345-25225,WR,Quinshad,Davis,0,0,4500,TEN@DET,DET,TEN,,
,,,,,,,,,,16345-29624:Tre Madden,16345-29624,RB,Tre,Madden,0,0,4500,SEA@LA,SEA,LA,IR,Undisclosed
,,,,,,,,,,16345-70501:C.J. Ham,16345-70501,RB,C.J.,Ham,0,0,4500,GB@MIN,MIN,GB,,
,,,,,,,,,,16345-28249:David Cobb,16345-28249,RB,David,Cobb,2.985714231,7,4500,CIN@PIT,PIT,CIN,,
,,,,,,,,,,16345-31524:Cody Core,16345-31524,WR,Cody,Core,0,0,4500,CIN@PIT,CIN,PIT,,
,,,,,,,,,,16345-28246:Isaac Fruechte,16345-28246,WR,Isaac,Fruechte,0,0,4500,TEN@DET,DET,TEN,,
,,,,,,,,,,16345-70506:Ryan O'Malley,16345-70506,TE,Ryan,O'Malley,0,0,4500,ATL@OAK,OAK,ATL,,
,,,,,,,,,,16345-6595:Matt Spaeth,16345-6595,TE,Matt,Spaeth,0.666666667,3,4500,CIN@PIT,PIT,CIN,,
,,,,,,,,,,16345-6622:Eric Weems,16345-6622,WR,Eric,Weems,0,1,4500,ATL@OAK,ATL,OAK,,
,,,,,,,,,,16345-32632:Bradley Marquez,16345-32632,WR,Bradley,Marquez,1.530000019,10,4500,SEA@LA,LA,SEA,,
,,,,,,,,,,16345-28226:Aaron Burbridge,16345-28226,WR,Aaron,Burbridge,0,0,4500,SF@CAR,SF,CAR,,
,,,,,,,,,,16345-22959:Deonte Thompson,16345-22959,WR,Deonte,Thompson,0,1,4500,PHI@CHI,CHI,PHI,,
,,,,,,,,,,16345-15178:Chase Reynolds,16345-15178,RB,Chase,Reynolds,0,2,4500,SEA@LA,LA,SEA,,
,,,,,,,,,,16345-70553:Kieran Duncan,16345-70553,WR,Kieran,Duncan,0,0,4500,PHI@CHI,CHI,PHI,,
,,,,,,,,,,16345-31703:Malcolm Johnson,16345-31703,RB,Malcolm,Johnson,1.899999976,1,4500,BAL@CLE,CLE,BAL,,
,,,,,,,,,,16345-45791:Rashard Higgins,16345-45791,WR,Rashard,Higgins,0,0,4500,BAL@CLE,CLE,BAL,,
,,,,,,,,,,16345-32674:Jace Amaro,16345-32674,TE,Jace,Amaro,0,0,4500,TEN@DET,TEN,DET,,
,,,,,,,,,,16345-46767:Je'Ron Hamm,16345-46767,TE,Je'Ron,Hamm,0,1,4500,SF@CAR,SF,CAR,,
,,,,,,,,,,16345-28311:MarQueis Gray,16345-28311,TE,MarQueis,Gray,0.699999988,1,4500,MIA@NE,MIA,NE,,
,,,,,,,,,,16345-22920:Derek Carrier,16345-22920,TE,Derek,Carrier,2.600000035,11,4500,DAL@WAS,WAS,DAL,NA,Knee
,,,,,,,,,,16345-14266:Daniel Thomas,16345-14266,RB,Daniel,Thomas,0,0,4500,MIA@NE,MIA,NE,,
,,,,,,,,,,16345-45809:Kivon Cartwright,16345-45809,TE,Kivon,Cartwright,0,0,4500,TB@ARI,TB,ARI,,
,,,,,,,,,,16345-29540:Terron Ward,16345-29540,RB,Terron,Ward,2.729999924,10,4500,ATL@OAK,ATL,OAK,,
,,,,,,,,,,16345-22938:Rod Streater,16345-22938,WR,Rod,Streater,1.299999952,1,4500,SF@CAR,SF,CAR,,
,,,,,,,,,,16345-27338:Rex Burkhead,16345-27338,RB,Rex,Burkhead,1.566666603,12,4500,CIN@PIT,CIN,PIT,,
,,,,,,,,,,16345-45821:Isaiah Burse,16345-45821,WR,Isaiah,Burse,0,0,4500,JAC@SD,SD,JAC,,
,,,,,,,,,,16345-32703:Jakeem Grant,16345-32703,WR,Jakeem,Grant,0,1,4500,MIA@NE,MIA,NE,,
,,,,,,,,,,16345-23023:Cooper Helfet,16345-23023,TE,Cooper,Helfet,2.785714286,7,4500,SEA@LA,SEA,LA,,
,,,,,,,,,,16345-11890:Bryan Walters,16345-11890,WR,Bryan,Walters,5.345454476,11,4500,JAC@SD,JAC,SD,,
,,,,,,,,,,16345-28408:Kyle Prater,16345-28408,WR,Kyle,Prater,0,0,4500,NO@NYG,NO,NYG,IR,Undisclosed
,,,,,,,,,,16345-25135:Marcus Leak,16345-25135,WR,Marcus,Leak,0,0,4500,IND@DEN,IND,DEN,,
,,,,,,,,,,16345-14274:Rob Housler,16345-14274,TE,Rob,Housler,1.060000038,5,4500,PHI@CHI,CHI,PHI,,
,,,,,,,,,,16345-33218:Bryce Williams,16345-33218,TE,Bryce,Williams,0,0,4500,SEA@LA,LA,SEA,,
,,,,,,,,,,16345-14277:Vincent Brown,16345-14277,WR,Vincent,Brown,2.700000048,1,4500,NO@NYG,NO,NYG,,
,,,,,,,,,,16345-43826:Tommylee Lewis,16345-43826,WR,Tommylee,Lewis,0,0,4500,NO@NYG,NO,NYG,,
,,,,,,,,,,16345-22991:Jonathan Grimes,16345-22991,RB,Jonathan,Grimes,5.576923077,13,4500,KC@HOU,HOU,KC,,
,,,,,,,,,,16345-34224:Kennard Backman,16345-34224,TE,Kennard,Backman,0,7,4500,GB@MIN,GB,MIN,,
,,,,,,,,,,16345-54280:Duke Williams,16345-54280,WR,Duke,Williams,0,0,4500,SEA@LA,LA,SEA,,
,,,,,,,,,,16345-23003:Phillip Supernaw,16345-23003,TE,Phillip,Supernaw,1.350000024,2,4500,TEN@DET,TEN,DET,,
,,,,,,,,,,16345-14304:Luke Stocker,16345-14304,TE,Luke,Stocker,2.075000048,8,4500,TB@ARI,TB,ARI,,
,,,,,,,,,,16345-27273:Andy Janovich,16345-27273,RB,Andy,Janovich,8.800000191,1,4500,IND@DEN,DEN,IND,,
,,,,,,,,,,16345-29477:Connor Hamlett,16345-29477,TE,Connor,Hamlett,0,0,4500,BAL@CLE,CLE,BAL,,
,,,,,,,,,,16345-44893:Roosevelt Nix,16345-44893,RB,Roosevelt,Nix,0.866666635,3,4500,CIN@PIT,PIT,CIN,O,Back
,,,,,,,,,,16345-14319:Taiwan Jones,16345-14319,RB,Taiwan,Jones,1.899999976,1,4500,ATL@OAK,OAK,ATL,Q,Concussion
,,,,,,,,,,16345-6488:Dwayne Bowe,16345-6488,WR,Dwayne,Bowe,1.114285742,7,4500,BAL@CLE,CLE,BAL,,
,,,,,,,,,,16345-32287:Cayleb Jones,16345-32287,WR,Cayleb,Jones,0,0,4500,PHI@CHI,PHI,CHI,,
,,,,,,,,,,16345-12872:James Develin,16345-12872,RB,James,Develin,0,0,4500,MIA@NE,NE,MIA,,
,,,,,,,,,,16345-38264:Demarcus Robinson,16345-38264,WR,Demarcus,Robinson,0,0,4500,KC@HOU,KC,HOU,,
,,,,,,,,,,16345-31321:Jay Prosch,16345-31321,RB,Jay,Prosch,0.200000003,1,4500,KC@HOU,HOU,KC,,
,,,,,,,,,,16345-10030:Harry Douglas,16345-10030,WR,Harry,Douglas,3.099999905,1,4500,TEN@DET,TEN,DET,,
,,,,,,,,,,16345-29404:Byron Marshall,16345-29404,RB,Byron,Marshall,0,0,4500,PHI@CHI,PHI,CHI,,
,,,,,,,,,,16345-7394:Brandon Pettigrew,16345-7394,TE,Brandon,Pettigrew,2.314285823,7,4500,TEN@DET,DET,TEN,NA,Knee
,,,,,,,,,,16345-39305:A.J. Derby,16345-39305,TE,A.J.,Derby,0,0,4500,MIA@NE,NE,MIA,,
,,,,,,,,,,16345-54742:Scott Simonson,16345-54742,TE,Scott,Simonson,1.5,1,4500,SF@CAR,CAR,SF,,
,,,,,,,,,,16345-32807:Anthony Denham,16345-32807,TE,Anthony,Denham,0,0,4500,KC@HOU,HOU,KC,,
,,,,,,,,,,16345-32309:M.J. McFarland,16345-32309,TE,M.J.,McFarland,0,0,4500,PHI@CHI,PHI,CHI,,
,,,,,,,,,,16345-25554:Nikita Whitlock,16345-25554,RB,Nikita,Whitlock,0,14,4500,NO@NYG,NYG,NO,O,Suspension
,,,,,,,,,,16345-30385:Marlon Brown,16345-30385,WR,Marlon,Brown,2.022222307,9,4500,IND@DEN,DEN,IND,,
,,,,,,,,,,16345-55577:Hunter Sharp,16345-55577,WR,Hunter,Sharp,0,0,4500,PHI@CHI,PHI,CHI,,
,,,,,,,,,,16345-28525:Braxton Miller,16345-28525,WR,Braxton,Miller,1.100000024,1,4500,KC@HOU,HOU,KC,,
,,,,,,,,,,16345-29327:Bralon Addison,16345-29327,WR,Bralon,Addison,0,0,4500,IND@DEN,DEN,IND,,
,,,,,,,,,,16345-44784:Darius Jackson,16345-44784,RB,Darius,Jackson,0,0,4500,DAL@WAS,DAL,WAS,,
,,,,,,,,,,16345-30412:Tavarres King,16345-30412,WR,Tavarres,King,0,0,4500,NO@NYG,NYG,NO,,
,,,,,,,,,,16345-31263:Ricardo Louis,16345-31263,WR,Ricardo,Louis,0,0,4500,BAL@CLE,CLE,BAL,,
,,,,,,,,,,16345-27439:Durron Neal,16345-27439,WR,Durron,Neal,0,0,4500,IND@DEN,DEN,IND,,
,,,,,,,,,,16345-44791:Bronson Hill,16345-44791,RB,Bronson,Hill,0,0,4500,JAC@SD,JAC,SD,,
,,,,,,,,,,16345-26598:Nelson Spruce,16345-26598,WR,Nelson,Spruce,0,0,4500,SEA@LA,LA,SEA,O,Knee
,,,,,,,,,,16345-25513:Darius Jennings,16345-25513,WR,Darius,Jennings,6.233333588,3,4500,BAL@CLE,CLE,BAL,,
,,,,,,,,,,16345-39411:Gavin Escobar,16345-39411,TE,Gavin,Escobar,2.057142803,7,4500,DAL@WAS,DAL,WAS,,
,,,,,,,,,,16345-30428:Malcolm Mitchell,16345-30428,WR,Malcolm,Mitchell,4.300000191,1,4500,MIA@NE,NE,MIA,,
,,,,,,,,,,16345-27403:Blake Bell,16345-27403,TE,Blake,Bell,2.900000042,9,4500,SF@CAR,SF,CAR,,
,,,,,,,,,,16345-27411:Aaron Ripkowski,16345-27411,RB,Aaron,Ripkowski,1.149999976,2,4500,GB@MIN,GB,MIN,,
,,,,,,,,,,16345-33840:Keyarris Garrett,16345-33840,WR,Keyarris,Garrett,0,0,4500,SF@CAR,CAR,SF,,
,,,,,,,,,,16345-31269:Corey Grant,16345-31269,RB,Corey,Grant,0,1,4500,JAC@SD,JAC,SD,,
,,,,,,,,,,16345-54659:Tony Washington,16345-54659,WR,Tony,Washington,0.800000012,1,4500,JAC@SD,JAC,SD,,
,,,,,,,,,,16345-25463:Canaan Severin,16345-25463,WR,Canaan,Severin,0,0,4500,CIN@PIT,PIT,CIN,IR,Undisclosed
,,,,,,,,,,16345-32410:Trey Williams,16345-32410,RB,Trey,Williams,1.200000048,1,4500,IND@DEN,IND,DEN,,
,,,,,,,,,,16345-26411:Ryan Malleck,16345-26411,TE,Ryan,Malleck,0,0,4500,NO@NYG,NYG,NO,,
,,,,,,,,,,16345-34014:Aaron Dobson,16345-34014,WR,Aaron,Dobson,3.433333397,6,4500,MIA@NE,NE,MIA,,
,,,,,,,,,,16345-31435:Nic Jacobs,16345-31435,TE,Nic,Jacobs,0.366666675,3,4500,JAC@SD,JAC,SD,,
,,,,,,,,,,16345-47953:Lucky Whitehead,16345-47953,WR,Lucky,Whitehead,0,1,4500,DAL@WAS,DAL,WAS,,
,,,,,,,,,,16345-29277:Stephen Anderson,16345-29277,TE,Stephen,Anderson,4,1,4500,KC@HOU,HOU,KC,,
,,,,,,,,,,16345-30228:Tyler Murphy,16345-30228,WR,Tyler,Murphy,2.099999905,1,4500,MIA@NE,MIA,NE,,
,,,,,,,,,,16345-70335:Seth DeValve,16345-70335,TE,Seth,DeValve,0,0,4500,BAL@CLE,CLE,BAL,,
,,,,,,,,,,16345-53532:Roger Lewis,16345-53532,WR,Roger,Lewis,0,0,4500,NO@NYG,NYG,NO,,
,,,,,,,,,,16345-54612:Lorenzo Taliaferro,16345-54612,RB,Lorenzo,Taliaferro,5.366666794,3,4500,BAL@CLE,BAL,CLE,NA,Foot
,,,,,,,,,,16345-55694:Mike Thomas,16345-55694,WR,Mike,Thomas,0,0,4500,SEA@LA,LA,SEA,,
,,,,,,,,,,16345-29290:Bryce Treggs,16345-29290,WR,Bryce,Treggs,0,0,4500,PHI@CHI,PHI,CHI,,
,,,,,,,,,,16345-7244:John Kuhn,16345-7244,RB,John,Kuhn,0.400000006,1,4500,NO@NYG,NO,NYG,,
,,,,,,,,,,16345-28562:Jake Stoneburner,16345-28562,TE,Jake,Stoneburner,6.400000254,3,4500,NO@NYG,NO,NYG,,
,,,,,,,,,,16345-12055:Logan Paulsen,16345-12055,TE,Logan,Paulsen,0,1,4500,PHI@CHI,CHI,PHI,,
,,,,,,,,,,16345-28570:Nick Vannett,16345-28570,TE,Nick,Vannett,0,0,4500,SEA@LA,SEA,LA,O,Ankle
,,,,,,,,,,16345-29304:Daniel Lasco,16345-29304,RB,Daniel,Lasco,0,0,4500,NO@NYG,NO,NYG,,
,,,,,,,,,,16345-32429:Josh Lambo,16345-32429,K,Josh,Lambo,9,1,4500,JAC@SD,SD,JAC,,
,,,,,,,,,,16345-32957:Eric Tomlinson,16345-32957,TE,Eric,Tomlinson,0,0,4500,KC@HOU,HOU,KC,,
,,,,,,,,,,16345-33931:DeAndre Reaves,16345-33931,WR,DeAndre,Reaves,0,0,4500,JAC@SD,SD,JAC,,
,,,,,,,,,,16345-21547:Will Johnson,16345-21547,RB,Will,Johnson,2.260000038,5,4500,NO@NYG,NYG,NO,IR,Shoulder
,,,,,,,,,,16345-72262:Nick Truesdell,16345-72262,TE,Nick,Truesdell,0,0,4500,IND@DEN,IND,DEN,,
,,,,,,,,,,16345-31378:Kadron Boone,16345-31378,WR,Kadron,Boone,0,0,4500,NO@NYG,NYG,NO,,
,,,,,,,,,,16345-22774:Jonas Gray,16345-22774,RB,Jonas,Gray,4.100000109,7,4500,JAC@SD,JAC,SD,,
,,,,,,,,,,16345-22767:Brian Tyms,16345-22767,WR,Brian,Tyms,0,0,4500,IND@DEN,IND,DEN,,
,,,,,,,,,,16345-30297:Trey Burton,16345-30297,TE,Trey,Burton,2.300000032,3,4500,PHI@CHI,PHI,CHI,,
,,,,,,,,,,16345-22754:Garrett Celek,16345-22754,TE,Garrett,Celek,2,1,4500,SF@CAR,SF,CAR,,
,,,,,,,,,,16345-70342:Temarrick Hemingway,16345-70342,TE,Temarrick,Hemingway,0,0,4500,SEA@LA,LA,SEA,,
,,,,,,,,,,16345-31417:James Wright,16345-31417,WR,James,Wright,0.600000024,1,4500,CIN@PIT,CIN,PIT,,
,,,,,,,,,,16345-22746:Kashif Moore,16345-22746,WR,Kashif,Moore,0,0,4500,KC@HOU,KC,HOU,,
,,,,,,,,,,16345-46001:Joey Iosefa,16345-46001,RB,Joey,Iosefa,2.549999952,2,4500,MIA@NE,NE,MIA,,
,,,,,,,,,,16345-30307:Mack Brown,16345-30307,RB,Mack,Brown,0,0,4500,DAL@WAS,WAS,DAL,,
,,,,,,,,,,16345-33978:Devon Johnson,16345-33978,RB,Devon,Johnson,0,0,4500,SF@CAR,CAR,SF,IR,Undisclosed
,,,,,,,,,,16345-29237:Chris Harper,16345-29237,WR,Chris,Harper,-0.299999992,3,4500,SF@CAR,SF,CAR,,
,,,,,,,,,,16345-30326:Keith Marshall,16345-30326,RB,Keith,Marshall,0,0,4500,DAL@WAS,WAS,DAL,IR,Elbow
,,,,,,,,,,16345-25356:Benson Browne,16345-25356,TE,Benson,Browne,0,0,4500,SEA@LA,LA,SEA,,
,,,,,,,,,,16345-70373:Mike Miller,16345-70373,TE,Mike,Miller,0,0,4500,IND@DEN,IND,DEN,,
,,,,,,,,,,16345-61666:Jared Dangerfield,16345-61666,WR,Jared,Dangerfield,0,0,4500,NO@NYG,NO,NYG,,
,,,,,,,,,,16345-31073:Knile Davis,16345-31073,RB,Knile,Davis,1.276923106,13,4500,KC@HOU,KC,HOU,,
,,,,,,,,,,16345-62633:Matt Lengel,16345-62633,TE,Matt,Lengel,0,0,4500,CIN@PIT,CIN,PIT,,
,,,,,,,,,,16345-62634:Tom Obarski,16345-62634,K,Tom,Obarski,0,0,4500,NO@NYG,NYG,NO,,
,,,,,,,,,,16345-27672:Matt LaCosse,16345-27672,TE,Matt,LaCosse,3.700000048,1,4500,NO@NYG,NYG,NO,IR,Knee
,,,,,,,,,,16345-62628:DeAndre Carter,16345-62628,WR,DeAndre,Carter,0,0,4500,MIA@NE,NE,MIA,,
,,,,,,,,,,16345-62631:Gus Johnson,16345-62631,RB,Gus,Johnson,0,0,4500,ATL@OAK,ATL,OAK,,
,,,,,,,,,,16345-25751:Chris Pantale,16345-25751,TE,Chris,Pantale,0,0,4500,PHI@CHI,PHI,CHI,,
,,,,,,,,,,16345-31093:Javontee Herndon,16345-31093,WR,Javontee,Herndon,3.849999905,8,4500,JAC@SD,SD,JAC,IR,Knee
,,,,,,,,,,16345-24797:Juwan Thompson,16345-24797,RB,Juwan,Thompson,1.612499952,8,4500,IND@DEN,DEN,IND,,
,,,,,,,,,,16345-33571:George Atkinson III,16345-33571,RB,George,Atkinson III,0,0,4500,BAL@CLE,CLE,BAL,,
,,,,,,,,,,16345-62600:Joshua Stangby,16345-62600,WR,Joshua,Stangby,0,0,4500,IND@DEN,IND,DEN,,
,,,,,,,,,,16345-39615:Brandon Williams,16345-39615,TE,Brandon,Williams,0,6,4500,SEA@LA,SEA,LA,,
,,,,,,,,,,16345-46088:Jhurell Pressley,16345-46088,RB,Jhurell,Pressley,0,0,4500,GB@MIN,GB,MIN,,
,,,,,,,,,,16345-38509:Wendell Smallwood,16345-38509,RB,Wendell,Smallwood,0.100000001,1,4500,PHI@CHI,PHI,CHI,,
,,,,,,,,,,16345-11454:Dexter McCluster,16345-11454,RB,Dexter,McCluster,6.92727245,11,4500,TEN@DET,TEN,DET,,
,,,,,,,,,,16345-62623:John Crockett,16345-62623,RB,John,Crockett,1.049999952,2,4500,GB@MIN,GB,MIN,IR,Shoulder
,,,,,,,,,,16345-27692:Josh Ferguson,16345-27692,RB,Josh,Ferguson,3.400000095,1,4500,IND@DEN,IND,DEN,,
,,,,,,,,,,16345-62619:Andrew Franks,16345-62619,K,Andrew,Franks,5,1,4500,MIA@NE,MIA,NE,,
,,,,,,,,,,16345-62617:Khari Lee,16345-62617,TE,Khari,Lee,0.300000012,4,4500,TEN@DET,DET,TEN,,
,,,,,,,,,,16345-43504:Don Jackson,16345-43504,RB,Don,Jackson,0,0,4500,GB@MIN,GB,MIN,,
,,,,,,,,,,16345-11431:Jermaine Gresham,16345-11431,TE,Jermaine,Gresham,6.099999905,1,4500,TB@ARI,ARI,TB,,
,,,,,,,,,,16345-38517:Dreamius Smith,16345-38517,RB,Dreamius,Smith,0,2,4500,JAC@SD,SD,JAC,,
,,,,,,,,,,16345-38523:Geoff Swaim,16345-38523,TE,Geoff,Swaim,2.599999905,1,4500,DAL@WAS,DAL,WAS,Q,Ankle
,,,,,,,,,,16345-25789:Rashawn Scott,16345-25789,WR,Rashawn,Scott,0,0,4500,MIA@NE,MIA,NE,,
,,,,,,,,,,16345-31015:DeAndrew White,16345-31015,WR,DeAndrew,White,1.399999976,2,4500,MIA@NE,NE,MIA,,
,,,,,,,,,,16345-48380:Wil Lutz,16345-48380,K,Wil,Lutz,11,1,4500,NO@NYG,NO,NYG,,
,,,,,,,,,,16345-60745:Jason Myers,16345-60745,K,Jason,Myers,13,1,4500,JAC@SD,JAC,SD,,
,,,,,,,,,,16345-43413:Kenneth Dixon,16345-43413,RB,Kenneth,Dixon,0,0,4500,BAL@CLE,BAL,CLE,O,Knee
,,,,,,,,,,16345-24720:Braxton Deaver,16345-24720,TE,Braxton,Deaver,0,0,4500,SF@CAR,CAR,SF,,
,,,,,,,,,,16345-25827:Asante Cleveland,16345-25827,TE,Asante,Cleveland,0.600000024,1,4500,JAC@SD,SD,JAC,,
,,,,,,,,,,16345-27771:Cody Latimer,16345-27771,WR,Cody,Latimer,2.142857143,7,4500,IND@DEN,DEN,IND,,
,,,,,,,,,,16345-11511:Tony Moeaki,16345-11511,TE,Tony,Moeaki,4.433333397,3,4500,PHI@CHI,CHI,PHI,,
,,,,,,,,,,16345-11504:Andre Roberts,16345-11504,WR,Andre,Roberts,1.299999952,1,4500,TEN@DET,DET,TEN,,
,,,,,,,,,,16345-62668:John Peters,16345-62668,TE,John,Peters,0,0,4500,CIN@PIT,CIN,PIT,,
,,,,,,,,,,16345-30990:Jalston Fowler,16345-30990,RB,Jalston,Fowler,2.525000095,8,4500,TEN@DET,TEN,DET,,
,,,,,,,,,,16345-39678:E.J. Bibbs,16345-39678,TE,E.J.,Bibbs,0.600000024,2,4500,BAL@CLE,CLE,BAL,,
,,,,,,,,,,16345-11488:Ed Dickson,16345-11488,TE,Ed,Dickson,2.757142748,14,4500,SF@CAR,CAR,SF,,
,,,,,,,,,,16345-26657:Christian Powell,16345-26657,RB,Christian,Powell,0,0,4500,CIN@PIT,PIT,CIN,,
,,,,,,,,,,16345-32082:Jordan Taylor,16345-32082,WR,Jordan,Taylor,0,0,4500,IND@DEN,DEN,IND,,
,,,,,,,,,,16345-12555:Baltimore Ravens,16345-12555,D,Baltimore,Ravens,6,1,4500,BAL@CLE,BAL,CLE,,
,,,,,,,,,,16345-30012:Kevin Smith,16345-30012,WR,Kevin,Smith,1.933333397,3,4500,SEA@LA,SEA,LA,,
,,,,,,,,,,16345-52130:Patrick Murray,16345-52130,K,Patrick,Murray,4,1,4500,BAL@CLE,CLE,BAL,,
,,,,,,,,,,16345-39449:Charles Johnson,16345-39449,WR,Charles,Johnson,1,1,4500,GB@MIN,MIN,GB,,
,,,,,,,,,,16345-62508:James O'Shaughnessy,16345-62508,TE,James,O'Shaughnessy,2.339999962,5,4500,KC@HOU,KC,HOU,,
,,,,,,,,,,16345-62505:MyCole Pruitt,16345-62505,TE,MyCole,Pruitt,1.389999962,10,4500,GB@MIN,MIN,GB,O,Knee
,,,,,,,,,,16345-31207:C.J. Uzomah,16345-31207,TE,C.J.,Uzomah,6.900000095,1,4500,CIN@PIT,CIN,PIT,,
,,,,,,,,,,16345-62524:Rasheed Bailey,16345-62524,WR,Rasheed,Bailey,0,0,4500,JAC@SD,SD,JAC,,
,,,,,,,,,,16345-29991:Bishop Sankey,16345-29991,RB,Bishop,Sankey,4.183333397,12,4500,MIA@NE,NE,MIA,,
,,,,,,,,,,16345-39428:Kyle Juszczyk,16345-39428,RB,Kyle,Juszczyk,3.299999952,1,4500,BAL@CLE,BAL,CLE,,
,,,,,,,,,,16345-32185:Zach Line,16345-32185,RB,Zach,Line,2.863636364,11,4500,GB@MIN,MIN,GB,,
,,,,,,,,,,16345-22336:Joshua Bellamy,16345-22336,WR,Joshua,Bellamy,4.390000153,10,4500,PHI@CHI,CHI,PHI,,
,,,,,,,,,,16345-24679:Zac Brooks,16345-24679,RB,Zac,Brooks,0,0,4500,SEA@LA,SEA,LA,,
,,,,,,,,,,16345-29974:Jamaal Jones,16345-29974,WR,Jamaal,Jones,0,0,4500,JAC@SD,SD,JAC,,
,,,,,,,,,,16345-33691:Orleans Darkwa,16345-33691,RB,Orleans,Darkwa,2.877777735,9,4500,NO@NYG,NYG,NO,,
,,,,,,,,,,16345-38651:Beau Sandland,16345-38651,TE,Beau,Sandland,0,0,4500,SF@CAR,CAR,SF,,
,,,,,,,,,,16345-18009:Chris Manhertz,16345-18009,TE,Chris,Manhertz,0,0,4500,NO@NYG,NO,NYG,,
,,,,,,,,,,16345-31191:Mekale McKay,16345-31191,WR,Mekale,McKay,0,0,4500,IND@DEN,IND,DEN,,
,,,,,,,,,,16345-14683:Patrick DiMarco,16345-14683,RB,Patrick,DiMarco,1.299999952,1,4500,ATL@OAK,ATL,OAK,,
,,,,,,,,,,16345-39512:Kendall Gaskins,16345-39512,RB,Kendall,Gaskins,3.674999952,4,4500,SF@CAR,SF,CAR,,
,,,,,,,,,,16345-41370:Trevor Davis,16345-41370,WR,Trevor,Davis,0,0,4500,GB@MIN,GB,MIN,Q,Shoulder
,,,,,,,,,,16345-30069:Dominique Williams,16345-30069,WR,Dominique,Williams,0,0,4500,JAC@SD,SD,JAC,,
,,,,,,,,,,16345-34729:Dwayne Washington,16345-34729,RB,Dwayne,Washington,6.099999905,1,4500,TEN@DET,DET,TEN,,
,,,,,,,,,,16345-48224:Wes Saxton,16345-48224,TE,Wes,Saxton,0,1,4500,DAL@WAS,WAS,DAL,,
,,,,,,,,,,16345-39492:Josh Hill,16345-39492,TE,Josh,Hill,2.461538462,13,4500,NO@NYG,NO,NYG,O,Ankle
,,,,,,,,,,16345-62538:Cameron Meredith,16345-62538,WR,Cameron,Meredith,2.5,7,4500,PHI@CHI,CHI,PHI,,
,,,,,,,,,,16345-39539:Brian Leonhardt,16345-39539,TE,Brian,Leonhardt,0.899999976,1,4500,TEN@DET,DET,TEN,,
,,,,,,,,,,16345-62544:Brandon Wegher,16345-62544,RB,Brandon,Wegher,0,1,4500,SF@CAR,CAR,SF,,
,,,,,,,,,,16345-22317:Brenton Bersin,16345-22317,WR,Brenton,Bersin,2.879999924,5,4500,SF@CAR,CAR,SF,,
,,,,,,,,,,16345-33733:Xavier Rush,16345-33733,WR,Xavier,Rush,0,0,4500,PHI@CHI,PHI,CHI,,
,,,,,,,,,,16345-27918:Henry Krieger-Coble,16345-27918,TE,Henry,Krieger-Coble,0,0,4500,IND@DEN,DEN,IND,,
,,,,,,,,,,16345-28907:Alex Erickson,16345-28907,WR,Alex,Erickson,0,1,4500,CIN@PIT,CIN,PIT,,
,,,,,,,,,,16345-25052:Zach Laskey,16345-25052,RB,Zach,Laskey,0,0,4500,SEA@LA,LA,SEA,IR,Undisclosed
,,,,,,,,,,16345-22220:Sean McGrath,16345-22220,TE,Sean,McGrath,0,0,4500,JAC@SD,SD,JAC,,
,,,,,,,,,,16345-27908:C.J. Fiedorowicz,16345-27908,TE,C.J.,Fiedorowicz,1.100000024,1,4500,KC@HOU,HOU,KC,,
,,,,,,,,,,16345-30841:Jonathan Krause,16345-30841,WR,Jonathan,Krause,1.049999952,2,4500,JAC@SD,SD,JAC,,
,,,,,,,,,,16345-10695:Darrel Young,16345-10695,RB,Darrel,Young,0.688888868,9,4500,PHI@CHI,CHI,PHI,,
,,,,,,,,,,16345-29866:Paul Perkins,16345-29866,RB,Paul,Perkins,0,0,4500,NO@NYG,NYG,NO,,
,,,,,,,,,,16345-57556:Jerome Cunningham,16345-57556,TE,Jerome,Cunningham,1.649999936,6,4500,TEN@DET,TEN,DET,,
,,,,,,,,,,16345-23046:Jamize Olawale,16345-23046,RB,Jamize,Olawale,6.199999809,1,4500,ATL@OAK,OAK,ATL,,
,,,,,,,,,,16345-40913:Thomas Duarte,16345-40913,TE,Thomas,Duarte,0,0,4500,MIA@NE,MIA,NE,,
,,,,,,,,,,16345-29830:Shaq Evans,16345-29830,WR,Shaq,Evans,0,0,4500,JAC@SD,JAC,SD,,
,,,,,,,,,,16345-43260:Darion Griswold,16345-43260,TE,Darion,Griswold,0,0,4500,IND@DEN,IND,DEN,,
,,,,,,,,,,16345-26045:Leonte Carroo,16345-26045,WR,Leonte,Carroo,2.400000095,1,4500,MIA@NE,MIA,NE,,
,,,,,,,,,,16345-28890:Derek Watt,16345-28890,RB,Derek,Watt,0,0,4500,JAC@SD,SD,JAC,,
,,,,,,,,,,16345-31748:Levi Norwood,16345-31748,WR,Levi,Norwood,0,0,4500,CIN@PIT,PIT,CIN,,
,,,,,,,,,,16345-7918:Matthew Mulligan,16345-7918,TE,Matthew,Mulligan,0.699999988,1,4500,TEN@DET,DET,TEN,,
,,,,,,,,,,16345-40845:Hunter Henry,16345-40845,TE,Hunter,Henry,2.5,1,4500,JAC@SD,SD,JAC,,
,,,,,,,,,,16345-26076:Sam Bergen,16345-26076,RB,Sam,Bergen,0,0,4500,TEN@DET,TEN,DET,,
,,,,,,,,,,16345-33403:Tevin Jones,16345-33403,WR,Tevin,Jones,0,0,4500,KC@HOU,HOU,KC,,
,,,,,,,,,,16345-40857:Peyton Barber,16345-40857,RB,Peyton,Barber,0,0,4500,TB@ARI,TB,ARI,,
,,,,,,,,,,16345-26057:Michael Burton,16345-26057,RB,Michael,Burton,1.637500048,8,4500,TEN@DET,DET,TEN,,
,,,,,,,,,,16345-45343:Daniel Braverman,16345-45343,WR,Daniel,Braverman,0,0,4500,PHI@CHI,CHI,PHI,,
,,,,,,,,,,16345-7856:Matthew Slater,16345-7856,WR,Matthew,Slater,0,1,4500,MIA@NE,NE,MIA,,
,,,,,,,,,,16345-28807:Gabe Holmes,16345-28807,TE,Gabe,Holmes,0,0,4500,ATL@OAK,OAK,ATL,IR,Ankle
,,,,,,,,,,16345-22188:Daryl Richardson,16345-22188,RB,Daryl,Richardson,0,0,4500,CIN@PIT,PIT,CIN,,
,,,,,,,,,,16345-11766:Jeff Cumberland,16345-11766,TE,Jeff,Cumberland,1.45714283,7,4500,JAC@SD,SD,JAC,IR,Achilles
,,,,,,,,,,16345-26934:Toben Opurum,16345-26934,RB,Toben,Opurum,0,2,4500,IND@DEN,DEN,IND,,
,,,,,,,,,,16345-26094:Brandon Coleman,16345-26094,WR,Brandon,Coleman,4.525000095,16,4500,NO@NYG,NO,NYG,,
,,,,,,,,,,16345-28021:Sione Houma,16345-28021,RB,Sione,Houma,0,0,4500,NO@NYG,NO,NYG,,
,,,,,,,,,,16345-24912:Dustin Hopkins,16345-24912,K,Dustin,Hopkins,11,1,4500,DAL@WAS,WAS,DAL,,
,,,,,,,,,,16345-25886:Devin Street,16345-25886,WR,Devin,Street,1.889999962,10,4500,MIA@NE,NE,MIA,,
,,,,,,,,,,16345-29734:Ty Montgomery,16345-29734,WR,Ty,Montgomery,0,1,4500,GB@MIN,GB,MIN,,
,,,,,,,,,,16345-45562:Paul Lasike,16345-45562,RB,Paul,Lasike,0,0,4500,PHI@CHI,CHI,PHI,,
,,,,,,,,,,16345-6681:Andre Johnson,16345-6681,WR,Andre,Johnson,4.5,1,4500,TEN@DET,TEN,DET,,
,,,,,,,,,,16345-12541:New England Patriots,16345-12541,D,New England,Patriots,3,1,4500,MIA@NE,NE,MIA,,
,,,,,,,,,,16345-22109:Greg Zuerlein,16345-22109,K,Greg,Zuerlein,6.928571429,14,4500,SEA@LA,LA,SEA,,
,,,,,,,,,,16345-12537:Oakland Raiders,16345-12537,D,Oakland,Raiders,2,1,4500,ATL@OAK,OAK,ATL,,
,,,,,,,,,,16345-11538:Garrett Graham,16345-11538,TE,Garrett,Graham,1.571428571,7,4500,IND@DEN,DEN,IND,,
,,,,,,,,,,16345-11543:Clay Harbor,16345-11543,TE,Clay,Harbor,3.737499952,8,4500,MIA@NE,NE,MIA,,
,,,,,,,,,,16345-12530:Dallas Cowboys,16345-12530,D,Dallas,Cowboys,5,1,4500,DAL@WAS,DAL,WAS,,
,,,,,,,,,,16345-22123:James Hanna,16345-22123,TE,James,Hanna,1.549999952,8,4500,DAL@WAS,DAL,WAS,NA,Knee
,,,,,,,,,,16345-19342:Demetrius Harris,16345-19342,TE,Demetrius,Harris,3,1,4500,KC@HOU,KC,HOU,,
,,,,,,,,,,16345-39716:Adam Thielen,16345-39716,WR,Adam,Thielen,7.400000095,1,4500,GB@MIN,MIN,GB,,
,,,,,,,,,,16345-22116:Cyrus Gray,16345-22116,RB,Cyrus,Gray,0,0,4500,ATL@OAK,ATL,OAK,,
,,,,,,,,,,16345-11556:Michael Hoomanawanui,16345-11556,TE,Michael,Hoomanawanui,2.910000038,10,4500,NO@NYG,NO,NYG,IR,Lower leg
,,,,,,,,,,16345-14406:Bruce Miller,16345-14406,RB,Bruce,Miller,2.589999962,10,4500,SF@CAR,SF,CAR,,
,,,,,,,,,,16345-29725:Levine Toilolo,16345-29725,TE,Levine,Toilolo,1.099999958,9,4500,ATL@OAK,ATL,OAK,,
,,,,,,,,,,16345-7784:Darrius Heyward-Bey,16345-7784,WR,Darrius,Heyward-Bey,4.900000139,11,4500,CIN@PIT,PIT,CIN,,
,,,,,,,,,,16345-33424:Mose Frazier,16345-33424,WR,Mose,Frazier,0,0,4500,IND@DEN,DEN,IND,,
,,,,,,,,,,16345-31874:Kenneth Farrow,16345-31874,RB,Kenneth,Farrow,0,0,4500,JAC@SD,SD,JAC,,
,,,,,,,,,,16345-29805:Ryan Hewitt,16345-29805,RB,Ryan,Hewitt,1.544444402,9,4500,CIN@PIT,CIN,PIT,,
,,,,,,,,,,16345-48482:David Morgan,16345-48482,TE,David,Morgan,0,0,4500,GB@MIN,MIN,GB,,
,,,,,,,,,,16345-7706:Chase Coffman,16345-7706,TE,Chase,Coffman,8.550000191,2,4500,IND@DEN,IND,DEN,,
,,,,,,,,,,16345-57348:Glenn Winston,16345-57348,RB,Glenn,Winston,-2.799999952,1,4500,BAL@CLE,CLE,BAL,IR,Shoulder
,,,,,,,,,,16345-45472:Garrett Griffin,16345-45472,TE,Garrett,Griffin,0,0,4500,NO@NYG,NO,NYG,,
,,,,,,,,,,16345-14372:Aldrick Robinson,16345-14372,WR,Aldrick,Robinson,0,0,4500,ATL@OAK,ATL,OAK,,
,,,,,,,,,,16345-28721:Brandon Cottom,16345-28721,RB,Brandon,Cottom,0,0,4500,SEA@LA,SEA,LA,IR,Achilles
,,,,,,,,,,16345-22047:Ladarius Green,16345-22047,TE,Ladarius,Green,6.876923194,13,4500,CIN@PIT,PIT,CIN,NA,Ankle
,,,,,,,,,,16345-33531:Ben Koyack,16345-33531,TE,Ben,Koyack,0,0,4500,JAC@SD,JAC,SD,,
,,,,,,,,,,16345-28735:Daniel Anthrop,16345-28735,WR,Daniel,Anthrop,0,0,4500,IND@DEN,IND,DEN,,
,,,,,,,,,,16345-28126:Paul Lang,16345-28126,TE,Paul,Lang,0,0,4500,CIN@PIT,PIT,CIN,,
,,,,,,,,,,16345-33473:Chris Brown,16345-33473,WR,Chris,Brown,0,0,4500,DAL@WAS,DAL,WAS,,
,,,,,,,,,,16345-28131:Keith Mumphery,16345-28131,WR,Keith,Mumphery,1.421428544,14,4500,KC@HOU,HOU,KC,,
,,,,,,,,,,16345-29768:Patrick Skov,16345-29768,RB,Patrick,Skov,0,0,4500,BAL@CLE,CLE,BAL,,
,,,,,,,,,,16345-14358:Dwayne Harris,16345-14358,WR,Dwayne,Harris,0,1,4500,NO@NYG,NYG,NO,,
,,,,,,,,,,16345-22063:Keshawn Martin,16345-22063,WR,Keshawn,Martin,5.5,9,4500,MIA@NE,NE,MIA,,
,,,,,,,,,,16345-24882:Roberto Aguayo,16345-24882,K,Roberto,Aguayo,8,1,4500,TB@ARI,TB,ARI,,
,,,,,,,,,,16345-6778:Anthony Fasano,16345-6778,TE,Anthony,Fasano,3.850000109,14,4500,TEN@DET,TEN,DET,,
,,,,,,,,,,16345-33488:Troy Niklas,16345-33488,TE,Troy,Niklas,4.324999809,4,4500,TB@ARI,ARI,TB,,
,,,,,,,,,,16345-28694:Jesse James,16345-28694,TE,Jesse,James,5.599999905,1,4500,CIN@PIT,PIT,CIN,,
,,,,,,,,,,16345-7718:Cedric Peerman,16345-7718,RB,Cedric,Peerman,0,4,4500,CIN@PIT,CIN,PIT,IR,Elbow
,,,,,,,,,,16345-22065:Rhett Ellison,16345-22065,TE,Rhett,Ellison,2.172727238,11,4500,GB@MIN,MIN,GB,,
,,,,,,,,,,16345-11635:Marc Mariani,16345-11635,WR,Marc,Mariani,0,1,4500,TEN@DET,TEN,DET,,
,,,,,,,,,,16345-6767:Ryan Succop,16345-6767,K,Ryan,Succop,4,1,4500,TEN@DET,TEN,DET,,
,,,,,,,,,,16345-14348:Lee Smith,16345-14348,TE,Lee,Smith,1.727272727,11,4500,ATL@OAK,OAK,ATL,,
,,,,,,,,,,16345-12552:Washington Redskins,16345-12552,D,Washington,Redskins,-1,1,4400,DAL@WAS,WAS,DAL,,
,,,,,,,,,,16345-12527:Chicago Bears,16345-12527,D,Chicago,Bears,4,1,4400,PHI@CHI,CHI,PHI,,
,,,,,,,,,,16345-12540:Minnesota Vikings,16345-12540,D,Minnesota,Vikings,21,1,4400,GB@MIN,MIN,GB,,
,,,,,,,,,,16345-12533:Green Bay Packers,16345-12533,D,Green Bay,Packers,5,1,4400,GB@MIN,GB,MIN,,
,,,,,,,,,,16345-12532:Detroit Lions,16345-12532,D,Detroit,Lions,0,1,4400,TEN@DET,DET,TEN,,
,,,,,,,,,,16345-12528:Cincinnati Bengals,16345-12528,D,Cincinnati,Bengals,5,1,4400,CIN@PIT,CIN,PIT,,
,,,,,,,,,,16345-12551:Tampa Bay Buccaneers,16345-12551,D,Tampa Bay,Buccaneers,3,1,4300,TB@ARI,TB,ARI,,
,,,,,,,,,,16345-12554:Jacksonville Jaguars,16345-12554,D,Jacksonville,Jaguars,1,1,4300,JAC@SD,JAC,SD,,
,,,,,,,,,,16345-12543:New York Giants,16345-12543,D,New York,Giants,1,1,4300,NO@NYG,NYG,NO,,
,,,,,,,,,,16345-12539:Miami Dolphins,16345-12539,D,Miami,Dolphins,13,1,4300,MIA@NE,MIA,NE,,
,,,,,,,,,,16345-12538:Los Angeles Rams,16345-12538,D,Los Angeles,Rams,1,1,4300,SEA@LA,LA,SEA,,
,,,,,,,,,,16345-12535:Indianapolis Colts,16345-12535,D,Indianapolis,Colts,-3,1,4300,IND@DEN,IND,DEN,,
,,,,,,,,,,16345-12542:New Orleans Saints,16345-12542,D,New Orleans,Saints,-4,1,4200,NO@NYG,NO,NYG,,
,,,,,,,,,,16345-12525:Atlanta Falcons,16345-12525,D,Atlanta,Falcons,1,1,4100,ATL@OAK,ATL,OAK,,
,,,,,,,,,,16345-12534:Tennessee Titans,16345-12534,D,Tennessee,Titans,4,1,4100,TEN@DET,TEN,DET,,
,,,,,,,,,,16345-12529:Cleveland Browns,16345-12529,D,Cleveland,Browns,2,1,4100,BAL@CLE,CLE,BAL,,
,,,,,,,,,,16345-12549:San Francisco 49ers,16345-12549,D,San Francisco,49ers,16,1,4000,SF@CAR,SF,CAR,,
,,,,,,,,,,16345-12548:San Diego Chargers,16345-12548,D,San Diego,Chargers,4,1,4000,JAC@SD,SD,JAC,,
