QB,RB,RB,WR,WR,WR,TE,K,D,,Instructions,,,,,,,,,,,,,,,,,,,,,,1) Create a lineup by inserting any player from this list into their appropriate position columns,,,,,,,,,,,,,,,,,,,,,,2) You can paste either the Player ID + Name OR ID from their respective columns,,,,,,,,,,,,,,,,,,,,,,3) Any information to the right of the last position column will be ignored in the upload,,,,,,,,,,,,,,,,,,,,,,4) Maximum of 250 lineups per upload,,,,,,,,,,,,,,,,,,,,,,,,,,,,,,,,,,,,,,,,,,,,Player ID + Player Name,Id,Position,First Name,Last Name,FPPG,Played,Salary,Game,Team,Opponent,Injury Indicator,Injury Details,,,,,,,,,,16565-11612:Antonio Brown,16565-11612,WR,Antonio,Brown,18.63999939,5,9700,PIT@MIA,PIT,MIA,,,,,,,,,,,,16565-28181:Le'Veon Bell,16565-28181,RB,Le'Veon,Bell,20.10000038,2,9300,PIT@MIA,PIT,MIA,,,,,,,,,,,,16565-6498:Tom Brady,16565-6498,QB,Tom,Brady,29.63999939,1,9000,CIN@NE,NE,CIN,,,,,,,,,,,,16565-14185:Cam Newton,16565-14185,QB,Cam,Newton,21.16500092,4,8900,CAR@NO,CAR,NO,,,,,,,,,,,,16565-14254:DeMarco Murray,16565-14254,RB,DeMarco,Murray,20.66000061,5,8800,CLE@TEN,TEN,CLE,,,,,,,,,,,,16565-6894:Aaron Rodgers,16565-6894,QB,Aaron,Rodgers,21.55999947,4,8800,DAL@GB,GB,DAL,,,,,,,,,,,,16565-6589:Ben Roethlisberger,16565-6589,QB,Ben,Roethlisberger,23.12799988,5,8700,PIT@MIA,PIT,MIA,,,,,,,,,,,,16565-21939:Andrew Luck,16565-21939,QB,Andrew,Luck,20.33200073,5,8600,IND@HOU,IND,HOU,,,,,,,,,,,,16565-28643:Allen Robinson,16565-28643,WR,Allen,Robinson,13.07499981,4,8600,JAC@CHI,JAC,CHI,,,,,,,,,,,,16565-14190:Julio Jones,16565-14190,WR,Julio,Jones,16.33999939,5,8500,ATL@SEA,ATL,SEA,,,,,,,,,,,,16565-6504:Drew Brees,16565-6504,QB,Drew,Brees,21.69000053,4,8500,CAR@NO,NO,CAR,,,,,,,,,,,,16565-22015:Russell Wilson,16565-22015,QB,Russell,Wilson,15.59000015,4,8400,ATL@SEA,SEA,ATL,,,,,,,,,,,,16565-14187:A.J. Green,16565-14187,WR,A.J.,Green,16.36000061,5,8400,CIN@NE,CIN,NE,,,,,,,,,,,,16565-11460:Rob Gronkowski,16565-11460,TE,Rob,Gronkowski,5,3,8400,CIN@NE,NE,CIN,Q,Hamstring,,,,,,,,,,16565-31360:Odell Beckham Jr.,16565-31360,WR,Odell,Beckham Jr.,11.08000031,5,8300,BAL@NYG,NYG,BAL,,,,,,,,,,,,16565-6893:Jordy Nelson,16565-6893,WR,Jordy,Nelson,16.22500038,4,8300,DAL@GB,GB,DAL,,,,,,,,,,,,16565-6779:LeSean McCoy,16565-6779,RB,LeSean,McCoy,17.53999939,5,8200,SF@BUF,BUF,SF,,,,,,,,,,,,16565-16606:DeAndre Hopkins,16565-16606,WR,DeAndre,Hopkins,11.45999985,5,8100,IND@HOU,HOU,IND,,,,,,,,,,,,16565-6914:Greg Olsen,16565-6914,TE,Greg,Olsen,16.41999969,5,8100,CAR@NO,CAR,NO,,,,,,,,,,,,16565-38791:Ezekiel Elliott,16565-38791,RB,Ezekiel,Elliott,19.03999939,5,8100,DAL@GB,DAL,GB,,,,,,,,,,,,16565-6654:Matthew Stafford,16565-6654,QB,Matthew,Stafford,19.82400055,5,8000,LA@DET,DET,LA,,,,,,,,,,,,16565-30447:Todd Gurley,16565-30447,RB,Todd,Gurley,11.94000015,5,7900,LA@DET,LA,DET,,,,,,,,,,,,16565-45859:Derek Carr,16565-45859,QB,Derek,Carr,21.38399963,5,7900,KC@OAK,OAK,KC,,,,,,,,,,,,16565-22031:T.Y. Hilton,16565-22031,WR,T.Y.,Hilton,17.23999939,5,7900,IND@HOU,IND,HOU,Q,Hip,,,,,,,,,,16565-22037:Lamar Miller,16565-22037,RB,Lamar,Miller,10.45999985,5,7900,IND@HOU,HOU,IND,,,,,,,,,,,,16565-34308:Blake Bortles,16565-34308,QB,Blake,Bortles,19.22500038,4,7800,JAC@CHI,JAC,CHI,,,,,,,,,,,,16565-24929:Kelvin Benjamin,16565-24929,WR,Kelvin,Benjamin,13.06000061,5,7800,CAR@NO,CAR,NO,Q,Knee,,,,,,,,,,16565-14377:Tyrod Taylor,16565-14377,QB,Tyrod,Taylor,16.13600006,5,7800,SF@BUF,BUF,SF,,,,,,,,,,,,16565-6826:Eli Manning,16565-6826,QB,Eli,Manning,13.41999969,5,7700,BAL@NYG,NYG,BAL,,,,,,,,,,,,16565-42142:Jordan Howard,16565-42142,RB,Jordan,Howard,13.44999981,4,7700,JAC@CHI,CHI,JAC,,,,,,,,,,,,16565-22103:Marvin Jones Jr.,16565-22103,WR,Marvin,Jones Jr.,16.68000031,5,7700,LA@DET,DET,LA,,,,,,,,,,,,16565-21980:Alshon Jeffery,16565-21980,WR,Alshon,Jeffery,10.08000031,5,7600,JAC@CHI,CHI,JAC,Q,Hamstring,,,,,,,,,,16565-6616:Matt Ryan,16565-6616,QB,Matt,Ryan,24.91999969,5,7600,ATL@SEA,ATL,SEA,,,,,,,,,,,,16565-14225:Andy Dalton,16565-14225,QB,Andy,Dalton,17.14400024,5,7600,CIN@NE,CIN,NE,,,,,,,,,,,,16565-29358:Marcus Mariota,16565-29358,QB,Marcus,Mariota,16.34400024,5,7600,CLE@TEN,TEN,CLE,,,,,,,,,,,,16565-11435:Dez Bryant,16565-11435,WR,Dez,Bryant,8.833333333,3,7600,DAL@GB,DAL,GB,Q,Knee,,,,,,,,,,16565-14626:Doug Baldwin,16565-14626,WR,Doug,Baldwin,14.14999962,4,7600,ATL@SEA,SEA,ATL,,,,,,,,,,,,16565-29501:Brandin Cooks,16565-29501,WR,Brandin,Cooks,12.05000019,4,7500,CAR@NO,NO,CAR,,,,,,,,,,,,16565-70324:Carson Wentz,16565-70324,QB,Carson,Wentz,17.69499969,4,7500,PHI@WAS,PHI,WAS,,,,,,,,,,,,16565-30298:Jordan Reed,16565-30298,TE,Jordan,Reed,12.01999969,5,7500,PHI@WAS,WAS,PHI,O,Concussion,,,,,,,,,,16565-6714:Joe Flacco,16565-6714,QB,Joe,Flacco,15.79600067,5,7500,BAL@NYG,BAL,NYG,,,,,,,,,,,,16565-32418:Christine Michael,16565-32418,RB,Christine,Michael,14.44999981,4,7400,ATL@SEA,SEA,ATL,,,,,,,,,,,,16565-22038:Kirk Cousins,16565-22038,QB,Kirk,Cousins,16.49600067,5,7400,PHI@WAS,WAS,PHI,,,,,,,,,,,,16565-28473:Carlos Hyde,16565-28473,RB,Carlos,Hyde,17.36000061,5,7300,SF@BUF,SF,BUF,,,,,,,,,,,,16565-31716:Dak Prescott,16565-31716,QB,Dak,Prescott,17.53200073,5,7200,DAL@GB,DAL,GB,,,,,,,,,,,,16565-7859:Julian Edelman,16565-7859,WR,Julian,Edelman,7.640000153,5,7200,CIN@NE,NE,CIN,Q,Foot,,,,,,,,,,16565-21948:Ryan Tannehill,16565-21948,QB,Ryan,Tannehill,15.05599976,5,7100,PIT@MIA,MIA,PIT,,,,,,,,,,,,16565-31001:Amari Cooper,16565-31001,WR,Amari,Cooper,13.71999969,5,7100,KC@OAK,OAK,KC,,,,,,,,,,,,16565-24920:Devonta Freeman,16565-24920,RB,Devonta,Freeman,15.53999939,5,7100,ATL@SEA,ATL,SEA,,,,,,,,,,,,16565-6728:Jamaal Charles,16565-6728,RB,Jamaal,Charles,0.699999988,1,7100,KC@OAK,KC,OAK,,,,,,,,,,,,16565-14257:Randall Cobb,16565-14257,WR,Randall,Cobb,8.925000191,4,7000,DAL@GB,GB,DAL,,,,,,,,,,,,16565-15212:Terrelle Pryor Sr.,16565-15212,WR,Terrelle,Pryor Sr.,12.24000015,5,7000,CLE@TEN,CLE,TEN,,,,,,,,,,,,16565-11779:LeGarrette Blount,16565-11779,RB,LeGarrette,Blount,13.76000061,5,7000,CIN@NE,NE,CIN,Q,Hip,,,,,,,,,,16565-44449:Willie Snead,16565-44449,WR,Willie,Snead,14.80000051,3,7000,CAR@NO,NO,CAR,,,,,,,,,,,,16565-9392:Michael Crabtree,16565-9392,WR,Michael,Crabtree,16.4,5,7000,KC@OAK,OAK,KC,,,,,,,,,,,,16565-7872:Brian Hoyer,16565-7872,QB,Brian,Hoyer,16.38999939,4,7000,JAC@CHI,CHI,JAC,,,,,,,,,,,,16565-6898:Jay Cutler,16565-6898,QB,Jay,Cutler,8.06000042,2,7000,JAC@CHI,CHI,JAC,D,Thumb,,,,,,,,,,16565-30968:Eddie Lacy,16565-30968,RB,Eddie,Lacy,8.300000191,4,7000,DAL@GB,GB,DAL,Q,Ankle,,,,,,,,,,16565-21994:Brock Osweiler,16565-21994,QB,Brock,Osweiler,13.22400055,5,6900,IND@HOU,HOU,IND,,,,,,,,,,,,16565-7283:Jeremy Maclin,16565-7283,WR,Jeremy,Maclin,10.07499981,4,6900,KC@OAK,KC,OAK,,,,,,,,,,,,16565-31394:Jarvis Landry,16565-31394,WR,Jarvis,Landry,12.61999969,5,6900,PIT@MIA,MIA,PIT,,,,,,,,,,,,16565-31397:Jeremy Hill,16565-31397,RB,Jeremy,Hill,9.3,5,6900,CIN@NE,CIN,NE,,,,,,,,,,,,16565-11512:Jimmy Graham,16565-11512,TE,Jimmy,Graham,9.649999619,4,6900,ATL@SEA,SEA,ATL,,,,,,,,,,,,16565-42028:Will Fuller,16565-42028,WR,Will,Fuller,12.14000015,5,6900,IND@HOU,HOU,IND,Q,Hamstring,,,,,,,,,,16565-8005:Alex Smith,16565-8005,QB,Alex,Smith,16.12999916,4,6800,KC@OAK,KC,OAK,,,,,,,,,,,,16565-14211:Mark Ingram,16565-14211,RB,Mark,Ingram,14.14999962,4,6700,CAR@NO,NO,CAR,,,,,,,,,,,,16565-27477:Sterling Shepard,16565-27477,WR,Sterling,Shepard,10.14000015,5,6700,BAL@NYG,NYG,BAL,,,,,,,,,,,,16565-31061:T.J. Yeldon,16565-31061,RB,T.J.,Yeldon,10.05000019,4,6700,JAC@CHI,JAC,CHI,,,,,,,,,,,,16565-30837:Jordan Matthews,16565-30837,WR,Jordan,Matthews,12.10000038,4,6700,PHI@WAS,PHI,WAS,,,,,,,,,,,,16565-6803:Josh McCown,16565-6803,QB,Josh,McCown,16.39999962,1,6700,CLE@TEN,CLE,TEN,O,Collarbone,,,,,,,,,,16565-6863:Delanie Walker,16565-6863,TE,Delanie,Walker,10.625,4,6700,CLE@TEN,TEN,CLE,,,,,,,,,,,,16565-6448:Martellus Bennett,16565-6448,TE,Martellus,Bennett,13.3,5,6600,CIN@NE,NE,CIN,Q,Ankle,,,,,,,,,,16565-25813:Phillip Dorsett,16565-25813,WR,Phillip,Dorsett,7.180000305,5,6600,IND@HOU,IND,HOU,,,,,,,,,,,,16565-33465:Theo Riddick,16565-33465,RB,Theo,Riddick,14.61999969,5,6600,LA@DET,DET,LA,O,Ankle,,,,,,,,,,16565-10777:Arian Foster,16565-10777,RB,Arian,Foster,6.199999809,2,6500,PIT@MIA,MIA,PIT,Q,Hamstring,,,,,,,,,,16565-22994:Case Keenum,16565-22994,QB,Case,Keenum,11.16800003,5,6500,LA@DET,LA,DET,,,,,,,,,,,,16565-54684:Isaiah Crowell,16565-54684,RB,Isaiah,Crowell,14.03999939,5,6500,CLE@TEN,CLE,TEN,,,,,,,,,,,,16565-30244:Matt Jones,16565-30244,RB,Matt,Jones,10.21999969,5,6500,PHI@WAS,WAS,PHI,,,,,,,,,,,,16565-54607:Terrance West,16565-54607,RB,Terrance,West,8.8,5,6500,BAL@NYG,BAL,NYG,,,,,,,,,,,,16565-11425:Ryan Mathews,16565-11425,RB,Ryan,Mathews,10.80000019,4,6500,PHI@WAS,PHI,WAS,,,,,,,,,,,,16565-33076:Travis Kelce,16565-33076,TE,Travis,Kelce,11.25,4,6400,KC@OAK,KC,OAK,,,,,,,,,,,,16565-6607:Mike Wallace,16565-6607,WR,Mike,Wallace,11.94000015,5,6400,BAL@NYG,BAL,NYG,Q,Chest,,,,,,,,,,16565-14194:Blaine Gabbert,16565-14194,QB,Blaine,Gabbert,15.53999939,5,6400,SF@BUF,SF,BUF,,,,,,,,,,,,16565-14231:Colin Kaepernick,16565-14231,QB,Colin,Kaepernick,12.79999966,9,6400,SF@BUF,SF,BUF,,,,,,,,,,,,16565-31241:Sammie Coates,16565-31241,WR,Sammie,Coates,12.81999969,5,6400,PIT@MIA,PIT,MIA,Q,Thumb,,,,,,,,,,16565-11485:Golden Tate,16565-11485,WR,Golden,Tate,4.779999924,5,6400,LA@DET,DET,LA,,,,,,,,,,,,16565-6739:DeSean Jackson,16565-6739,WR,DeSean,Jackson,8.559999847,5,6400,PHI@WAS,WAS,PHI,,,,,,,,,,,,16565-29587:Cody Kessler,16565-29587,QB,Cody,Kessler,9.420000076,3,6300,CLE@TEN,CLE,TEN,,,,,,,,,,,,16565-33260:DeVante Parker,16565-33260,WR,DeVante,Parker,9.550000191,4,6300,PIT@MIA,MIA,PIT,,,,,,,,,,,,16565-6840:Frank Gore,16565-6840,RB,Frank,Gore,12.96000061,5,6300,IND@HOU,IND,HOU,,,,,,,,,,,,16565-6733:Jonathan Stewart,16565-6733,RB,Jonathan,Stewart,4.5,2,6300,CAR@NO,CAR,NO,Q,Hamstring,,,,,,,,,,16565-6768:Eddie Royal,16565-6768,WR,Eddie,Royal,11.78000031,5,6300,JAC@CHI,CHI,JAC,Q,Calf,,,,,,,,,,16565-31732:Corey Coleman,16565-31732,WR,Corey,Coleman,16.39999962,2,6200,CLE@TEN,CLE,TEN,O,Hand,,,,,,,,,,16565-25760:Allen Hurns,16565-25760,WR,Allen,Hurns,9.024999619,4,6200,JAC@CHI,JAC,CHI,,,,,,,,,,,,16565-32514:Trevone Boykin,16565-32514,QB,Trevone,Boykin,5.400000095,1,6000,ATL@SEA,SEA,ATL,,,,,,,,,,,,16565-21959:Brandon Weeden,16565-21959,QB,Brandon,Weeden,11.40333303,6,6000,IND@HOU,HOU,IND,,,,,,,,,,,,16565-6639:Tony Romo,16565-6639,QB,Tony,Romo,11.91499996,4,6000,DAL@GB,DAL,GB,O,Back,,,,,,,,,,16565-14267:Ryan Mallett,16565-14267,QB,Ryan,Mallett,10.99142892,7,6000,BAL@NYG,BAL,NYG,,,,,,,,,,,,16565-6479:Anquan Boldin,16565-6479,WR,Anquan,Boldin,8.180000305,5,6000,LA@DET,DET,LA,Q,Ankle,,,,,,,,,,16565-30231:Jacoby Brissett,16565-30231,QB,Jacoby,Brissett,9.433333079,3,6000,CIN@NE,NE,CIN,IR,Thumb,,,,,,,,,,16565-54604:Jimmy Garoppolo,16565-54604,QB,Jimmy,Garoppolo,11.84666697,3,6000,CIN@NE,NE,CIN,Q,Shoulder,,,,,,,,,,16565-33557:Tyler Eifert,16565-33557,TE,Tyler,Eifert,12.73076923,13,6000,CIN@NE,CIN,NE,O,Back,,,,,,,,,,16565-38435:Jared Goff,16565-38435,QB,Jared,Goff,0,0,6000,LA@DET,LA,DET,,,,,,,,,,,,16565-24755:Jamison Crowder,16565-24755,WR,Jamison,Crowder,10.31999969,5,6000,PHI@WAS,WAS,PHI,,,,,,,,,,,,16565-7970:Charlie Whitehurst,16565-7970,QB,Charlie,Whitehurst,10.38000011,1,6000,CLE@TEN,CLE,TEN,,,,,,,,,,,,16565-34331:Latavius Murray,16565-34331,RB,Latavius,Murray,11.625,4,6000,KC@OAK,OAK,KC,O,Toe,,,,,,,,,,16565-6679:Matt Schaub,16565-6679,QB,Matt,Schaub,15.30000019,2,6000,ATL@SEA,ATL,SEA,,,,,,,,,,,,16565-7778:Matt Cassel,16565-7778,QB,Matt,Cassel,-0.100000001,1,6000,CLE@TEN,TEN,CLE,,,,,,,,,,,,16565-22027:Nick Foles,16565-22027,QB,Nick,Foles,9.64363653,11,6000,KC@OAK,KC,OAK,,,,,,,,,,,,16565-6774:Pierre Garcon,16565-6774,WR,Pierre,Garcon,8,5,6000,PHI@WAS,WAS,PHI,,,,,,,,,,,,16565-31561:Donte Moncrief,16565-31561,WR,Donte,Moncrief,8.399999619,2,5900,IND@HOU,IND,HOU,O,Shoulder,,,,,,,,,,16565-6627:Ted Ginn Jr.,16565-6627,WR,Ted,Ginn Jr.,3.440000153,5,5900,CAR@NO,CAR,NO,,,,,,,,,,,,16565-38269:Cameron Artis-Payne,16565-38269,RB,Cameron,Artis-Payne,9.333333333,3,5900,CAR@NO,CAR,NO,,,,,,,,,,,,16565-31047:AJ McCarron,16565-31047,QB,AJ,McCarron,8.17999976,7,5900,CIN@NE,CIN,NE,,,,,,,,,,,,16565-27776:Tevin Coleman,16565-27776,RB,Tevin,Coleman,17.16000061,5,5900,ATL@SEA,ATL,SEA,,,,,,,,,,,,16565-33691:Orleans Darkwa,16565-33691,RB,Orleans,Darkwa,6.324999809,4,5900,BAL@NYG,NYG,BAL,,,,,,,,,,,,16565-22288:Cole Beasley,16565-22288,WR,Cole,Beasley,10.68000031,5,5900,DAL@GB,DAL,GB,,,,,,,,,,,,16565-6732:DeAngelo Williams,16565-6732,RB,DeAngelo,Williams,13.41999969,5,5900,PIT@MIA,PIT,MIA,,,,,,,,,,,,16565-6735:Steve Smith Sr.,16565-6735,WR,Steve,Smith Sr.,10.1,5,5900,BAL@NYG,BAL,NYG,D,Ankle,,,,,,,,,,16565-22004:Dwayne Allen,16565-22004,TE,Dwayne,Allen,8.159999847,5,5800,IND@HOU,IND,HOU,,,,,,,,,,,,16565-6535:Kenny Britt,16565-6535,WR,Kenny,Britt,9.019999695,5,5800,LA@DET,LA,DET,,,,,,,,,,,,16565-46882:Jay Ajayi,16565-46882,RB,Jay,Ajayi,7.275000095,4,5800,PIT@MIA,MIA,PIT,,,,,,,,,,,,16565-8050:Zach Miller,16565-8050,TE,Zach,Miller,10.68000031,5,5800,JAC@CHI,CHI,JAC,Q,Ribs,,,,,,,,,,16565-14349:Jeremy Kerley,16565-14349,WR,Jeremy,Kerley,11.08000031,5,5800,SF@BUF,SF,BUF,,,,,,,,,,,,16565-25290:Giovani Bernard,16565-25290,RB,Giovani,Bernard,9.880000305,5,5700,CIN@NE,CIN,NE,,,,,,,,,,,,16565-14317:Julius Thomas,16565-14317,TE,Julius,Thomas,8.766666412,3,5700,JAC@CHI,JAC,CHI,,,,,,,,,,,,16565-31459:Spencer Ware,16565-31459,RB,Spencer,Ware,13.44999981,4,5700,KC@OAK,KC,OAK,,,,,,,,,,,,16565-26458:Tavon Austin,16565-26458,WR,Tavon,Austin,8.859999847,5,5700,LA@DET,LA,DET,,,,,,,,,,,,16565-8052:Rashad Jennings,16565-8052,RB,Rashad,Jennings,6.650000095,2,5700,BAL@NYG,NYG,BAL,Q,Thumb,,,,,,,,,,16565-28930:James White,16565-28930,RB,James,White,6.459999847,5,5700,CIN@NE,NE,CIN,,,,,,,,,,,,16565-21971:Coby Fleener,16565-21971,TE,Coby,Fleener,7.199999809,4,5600,CAR@NO,NO,CAR,,,,,,,,,,,,16565-25272:Eric Ebron,16565-25272,TE,Eric,Ebron,9,4,5600,LA@DET,DET,LA,O,Knee,,,,,,,,,,16565-6641:Jason Witten,16565-6641,TE,Jason,Witten,7.040000153,5,5600,DAL@GB,DAL,GB,Q,Chest,,,,,,,,,,16565-37245:Fozzy Whittaker,16565-37245,RB,Fozzy,Whittaker,8.5,5,5600,CAR@NO,CAR,NO,,,,,,,,,,,,16565-43413:Kenneth Dixon,16565-43413,RB,Kenneth,Dixon,1,1,5600,BAL@NYG,BAL,NYG,,,,,,,,,,,,16565-39445:Brice Butler,16565-39445,WR,Brice,Butler,3.540000153,5,5600,DAL@GB,DAL,GB,,,,,,,,,,,,16565-14704:Chris Hogan,16565-14704,WR,Chris,Hogan,7.159999847,5,5600,CIN@NE,NE,CIN,,,,,,,,,,,,16565-11712:Joique Bell,16565-11712,RB,Joique,Bell,0.600000024,1,5600,JAC@CHI,CHI,JAC,,,,,,,,,,,,16565-31836:Terrance Williams,16565-31836,WR,Terrance,Williams,8.899999619,4,5600,DAL@GB,DAL,GB,Q,Shoulder,,,,,,,,,,16565-29685:Robert Woods,16565-29685,WR,Robert,Woods,5.920000076,5,5500,SF@BUF,BUF,SF,,,,,,,,,,,,16565-29683:Nelson Agholor,16565-29683,WR,Nelson,Agholor,6.925000191,4,5500,PHI@WAS,PHI,WAS,,,,,,,,,,,,16565-32613:DeAndre Washington,16565-32613,RB,DeAndre,Washington,5.420000076,5,5500,KC@OAK,OAK,KC,,,,,,,,,,,,16565-11999:Victor Cruz,16565-11999,WR,Victor,Cruz,7.3,5,5500,BAL@NYG,NYG,BAL,,,,,,,,,,,,16565-27457:Kenny Stills,16565-27457,WR,Kenny,Stills,7.4,5,5500,PIT@MIA,MIA,PIT,,,,,,,,,,,,16565-27405:Landry Jones,16565-27405,QB,Landry,Jones,-0.100000001,2,5500,PIT@MIA,PIT,MIA,,,,,,,,,,,,16565-38514:Kevin White,16565-38514,WR,Kevin,White,7.275000095,4,5500,JAC@CHI,CHI,JAC,IR,Ankle,,,,,,,,,,16565-11500:Colt McCoy,16565-11500,QB,Colt,McCoy,8.819999695,1,5500,PHI@WAS,WAS,PHI,,,,,,,,,,,,16565-32243:Marquise Goodwin,16565-32243,WR,Marquise,Goodwin,7.324999809,4,5500,SF@BUF,BUF,SF,,,,,,,,,,,,16565-6808:Matt Moore,16565-6808,QB,Matt,Moore,0.360000014,1,5500,PIT@MIA,MIA,PIT,,,,,,,,,,,,16565-7844:Chad Henne,16565-7844,QB,Chad,Henne,0,0,5500,JAC@CHI,JAC,CHI,,,,,,,,,,,,16565-22018:Mohamed Sanu,16565-22018,WR,Mohamed,Sanu,6.7,5,5500,ATL@SEA,ATL,SEA,,,,,,,,,,,,16565-28677:Matt McGloin,16565-28677,QB,Matt,McGloin,5.340000153,2,5500,KC@OAK,OAK,KC,,,,,,,,,,,,16565-11864:Chris Ivory,16565-11864,RB,Chris,Ivory,2.849999905,2,5400,JAC@CHI,JAC,CHI,,,,,,,,,,,,16565-45889:Davante Adams,16565-45889,WR,Davante,Adams,10.22500038,4,5400,DAL@GB,GB,DAL,,,,,,,,,,,,16565-54741:Seth Roberts,16565-54741,WR,Seth,Roberts,6.9,5,5400,KC@OAK,OAK,KC,,,,,,,,,,,,16565-28573:Michael Thomas,16565-28573,WR,Michael,Thomas,11.35000038,4,5400,CAR@NO,NO,CAR,,,,,,,,,,,,16565-62538:Cameron Meredith,16565-62538,WR,Cameron,Meredith,9.433333079,3,5400,JAC@CHI,CHI,JAC,,,,,,,,,,,,16565-22163:Rishard Matthews,16565-22163,WR,Rishard,Matthews,7.040000153,5,5400,CLE@TEN,TEN,CLE,,,,,,,,,,,,16565-11532:Dennis Pitta,16565-11532,TE,Dennis,Pitta,7.980000305,5,5400,BAL@NYG,BAL,NYG,,,,,,,,,,,,16565-28694:Jesse James,16565-28694,TE,Jesse,James,7.959999847,5,5400,PIT@MIA,PIT,MIA,,,,,,,,,,,,16565-29780:Zach Ertz,16565-29780,TE,Zach,Ertz,7,2,5400,PHI@WAS,PHI,WAS,,,,,,,,,,,,16565-29645:Javorius Allen,16565-29645,RB,Javorius,Allen,3.049999952,2,5300,BAL@NYG,BAL,NYG,,,,,,,,,,,,16565-6422:Gary Barnidge,16565-6422,TE,Gary,Barnidge,7.219999695,5,5300,CLE@TEN,CLE,TEN,Q,Forearm,,,,,,,,,,16565-14288:Torrey Smith,16565-14288,WR,Torrey,Smith,4.220000076,5,5300,SF@BUF,SF,BUF,,,,,,,,,,,,16565-39280:Derrick Henry,16565-39280,RB,Derrick,Henry,4.320000076,5,5300,CLE@TEN,TEN,CLE,,,,,,,,,,,,16565-38509:Wendell Smallwood,16565-38509,RB,Wendell,Smallwood,5.200000127,3,5300,PHI@WAS,PHI,WAS,,,,,,,,,,,,16565-62616:Zach Zenner,16565-62616,RB,Zach,Zenner,4.050000191,2,5300,LA@DET,DET,LA,,,,,,,,,,,,16565-11495:Brandon LaFell,16565-11495,WR,Brandon,LaFell,9.980000305,5,5300,CIN@NE,CIN,NE,,,,,,,,,,,,16565-7972:Darren Sproles,16565-7972,RB,Darren,Sproles,10.22500038,4,5300,PHI@WAS,PHI,WAS,,,,,,,,,,,,16565-6681:Andre Johnson,16565-6681,WR,Andre,Johnson,5,5,5300,CLE@TEN,TEN,CLE,,,,,,,,,,,,16565-6664:Jacob Tamme,16565-6664,TE,Jacob,Tamme,7.259999847,5,5300,ATL@SEA,ATL,SEA,,,,,,,,,,,,16565-27050:Tyler Lockett,16565-27050,WR,Tyler,Lockett,4.224999905,4,5300,ATL@SEA,SEA,ATL,,,,,,,,,,,,16565-14362:Charles Clay,16565-14362,TE,Charles,Clay,5.440000153,5,5300,SF@BUF,BUF,SF,Q,Knee,,,,,,,,,,16565-14198:Christian Ponder,16565-14198,QB,Christian,Ponder,0,0,5200,SF@BUF,SF,BUF,,,,,,,,,,,,16565-29500:Markus Wheaton,16565-29500,WR,Markus,Wheaton,5.03333346,3,5200,PIT@MIA,PIT,MIA,O,Shoulder,,,,,,,,,,16565-14905:Kamar Aiken,16565-14905,WR,Kamar,Aiken,1.160000038,5,5200,BAL@NYG,BAL,NYG,,,,,,,,,,,,16565-34729:Dwayne Washington,16565-34729,RB,Dwayne,Washington,3.775000095,4,5200,LA@DET,DET,LA,Q,Ankle,,,,,,,,,,16565-6668:Adam Vinatieri,16565-6668,K,Adam,Vinatieri,13.2,5,5200,IND@HOU,IND,HOU,,,,,,,,,,,,16565-24891:Chris Thompson,16565-24891,RB,Chris,Thompson,7.559999847,5,5200,PHI@WAS,WAS,PHI,,,,,,,,,,,,16565-29314:Richard Rodgers,16565-29314,TE,Richard,Rodgers,3.799999952,4,5100,DAL@GB,GB,DAL,,,,,,,,,,,,16565-33578:Jalen Richard,16565-33578,RB,Jalen,Richard,7.9,5,5100,KC@OAK,OAK,KC,,,,,,,,,,,,16565-25837:Duke Johnson Jr.,16565-25837,RB,Duke,Johnson Jr.,7.3,5,5100,CLE@TEN,CLE,TEN,,,,,,,,,,,,16565-8117:Danny Amendola,16565-8117,WR,Danny,Amendola,5.7,5,5100,CIN@NE,NE,CIN,,,,,,,,,,,,16565-27908:C.J. Fiedorowicz,16565-27908,TE,C.J.,Fiedorowicz,4.520000076,5,5100,IND@HOU,HOU,IND,,,,,,,,,,,,16565-47523:Tajae Sharpe,16565-47523,WR,Tajae,Sharpe,5.579999924,5,5100,CLE@TEN,TEN,CLE,,,,,,,,,,,,16565-8803:Chase Daniel,16565-8803,QB,Chase,Daniel,-0.02,2,5000,PHI@WAS,PHI,WAS,,,,,,,,,,,,16565-70446:Joe Callahan,16565-70446,QB,Joe,Callahan,0,0,5000,CAR@NO,NO,CAR,,,,,,,,,,,,16565-30652:Tanner McEvoy,16565-30652,QB,Tanner,McEvoy,5.349999905,2,5000,ATL@SEA,SEA,ATL,,,,,,,,,,,,16565-28163:Connor Cook,16565-28163,QB,Connor,Cook,0,0,5000,KC@OAK,OAK,KC,,,,,,,,,,,,16565-70464:Josh Woodrum,16565-70464,QB,Josh,Woodrum,0,0,5000,IND@HOU,IND,HOU,,,,,,,,,,,,16565-47772:Brandon Doughty,16565-47772,QB,Brandon,Doughty,0,0,5000,PIT@MIA,MIA,PIT,,,,,,,,,,,,16565-43956:David Fales,16565-43956,QB,David,Fales,0,0,5000,BAL@NYG,BAL,NYG,,,,,,,,,,,,16565-26355:Logan Thomas,16565-26355,QB,Logan,Thomas,0,0,5000,BAL@NYG,NYG,BAL,,,,,,,,,,,,16565-29605:Matt Barkley,16565-29605,QB,Matt,Barkley,0,0,5000,JAC@CHI,CHI,JAC,,,,,,,,,,,,16565-22958:Bobby Rainey,16565-22958,RB,Bobby,Rainey,7.766666412,3,5000,BAL@NYG,NYG,BAL,,,,,,,,,,,,16565-45797:Garrett Grayson,16565-45797,QB,Garrett,Grayson,0,1,5000,CAR@NO,NO,CAR,,,,,,,,,,,,16565-26141:Ryan Nassib,16565-26141,QB,Ryan,Nassib,6.71999979,1,5000,BAL@NYG,NYG,BAL,,,,,,,,,,,,16565-29445:Sean Mannion,16565-29445,QB,Sean,Mannion,1.24000001,1,5000,LA@DET,LA,DET,,,,,,,,,,,,16565-54705:Dustin Vaughan,16565-54705,QB,Dustin,Vaughan,0,0,5000,PIT@MIA,PIT,MIA,,,,,,,,,,,,16565-28515:Cardale Jones,16565-28515,QB,Cardale,Jones,0,0,5000,SF@BUF,BUF,SF,,,,,,,,,,,,16565-6373:Derek Anderson,16565-6373,QB,Derek,Anderson,7.506666819,3,5000,CAR@NO,CAR,NO,,,,,,,,,,,,16565-29357:Kenjon Barner,16565-29357,RB,Kenjon,Barner,4.866666794,3,5000,PHI@WAS,PHI,WAS,,,,,,,,,,,,16565-32366:Jameill Showers,16565-32366,QB,Jameill,Showers,0,0,5000,DAL@GB,DAL,GB,,,,,,,,,,,,16565-30253:Jeff Driskel,16565-30253,QB,Jeff,Driskel,0,0,5000,CIN@NE,CIN,NE,,,,,,,,,,,,16565-31421:Zach Mettenberger,16565-31421,QB,Zach,Mettenberger,7.028571538,7,5000,PIT@MIA,PIT,MIA,,,,,,,,,,,,16565-40669:Tyler Boyd,16565-40669,WR,Tyler,Boyd,4.359999847,5,5000,CIN@NE,CIN,NE,,,,,,,,,,,,16565-11419:C.J. Spiller,16565-11419,RB,C.J.,Spiller,8.699999809,1,5000,ATL@SEA,SEA,ATL,,,,,,,,,,,,16565-8071:Dan Orlovsky,16565-8071,QB,Dan,Orlovsky,5.519999981,2,5000,LA@DET,DET,LA,,,,,,,,,,,,16565-44500:Keith Wenning,16565-44500,QB,Keith,Wenning,0,0,5000,CIN@NE,CIN,NE,,,,,,,,,,,,16565-30989:Kenyan Drake,16565-30989,RB,Kenyan,Drake,4.775000095,4,5000,PIT@MIA,MIA,PIT,,,,,,,,,,,,16565-14696:Scott Tolzien,16565-14696,QB,Scott,Tolzien,-0.07,2,5000,IND@HOU,IND,HOU,,,,,,,,,,,,16565-27801:Nate Sudfeld,16565-27801,QB,Nate,Sudfeld,0,0,5000,PHI@WAS,WAS,PHI,,,,,,,,,,,,16565-8023:Josh Johnson,16565-8023,QB,Josh,Johnson,0,0,5000,BAL@NYG,NYG,BAL,,,,,,,,,,,,16565-26877:Jake Heaps,16565-26877,QB,Jake,Heaps,0,0,5000,ATL@SEA,SEA,ATL,,,,,,,,,,,,16565-31170:Brandon Allen,16565-31170,QB,Brandon,Allen,0,0,5000,JAC@CHI,JAC,CHI,,,,,,,,,,,,16565-8051:Luke McCown,16565-8051,QB,Luke,McCown,6.199999809,2,5000,CAR@NO,NO,CAR,,,,,,,,,,,,16565-70127:Griffin Neal,16565-70127,QB,Griffin,Neal,0,0,5000,CAR@NO,NO,CAR,,,,,,,,,,,,16565-21123:Larry Donnell,16565-21123,TE,Larry,Donnell,5,3,5000,BAL@NYG,NYG,BAL,,,,,,,,,,,,16565-7900:Stephen Gostkowski,16565-7900,K,Stephen,Gostkowski,7.4,5,5000,CIN@NE,NE,CIN,,,,,,,,,,,,16565-22258:Travaris Cadet,16565-22258,RB,Travaris,Cadet,4.474999905,4,5000,CAR@NO,NO,CAR,,,,,,,,,,,,16565-10744:Graham Gano,16565-10744,K,Graham,Gano,8.2,5,5000,CAR@NO,CAR,NO,,,,,,,,,,,,16565-30788:Tyler Bray,16565-30788,QB,Tyler,Bray,0,0,5000,KC@OAK,KC,OAK,,,,,,,,,,,,16565-27982:Jake Rudock,16565-27982,QB,Jake,Rudock,0,0,5000,LA@DET,DET,LA,,,,,,,,,,,,16565-29915:Brett Hundley,16565-29915,QB,Brett,Hundley,0,0,5000,DAL@GB,GB,DAL,,,,,,,,,,,,16565-6687:Mark Sanchez,16565-6687,QB,Mark,Sanchez,12.28000005,3,5000,DAL@GB,DAL,GB,,,,,,,,,,,,16565-24949:EJ Manuel,16565-24949,QB,EJ,Manuel,0.600000024,1,5000,SF@BUF,BUF,SF,,,,,,,,,,,,16565-22113:Alfred Morris,16565-22113,RB,Alfred,Morris,5.1,5,5000,DAL@GB,DAL,GB,,,,,,,,,,,,16565-11615:Joe Webb,16565-11615,QB,Joe,Webb,0.800000012,1,5000,CAR@NO,CAR,NO,,,,,,,,,,,,16565-25969:Tom Savage,16565-25969,QB,Tom,Savage,0,0,5000,IND@HOU,HOU,IND,,,,,,,,,,,,16565-34459:B.J. Daniels,16565-34459,QB,B.J.,Daniels,0.920000017,4,5000,JAC@CHI,CHI,JAC,,,,,,,,,,,,16565-6643:Reggie Bush,16565-6643,RB,Reggie,Bush,-0.050000001,2,4900,SF@BUF,BUF,SF,,,,,,,,,,,,16565-34295:Breshad Perriman,16565-34295,WR,Breshad,Perriman,3.520000076,5,4900,BAL@NYG,BAL,NYG,,,,,,,,,,,,16565-14292:Jordan Cameron,16565-14292,TE,Jordan,Cameron,5.333333333,3,4900,PIT@MIA,MIA,PIT,O,Concussion,,,,,,,,,,16565-33244:Eli Rogers,16565-33244,WR,Eli,Rogers,6.833333333,3,4900,PIT@MIA,PIT,MIA,,,,,,,,,,,,16565-45723:Crockett Gillmore,16565-45723,TE,Crockett,Gillmore,4.275000095,4,4900,BAL@NYG,BAL,NYG,,,,,,,,,,,,16565-30237:Mike Gillislee,16565-30237,RB,Mike,Gillislee,4.359999847,5,4900,SF@BUF,BUF,SF,,,,,,,,,,,,16565-30261:Caleb Sturgis,16565-30261,K,Caleb,Sturgis,11.5,4,4900,PHI@WAS,PHI,WAS,,,,,,,,,,,,16565-31207:C.J. Uzomah,16565-31207,TE,C.J.,Uzomah,5.340000153,5,4900,CIN@NE,CIN,NE,,,,,,,,,,,,16565-23045:Justin Tucker,16565-23045,K,Justin,Tucker,10.6,5,4900,BAL@NYG,BAL,NYG,,,,,,,,,,,,16565-30775:Justin Hunter,16565-30775,WR,Justin,Hunter,6.900000095,1,4900,SF@BUF,BUF,SF,,,,,,,,,,,,16565-6857:Justin Forsett,16565-6857,RB,Justin,Forsett,6.299999873,3,4900,LA@DET,DET,LA,,,,,,,,,,,,16565-24912:Dustin Hopkins,16565-24912,K,Dustin,Hopkins,10.6,5,4900,PHI@WAS,WAS,PHI,,,,,,,,,,,,16565-28095:Thomas Rawls,16565-28095,RB,Thomas,Rawls,4.800000191,2,4900,ATL@SEA,SEA,ATL,O,Lower leg,,,,,,,,,,16565-24847:Will Tye,16565-24847,TE,Will,Tye,3.8,5,4900,BAL@NYG,NYG,BAL,,,,,,,,,,,,16565-33472:C.J. Prosise,16565-33472,RB,C.J.,Prosise,1.600000024,1,4900,ATL@SEA,SEA,ATL,Q,Wrist,,,,,,,,,,16565-28202:Jeremy Langford,16565-28202,RB,Jeremy,Langford,8.933333079,3,4800,JAC@CHI,CHI,JAC,O,Ankle,,,,,,,,,,16565-54753:Taylor Gabriel,16565-54753,WR,Taylor,Gabriel,4.53333346,3,4800,ATL@SEA,ATL,SEA,,,,,,,,,,,,16565-14952:Dan Bailey,16565-14952,K,Dan,Bailey,8.8,5,4800,DAL@GB,DAL,GB,Q,Back,,,,,,,,,,16565-32058:Chris Boswell,16565-32058,K,Chris,Boswell,6.6,5,4800,PIT@MIA,PIT,MIA,,,,,,,,,,,,16565-12547:Pittsburgh Steelers,16565-12547,D,Pittsburgh,Steelers,5.2,5,4800,PIT@MIA,PIT,MIA,,,,,,,,,,,,16565-12550:Seattle Seahawks,16565-12550,D,Seattle,Seahawks,8,4,4800,ATL@SEA,SEA,ATL,,,,,,,,,,,,16565-33766:Rob Kelley,16565-33766,RB,Rob,Kelley,0.966666698,3,4800,PHI@WAS,WAS,PHI,,,,,,,,,,,,16565-39859:Jack Doyle,16565-39859,TE,Jack,Doyle,7.019999695,5,4800,IND@HOU,IND,HOU,,,,,,,,,,,,16565-12526:Buffalo Bills,16565-12526,D,Buffalo,Bills,13.8,5,4800,SF@BUF,BUF,SF,,,,,,,,,,,,16565-27134:Dorial Green-Beckham,16565-27134,WR,Dorial,Green-Beckham,3.950000048,4,4800,PHI@WAS,PHI,WAS,,,,,,,,,,,,16565-28080:Devin Funchess,16565-28080,WR,Devin,Funchess,4.224999905,4,4800,CAR@NO,CAR,NO,,,,,,,,,,,,16565-6724:Steven Hauschka,16565-6724,K,Steven,Hauschka,8.25,4,4800,ATL@SEA,SEA,ATL,,,,,,,,,,,,16565-6522:Josh Brown,16565-6522,K,Josh,Brown,9.25,4,4700,BAL@NYG,NYG,BAL,,,,,,,,,,,,16565-22754:Garrett Celek,16565-22754,TE,Garrett,Celek,3.8,5,4700,SF@BUF,SF,BUF,,,,,,,,,,,,16565-29183:D.J. Foster,16565-29183,RB,D.J.,Foster,1.549999952,2,4700,CIN@NE,NE,CIN,,,,,,,,,,,,16565-25775:Clive Walford,16565-25775,TE,Clive,Walford,6.25,4,4700,KC@OAK,OAK,KC,Q,Knee,,,,,,,,,,16565-12553:Carolina Panthers,16565-12553,D,Carolina,Panthers,7,5,4700,CAR@NO,CAR,NO,,,,,,,,,,,,16565-33714:Cairo Santos,16565-33714,K,Cairo,Santos,8.25,4,4700,KC@OAK,KC,OAK,,,,,,,,,,,,16565-39427:Quinton Patton,16565-39427,WR,Quinton,Patton,3.640000153,5,4700,SF@BUF,SF,BUF,,,,,,,,,,,,16565-7975:Mike Tolbert,16565-7975,RB,Mike,Tolbert,1.439999962,5,4700,CAR@NO,CAR,NO,,,,,,,,,,,,16565-6810:Dan Carpenter,16565-6810,K,Dan,Carpenter,7.2,5,4700,SF@BUF,BUF,SF,,,,,,,,,,,,16565-7831:Sebastian Janikowski,16565-7831,K,Sebastian,Janikowski,8,5,4700,KC@OAK,OAK,KC,,,,,,,,,,,,16565-7761:Jared Cook,16565-7761,TE,Jared,Cook,2.76666673,3,4700,DAL@GB,GB,DAL,O,Ankle,,,,,,,,,,16565-12541:New England Patriots,16565-12541,D,New England,Patriots,8.4,5,4700,CIN@NE,NE,CIN,,,,,,,,,,,,16565-12534:Tennessee Titans,16565-12534,D,Tennessee,Titans,7.4,5,4700,CLE@TEN,TEN,CLE,,,,,,,,,,,,16565-6782:Matt Prater,16565-6782,K,Matt,Prater,8.4,5,4700,LA@DET,DET,LA,,,,,,,,,,,,16565-32564:Josh Doctson,16565-32564,WR,Josh,Doctson,3.799999952,2,4600,PHI@WAS,WAS,PHI,O,Achilles,,,,,,,,,,16565-33137:Justin Hardy,16565-33137,WR,Justin,Hardy,4.349999905,4,4600,ATL@SEA,ATL,SEA,,,,,,,,,,,,16565-12903:Andrew Hawkins,16565-12903,WR,Andrew,Hawkins,4.920000076,5,4600,CLE@TEN,CLE,TEN,,,,,,,,,,,,16565-15006:Shaun Draughn,16565-15006,RB,Shaun,Draughn,2.720000076,5,4600,SF@BUF,SF,BUF,,,,,,,,,,,,16565-30403:Chris Conley,16565-30403,WR,Chris,Conley,6.175000191,4,4600,KC@OAK,KC,OAK,,,,,,,,,,,,16565-27441:Damien Williams,16565-27441,RB,Damien,Williams,6.074999809,4,4600,PIT@MIA,MIA,PIT,,,,,,,,,,,,16565-54687:Charcandrick West,16565-54687,RB,Charcandrick,West,4.899999936,3,4600,KC@OAK,KC,OAK,,,,,,,,,,,,16565-39373:Jaelen Strong,16565-39373,WR,Jaelen,Strong,3.5,4,4600,IND@HOU,HOU,IND,,,,,,,,,,,,16565-32045:Vance McDonald,16565-32045,TE,Vance,McDonald,7.933333079,3,4600,SF@BUF,SF,BUF,,,,,,,,,,,,16565-62619:Andrew Franks,16565-62619,K,Andrew,Franks,4.6,5,4600,PIT@MIA,MIA,PIT,,,,,,,,,,,,16565-60745:Jason Myers,16565-60745,K,Jason,Myers,8.75,4,4600,JAC@CHI,JAC,CHI,,,,,,,,,,,,16565-33703:Ryan Grant,16565-33703,WR,Ryan,Grant,0.333333333,3,4600,PHI@WAS,WAS,PHI,,,,,,,,,,,,16565-22292:Lance Dunbar,16565-22292,RB,Lance,Dunbar,3.75,4,4600,DAL@GB,DAL,GB,Q,Knee,,,,,,,,,,16565-22219:Jermaine Kearse,16565-22219,WR,Jermaine,Kearse,4.050000191,4,4600,ATL@SEA,SEA,ATL,,,,,,,,,,,,16565-10647:Matt Bryant,16565-10647,K,Matt,Bryant,10.8,5,4600,ATL@SEA,ATL,SEA,,,,,,,,,,,,16565-6897:Mason Crosby,16565-6897,K,Mason,Crosby,8.5,4,4600,DAL@GB,GB,DAL,,,,,,,,,,,,16565-12536:Kansas City Chiefs,16565-12536,D,Kansas City,Chiefs,10.25,4,4600,KC@OAK,KC,OAK,,,,,,,,,,,,16565-12538:Los Angeles Rams,16565-12538,D,Los Angeles,Rams,9,5,4600,LA@DET,LA,DET,,,,,,,,,,,,16565-47828:Antonio Andrews,16565-47828,RB,Antonio,Andrews,0,2,4500,CLE@TEN,TEN,CLE,,,,,,,,,,,,16565-29655:Soma Vainuku,16565-29655,RB,Soma,Vainuku,0,0,4500,IND@HOU,HOU,IND,,,,,,,,,,,,16565-6567:David Johnson,16565-6567,TE,David,Johnson,2.049999952,2,4500,PIT@MIA,PIT,MIA,,,,,,,,,,,,16565-21984:Isaiah Pead,16565-21984,RB,Isaiah,Pead,1.649999976,2,4500,PIT@MIA,MIA,PIT,,,,,,,,,,,,16565-30598:Busta Anderson,16565-30598,TE,Busta,Anderson,0,0,4500,JAC@CHI,CHI,JAC,,,,,,,,,,,,16565-47861:Mitchell Henry,16565-47861,TE,Mitchell,Henry,0,2,4500,DAL@GB,GB,DAL,,,,,,,,,,,,16565-21972:Brian Quick,16565-21972,WR,Brian,Quick,8.780000305,5,4500,LA@DET,LA,DET,Q,Calf,,,,,,,,,,16565-70444:Paul McRoberts,16565-70444,WR,Paul,McRoberts,0,0,4500,LA@DET,LA,DET,,,,,,,,,,,,16565-32551:Kolby Listenbee,16565-32551,WR,Kolby,Listenbee,0,0,4500,SF@BUF,BUF,SF,O,Pelvis,,,,,,,,,,16565-30654:Jerell Adams,16565-30654,TE,Jerell,Adams,3.700000048,1,4500,BAL@NYG,NYG,BAL,,,,,,,,,,,,16565-47870:Tyler Higbee,16565-47870,TE,Tyler,Higbee,0.233333329,3,4500,LA@DET,LA,DET,,,,,,,,,,,,16565-64104:Terrell Watson,16565-64104,RB,Terrell,Watson,0,0,4500,CLE@TEN,CLE,TEN,,,,,,,,,,,,16565-29672:Silas Redd Jr.,16565-29672,RB,Silas,Redd Jr.,0,0,4500,PHI@WAS,WAS,PHI,O,Suspension,,,,,,,,,,16565-21957:Kendall Wright,16565-21957,WR,Kendall,Wright,1.899999976,2,4500,CLE@TEN,TEN,CLE,,,,,,,,,,,,16565-30635:Mike Davis,16565-30635,RB,Mike,Davis,0.5,4,4500,SF@BUF,SF,BUF,,,,,,,,,,,,16565-70457:Cole Wick,16565-70457,TE,Cole,Wick,0.933333317,3,4500,LA@DET,DET,LA,,,,,,,,,,,,16565-6636:Mike Nugent,16565-6636,K,Mike,Nugent,9.6,5,4500,CIN@NE,CIN,NE,,,,,,,,,,,,16565-29593:Marqise Lee,16565-29593,WR,Marqise,Lee,6.224999905,4,4500,JAC@CHI,JAC,CHI,,,,,,,,,,,,16565-29592:Xavier Grimble,16565-29592,TE,Xavier,Grimble,4.76666673,3,4500,PIT@MIA,PIT,MIA,,,,,,,,,,,,16565-30678:Damiere Byrd,16565-30678,WR,Damiere,Byrd,0,0,4500,CAR@NO,CAR,NO,,,,,,,,,,,,16565-40126:Austin Hooper,16565-40126,TE,Austin,Hooper,6.099999905,4,4500,ATL@SEA,ATL,SEA,,,,,,,,,,,,16565-34073:Ryan Griffin,16565-34073,TE,Ryan,Griffin,4.320000076,5,4500,IND@HOU,HOU,IND,,,,,,,,,,,,16565-27199:Marcus Murphy,16565-27199,RB,Marcus,Murphy,0,1,4500,CAR@NO,NO,CAR,,,,,,,,,,,,16565-6653:Jerome Felton,16565-6653,RB,Jerome,Felton,0.599999984,3,4500,SF@BUF,BUF,SF,,,,,,,,,,,,16565-34051:Deshon Foxx,16565-34051,WR,Deshon,Foxx,0,0,4500,ATL@SEA,SEA,ATL,,,,,,,,,,,,16565-22898:Brandon Bolden,16565-22898,RB,Brandon,Bolden,1.450000048,2,4500,CIN@NE,NE,CIN,Q,Knee,,,,,,,,,,16565-29583:Randall Telfer,16565-29583,TE,Randall,Telfer,0,1,4500,CLE@TEN,CLE,TEN,O,Ankle,,,,,,,,,,16565-70489:Ben Braunecker,16565-70489,TE,Ben,Braunecker,0,0,4500,JAC@CHI,CHI,JAC,,,,,,,,,,,,16565-43961:Tyler Ervin,16565-43961,RB,Tyler,Ervin,-0.139999998,5,4500,IND@HOU,HOU,IND,,,,,,,,,,,,16565-30667:Justice Cunningham,16565-30667,TE,Justice,Cunningham,0,2,4500,LA@DET,LA,DET,,,,,,,,,,,,16565-22849:Cory Harkey,16565-22849,TE,Cory,Harkey,0.849999984,6,4500,LA@DET,LA,DET,,,,,,,,,,,,16565-25225:Quinshad Davis,16565-25225,WR,Quinshad,Davis,0,0,4500,LA@DET,DET,LA,,,,,,,,,,,,16565-29624:Tre Madden,16565-29624,RB,Tre,Madden,0,0,4500,ATL@SEA,SEA,ATL,IR,Undisclosed,,,,,,,,,,16565-28249:David Cobb,16565-28249,RB,David,Cobb,2.985714231,7,4500,PIT@MIA,PIT,MIA,,,,,,,,,,,,16565-31524:Cody Core,16565-31524,WR,Cody,Core,0,0,4500,CIN@NE,CIN,NE,,,,,,,,,,,,16565-70506:Ryan O'Malley,16565-70506,TE,Ryan,O'Malley,0,0,4500,KC@OAK,OAK,KC,,,,,,,,,,,,16565-6595:Matt Spaeth,16565-6595,TE,Matt,Spaeth,0.666666667,3,4500,PIT@MIA,PIT,MIA,,,,,,,,,,,,16565-6622:Eric Weems,16565-6622,WR,Eric,Weems,0,5,4500,ATL@SEA,ATL,SEA,,,,,,,,,,,,16565-32632:Bradley Marquez,16565-32632,WR,Bradley,Marquez,0.949999988,2,4500,LA@DET,LA,DET,,,,,,,,,,,,16565-28226:Aaron Burbridge,16565-28226,WR,Aaron,Burbridge,0.5,2,4500,SF@BUF,SF,BUF,,,,,,,,,,,,16565-22959:Deonte Thompson,16565-22959,WR,Deonte,Thompson,0,5,4500,JAC@CHI,CHI,JAC,,,,,,,,,,,,16565-28346:Maxx Williams,16565-28346,TE,Maxx,Williams,4.066666603,12,4500,BAL@NYG,BAL,NYG,IR,Knee,,,,,,,,,,16565-15178:Chase Reynolds,16565-15178,RB,Chase,Reynolds,0,2,4500,LA@DET,LA,DET,,,,,,,,,,,,16565-70553:Kieran Duncan,16565-70553,WR,Kieran,Duncan,0,0,4500,JAC@CHI,CHI,JAC,,,,,,,,,,,,16565-31703:Malcolm Johnson,16565-31703,RB,Malcolm,Johnson,0.625,4,4500,CLE@TEN,CLE,TEN,,,,,,,,,,,,16565-45791:Rashard Higgins,16565-45791,WR,Rashard,Higgins,0,3,4500,CLE@TEN,CLE,TEN,,,,,,,,,,,,16565-32674:Jace Amaro,16565-32674,TE,Jace,Amaro,7.400000095,1,4500,CLE@TEN,TEN,CLE,,,,,,,,,,,,16565-46767:Je'Ron Hamm,16565-46767,TE,Je'Ron,Hamm,0,1,4500,SF@BUF,SF,BUF,,,,,,,,,,,,16565-28311:MarQueis Gray,16565-28311,TE,MarQueis,Gray,0,1,4500,PIT@MIA,MIA,PIT,Q,Calf,,,,,,,,,,16565-22920:Derek Carrier,16565-22920,TE,Derek,Carrier,2.600000035,11,4500,PHI@WAS,WAS,PHI,NA,Knee,,,,,,,,,,16565-14268:Stevan Ridley,16565-14268,RB,Stevan,Ridley,1.350000024,8,4500,IND@HOU,IND,HOU,,,,,,,,,,,,16565-34288:Rannell Hall,16565-34288,WR,Rannell,Hall,0,1,4500,CLE@TEN,CLE,TEN,IR,Leg,,,,,,,,,,16565-14266:Daniel Thomas,16565-14266,RB,Daniel,Thomas,0,0,4500,PIT@MIA,MIA,PIT,,,,,,,,,,,,16565-29540:Terron Ward,16565-29540,RB,Terron,Ward,2.729999924,10,4500,ATL@SEA,ATL,SEA,,,,,,,,,,,,16565-22938:Rod Streater,16565-22938,WR,Rod,Streater,1.399999936,3,4500,SF@BUF,SF,BUF,,,,,,,,,,,,16565-27338:Rex Burkhead,16565-27338,RB,Rex,Burkhead,0,2,4500,CIN@NE,CIN,NE,,,,,,,,,,,,16565-14240:Lance Kendricks,16565-14240,TE,Lance,Kendricks,4.340000153,5,4500,LA@DET,LA,DET,,,,,,,,,,,,16565-6427:Connor Barth,16565-6427,K,Connor,Barth,5.2,5,4500,JAC@CHI,CHI,JAC,,,,,,,,,,,,16565-32703:Jakeem Grant,16565-32703,WR,Jakeem,Grant,1.5,4,4500,PIT@MIA,MIA,PIT,Q,Ankle,,,,,,,,,,16565-23023:Cooper Helfet,16565-23023,TE,Cooper,Helfet,2.785714286,7,4500,KC@OAK,OAK,KC,IR,Foot,,,,,,,,,,16565-14297:Greg Salas,16565-14297,WR,Greg,Salas,8.449999809,2,4500,SF@BUF,BUF,SF,IR,Groin,,,,,,,,,,16565-11890:Bryan Walters,16565-11890,WR,Bryan,Walters,0,1,4500,JAC@CHI,JAC,CHI,,,,,,,,,,,,16565-28408:Kyle Prater,16565-28408,WR,Kyle,Prater,0,0,4500,CAR@NO,NO,CAR,,,,,,,,,,,,16565-25135:Marcus Leak,16565-25135,WR,Marcus,Leak,0,0,4500,IND@HOU,IND,HOU,,,,,,,,,,,,16565-14274:Rob Housler,16565-14274,TE,Rob,Housler,1.060000038,5,4500,JAC@CHI,CHI,JAC,,,,,,,,,,,,16565-33218:Bryce Williams,16565-33218,TE,Bryce,Williams,0,0,4500,LA@DET,LA,DET,,,,,,,,,,,,16565-14277:Vincent Brown,16565-14277,WR,Vincent,Brown,2.700000048,1,4500,CAR@NO,NO,CAR,,,,,,,,,,,,16565-43826:Tommylee Lewis,16565-43826,WR,Tommylee,Lewis,2.700000127,3,4500,CAR@NO,NO,CAR,,,,,,,,,,,,16565-14327:Anthony Sherman,16565-14327,RB,Anthony,Sherman,0.800000012,1,4500,KC@OAK,KC,OAK,,,,,,,,,,,,16565-22991:Jonathan Grimes,16565-22991,RB,Jonathan,Grimes,3.25,2,4500,IND@HOU,HOU,IND,O,Ankle,,,,,,,,,,16565-34224:Kennard Backman,16565-34224,TE,Kennard,Backman,0,7,4500,DAL@GB,GB,DAL,,,,,,,,,,,,16565-54280:Duke Williams,16565-54280,WR,Duke,Williams,0,0,4500,LA@DET,LA,DET,,,,,,,,,,,,16565-23003:Phillip Supernaw,16565-23003,TE,Phillip,Supernaw,0.600000024,2,4500,CLE@TEN,TEN,CLE,,,,,,,,,,,,16565-14305:Roy Helu Jr.,16565-14305,RB,Roy,Helu Jr.,2.737499952,8,4500,KC@OAK,OAK,KC,,,,,,,,,,,,16565-29477:Connor Hamlett,16565-29477,TE,Connor,Hamlett,8.199999809,1,4500,CLE@TEN,CLE,TEN,,,,,,,,,,,,16565-44893:Roosevelt Nix,16565-44893,RB,Roosevelt,Nix,0.866666635,3,4500,PIT@MIA,PIT,MIA,,,,,,,,,,,,16565-14319:Taiwan Jones,16565-14319,RB,Taiwan,Jones,0.633333325,3,4500,KC@OAK,OAK,KC,Q,Knee,,,,,,,,,,16565-6488:Dwayne Bowe,16565-6488,WR,Dwayne,Bowe,1.114285742,7,4500,CLE@TEN,CLE,TEN,,,,,,,,,,,,16565-53681:Tyreek Hill,16565-53681,WR,Tyreek,Hill,5.900000095,4,4500,KC@OAK,KC,OAK,,,,,,,,,,,,16565-32287:Cayleb Jones,16565-32287,WR,Cayleb,Jones,0,0,4500,PHI@WAS,PHI,WAS,,,,,,,,,,,,16565-12872:James Develin,16565-12872,RB,James,Develin,0,0,4500,CIN@NE,NE,CIN,,,,,,,,,,,,16565-38264:Demarcus Robinson,16565-38264,WR,Demarcus,Robinson,0,0,4500,KC@OAK,KC,OAK,,,,,,,,,,,,16565-31321:Jay Prosch,16565-31321,RB,Jay,Prosch,0.649999976,2,4500,IND@HOU,HOU,IND,,,,,,,,,,,,16565-10030:Harry Douglas,16565-10030,WR,Harry,Douglas,3.049999952,2,4500,CLE@TEN,TEN,CLE,,,,,,,,,,,,16565-29404:Byron Marshall,16565-29404,RB,Byron,Marshall,0,0,4500,PHI@WAS,PHI,WAS,,,,,,,,,,,,16565-31308:Quan Bray,16565-31308,WR,Quan,Bray,1.160000038,5,4500,IND@HOU,IND,HOU,Q,Shin,,,,,,,,,,16565-39305:A.J. Derby,16565-39305,TE,A.J.,Derby,0,0,4500,CIN@NE,NE,CIN,,,,,,,,,,,,16565-54742:Scott Simonson,16565-54742,TE,Scott,Simonson,1.5,1,4500,CAR@NO,CAR,NO,,,,,,,,,,,,16565-32807:Anthony Denham,16565-32807,TE,Anthony,Denham,0,0,4500,PHI@WAS,PHI,WAS,,,,,,,,,,,,16565-32309:M.J. McFarland,16565-32309,TE,M.J.,McFarland,0,0,4500,PHI@WAS,PHI,WAS,,,,,,,,,,,,16565-25554:Nikita Whitlock,16565-25554,RB,Nikita,Whitlock,0,14,4500,BAL@NYG,NYG,BAL,O,Suspension,,,,,,,,,,16565-55577:Hunter Sharp,16565-55577,WR,Hunter,Sharp,0,0,4500,PHI@WAS,PHI,WAS,,,,,,,,,,,,16565-28525:Braxton Miller,16565-28525,WR,Braxton,Miller,1.133333365,3,4500,IND@HOU,HOU,IND,,,,,,,,,,,,16565-26610:Paul Richardson,16565-26610,WR,Paul,Richardson,2.450000048,4,4500,ATL@SEA,SEA,ATL,,,,,,,,,,,,16565-44784:Darius Jackson,16565-44784,RB,Darius,Jackson,0,0,4500,DAL@GB,DAL,GB,,,,,,,,,,,,16565-30412:Tavarres King,16565-30412,WR,Tavarres,King,0,1,4500,BAL@NYG,NYG,BAL,,,,,,,,,,,,16565-31263:Ricardo Louis,16565-31263,WR,Ricardo,Louis,3.025000095,4,4500,CLE@TEN,CLE,TEN,,,,,,,,,,,,16565-44791:Bronson Hill,16565-44791,RB,Bronson,Hill,0,0,4500,JAC@CHI,JAC,CHI,,,,,,,,,,,,16565-31261:Tre Mason,16565-31261,RB,Tre,Mason,3.269230769,13,4500,LA@DET,LA,DET,O,Personal,,,,,,,,,,16565-26598:Nelson Spruce,16565-26598,WR,Nelson,Spruce,0,0,4500,LA@DET,LA,DET,,,,,,,,,,,,16565-39411:Gavin Escobar,16565-39411,TE,Gavin,Escobar,2.057142803,7,4500,DAL@GB,DAL,GB,,,,,,,,,,,,16565-29340:Josh Huff,16565-29340,WR,Josh,Huff,3.349999905,4,4500,PHI@WAS,PHI,WAS,,,,,,,,,,,,16565-54694:Justin Perillo,16565-54694,TE,Justin,Perillo,1.799999952,1,4500,DAL@GB,GB,DAL,,,,,,,,,,,,16565-30428:Malcolm Mitchell,16565-30428,WR,Malcolm,Mitchell,2.799999952,4,4500,CIN@NE,NE,CIN,Q,Hamstring,,,,,,,,,,16565-31280:Cody Parkey,16565-31280,K,Cody,Parkey,8,3,4500,CLE@TEN,CLE,TEN,,,,,,,,,,,,16565-28486:Corey Brown,16565-28486,WR,Corey,Brown,5.579999924,5,4500,CAR@NO,CAR,NO,,,,,,,,,,,,16565-27403:Blake Bell,16565-27403,TE,Blake,Bell,0.666666667,3,4500,SF@BUF,SF,BUF,,,,,,,,,,,,16565-29351:De'Anthony Thomas,16565-29351,WR,De'Anthony,Thomas,3.590000153,10,4500,KC@OAK,KC,OAK,,,,,,,,,,,,16565-27411:Aaron Ripkowski,16565-27411,RB,Aaron,Ripkowski,1.700000048,1,4500,DAL@GB,GB,DAL,,,,,,,,,,,,16565-33840:Keyarris Garrett,16565-33840,WR,Keyarris,Garrett,0,0,4500,CAR@NO,CAR,NO,,,,,,,,,,,,16565-31269:Corey Grant,16565-31269,RB,Corey,Grant,2,4,4500,JAC@CHI,JAC,CHI,Q,Toe,,,,,,,,,,16565-54659:Tony Washington,16565-54659,WR,Tony,Washington,0.800000012,1,4500,JAC@CHI,JAC,CHI,,,,,,,,,,,,16565-25463:Canaan Severin,16565-25463,WR,Canaan,Severin,0,0,4500,PIT@MIA,PIT,MIA,IR,Undisclosed,,,,,,,,,,16565-32410:Trey Williams,16565-32410,RB,Trey,Williams,1.200000048,1,4500,IND@HOU,IND,HOU,,,,,,,,,,,,16565-26411:Ryan Malleck,16565-26411,TE,Ryan,Malleck,0,0,4500,BAL@NYG,NYG,BAL,,,,,,,,,,,,16565-34014:Aaron Dobson,16565-34014,WR,Aaron,Dobson,3.433333397,6,4500,LA@DET,DET,LA,,,,,,,,,,,,16565-31435:Nic Jacobs,16565-31435,TE,Nic,Jacobs,0.366666675,3,4500,JAC@CHI,JAC,CHI,,,,,,,,,,,,16565-12090:Nick Novak,16565-12090,K,Nick,Novak,11,4,4500,IND@HOU,HOU,IND,,,,,,,,,,,,16565-47953:Lucky Whitehead,16565-47953,WR,Lucky,Whitehead,0.4,5,4500,DAL@GB,DAL,GB,,,,,,,,,,,,16565-29277:Stephen Anderson,16565-29277,TE,Stephen,Anderson,2.166666667,3,4500,IND@HOU,HOU,IND,O,Hamstring,,,,,,,,,,16565-30228:Tyler Murphy,16565-30228,WR,Tyler,Murphy,2.099999905,1,4500,PIT@MIA,MIA,PIT,,,,,,,,,,,,16565-28545:Rod Smith,16565-28545,RB,Rod,Smith,0.449999988,2,4500,DAL@GB,DAL,GB,,,,,,,,,,,,16565-70335:Seth DeValve,16565-70335,TE,Seth,DeValve,0,0,4500,CLE@TEN,CLE,TEN,O,Knee,,,,,,,,,,16565-53532:Roger Lewis,16565-53532,WR,Roger,Lewis,0,0,4500,BAL@NYG,NYG,BAL,,,,,,,,,,,,16565-54612:Lorenzo Taliaferro,16565-54612,RB,Lorenzo,Taliaferro,5.366666794,3,4500,BAL@NYG,BAL,NYG,NA,Foot,,,,,,,,,,16565-55694:Mike Thomas,16565-55694,WR,Mike,Thomas,0,2,4500,LA@DET,LA,DET,,,,,,,,,,,,16565-54623:Jeff Janis,16565-54623,WR,Jeff,Janis,0,1,4500,DAL@GB,GB,DAL,,,,,,,,,,,,16565-54621:Walt Powell,16565-54621,WR,Walt,Powell,2.833333333,3,4500,SF@BUF,BUF,SF,,,,,,,,,,,,16565-29290:Bryce Treggs,16565-29290,WR,Bryce,Treggs,0,0,4500,PHI@WAS,PHI,WAS,,,,,,,,,,,,16565-7244:John Kuhn,16565-7244,RB,John,Kuhn,7.224999905,4,4500,CAR@NO,NO,CAR,,,,,,,,,,,,16565-28562:Jake Stoneburner,16565-28562,TE,Jake,Stoneburner,6.400000254,3,4500,CAR@NO,NO,CAR,,,,,,,,,,,,16565-12055:Logan Paulsen,16565-12055,TE,Logan,Paulsen,0.666666667,3,4500,JAC@CHI,CHI,JAC,,,,,,,,,,,,16565-28570:Nick Vannett,16565-28570,TE,Nick,Vannett,0,0,4500,ATL@SEA,SEA,ATL,,,,,,,,,,,,16565-29304:Daniel Lasco,16565-29304,RB,Daniel,Lasco,2.400000095,1,4500,CAR@NO,NO,CAR,,,,,,,,,,,,16565-32957:Eric Tomlinson,16565-32957,TE,Eric,Tomlinson,0,0,4500,IND@HOU,HOU,IND,,,,,,,,,,,,16565-21547:Will Johnson,16565-21547,RB,Will,Johnson,2.260000038,5,4500,BAL@NYG,NYG,BAL,IR,Shoulder,,,,,,,,,,16565-72262:Nick Truesdell,16565-72262,TE,Nick,Truesdell,0,0,4500,IND@HOU,IND,HOU,,,,,,,,,,,,16565-31378:Kadron Boone,16565-31378,WR,Kadron,Boone,0,0,4500,BAL@NYG,NYG,BAL,,,,,,,,,,,,16565-22774:Jonas Gray,16565-22774,RB,Jonas,Gray,4.100000109,7,4500,JAC@CHI,JAC,CHI,,,,,,,,,,,,16565-22767:Brian Tyms,16565-22767,WR,Brian,Tyms,0,0,4500,IND@HOU,IND,HOU,,,,,,,,,,,,16565-30297:Trey Burton,16565-30297,TE,Trey,Burton,5.766666412,3,4500,PHI@WAS,PHI,WAS,,,,,,,,,,,,16565-70342:Temarrick Hemingway,16565-70342,TE,Temarrick,Hemingway,0,0,4500,LA@DET,LA,DET,,,,,,,,,,,,16565-31417:James Wright,16565-31417,WR,James,Wright,1.199999968,3,4500,CIN@NE,CIN,NE,,,,,,,,,,,,16565-22746:Kashif Moore,16565-22746,WR,Kashif,Moore,0,0,4500,KC@OAK,KC,OAK,,,,,,,,,,,,16565-46001:Joey Iosefa,16565-46001,RB,Joey,Iosefa,2.549999952,2,4500,CIN@NE,NE,CIN,,,,,,,,,,,,16565-30307:Mack Brown,16565-30307,RB,Mack,Brown,0,0,4500,PHI@WAS,WAS,PHI,,,,,,,,,,,,16565-33978:Devon Johnson,16565-33978,RB,Devon,Johnson,0,0,4500,CAR@NO,CAR,NO,IR,Undisclosed,,,,,,,,,,16565-29237:Chris Harper,16565-29237,WR,Chris,Harper,-0.299999992,3,4500,SF@BUF,SF,BUF,,,,,,,,,,,,16565-31406:Alfred Blue,16565-31406,RB,Alfred,Blue,1.879999924,5,4500,IND@HOU,HOU,IND,,,,,,,,,,,,16565-32483:Josh Boyce,16565-32483,WR,Josh,Boyce,0,0,4500,CLE@TEN,CLE,TEN,,,,,,,,,,,,16565-30326:Keith Marshall,16565-30326,RB,Keith,Marshall,0,0,4500,PHI@WAS,WAS,PHI,IR,Elbow,,,,,,,,,,16565-25356:Benson Browne,16565-25356,TE,Benson,Browne,0,0,4500,LA@DET,LA,DET,,,,,,,,,,,,16565-70373:Mike Miller,16565-70373,TE,Mike,Miller,0,0,4500,IND@HOU,IND,HOU,,,,,,,,,,,,16565-70372:Chester Rogers,16565-70372,WR,Chester,Rogers,2.200000048,4,4500,IND@HOU,IND,HOU,,,,,,,,,,,,16565-61666:Jared Dangerfield,16565-61666,WR,Jared,Dangerfield,0,0,4500,CAR@NO,NO,CAR,,,,,,,,,,,,16565-31073:Knile Davis,16565-31073,RB,Knile,Davis,1.100000024,2,4500,KC@OAK,KC,OAK,,,,,,,,,,,,16565-62633:Matt Lengel,16565-62633,TE,Matt,Lengel,0,0,4500,CIN@NE,CIN,NE,,,,,,,,,,,,16565-27672:Matt LaCosse,16565-27672,TE,Matt,LaCosse,3.700000048,1,4500,BAL@NYG,NYG,BAL,IR,Knee,,,,,,,,,,16565-62628:DeAndre Carter,16565-62628,WR,DeAndre,Carter,0,0,4500,CIN@NE,NE,CIN,,,,,,,,,,,,16565-62631:Gus Johnson,16565-62631,RB,Gus,Johnson,0,0,4500,ATL@SEA,ATL,SEA,,,,,,,,,,,,16565-25751:Chris Pantale,16565-25751,TE,Chris,Pantale,0,0,4500,PHI@WAS,PHI,WAS,,,,,,,,,,,,16565-33571:George Atkinson III,16565-33571,RB,George,Atkinson III,0,3,4500,CLE@TEN,CLE,TEN,,,,,,,,,,,,16565-62600:Joshua Stangby,16565-62600,WR,Joshua,Stangby,0,0,4500,IND@HOU,IND,HOU,,,,,,,,,,,,16565-39615:Brandon Williams,16565-39615,TE,Brandon,Williams,0,6,4500,ATL@SEA,SEA,ATL,,,,,,,,,,,,16565-30108:Marquess Wilson,16565-30108,WR,Marquess,Wilson,6.036363775,11,4500,JAC@CHI,CHI,JAC,NA,Foot,,,,,,,,,,16565-46088:Jhurell Pressley,16565-46088,RB,Jhurell,Pressley,0,0,4500,DAL@GB,GB,DAL,,,,,,,,,,,,16565-32000:Luke Willson,16565-32000,TE,Luke,Willson,1.649999976,4,4500,ATL@SEA,SEA,ATL,,,,,,,,,,,,16565-62623:John Crockett,16565-62623,RB,John,Crockett,1.049999952,2,4500,DAL@GB,GB,DAL,IR,Shoulder,,,,,,,,,,16565-27692:Josh Ferguson,16565-27692,RB,Josh,Ferguson,4.6,5,4500,IND@HOU,IND,HOU,,,,,,,,,,,,16565-62617:Khari Lee,16565-62617,TE,Khari,Lee,0,1,4500,LA@DET,DET,LA,,,,,,,,,,,,16565-43504:Don Jackson,16565-43504,RB,Don,Jackson,0,0,4500,DAL@GB,GB,DAL,,,,,,,,,,,,16565-38523:Geoff Swaim,16565-38523,TE,Geoff,Swaim,1.625,4,4500,DAL@GB,DAL,GB,,,,,,,,,,,,16565-24817:Nick O'Leary,16565-24817,TE,Nick,O'Leary,2.100000064,3,4500,SF@BUF,BUF,SF,,,,,,,,,,,,16565-25789:Rashawn Scott,16565-25789,WR,Rashawn,Scott,0,0,4500,PIT@MIA,MIA,PIT,,,,,,,,,,,,16565-31015:DeAndrew White,16565-31015,WR,DeAndrew,White,1.399999976,2,4500,CIN@NE,NE,CIN,,,,,,,,,,,,16565-48380:Wil Lutz,16565-48380,K,Wil,Lutz,8,4,4500,CAR@NO,NO,CAR,,,,,,,,,,,,16565-14761:Andre Holmes,16565-14761,WR,Andre,Holmes,2.674999952,4,4500,KC@OAK,OAK,KC,,,,,,,,,,,,16565-24720:Braxton Deaver,16565-24720,TE,Braxton,Deaver,0,0,4500,CAR@NO,CAR,NO,,,,,,,,,,,,16565-29084:Rashad Ross,16565-29084,WR,Rashad,Ross,1.299999952,1,4500,PHI@WAS,WAS,PHI,,,,,,,,,,,,16565-11511:Tony Moeaki,16565-11511,TE,Tony,Moeaki,4.433333397,3,4500,JAC@CHI,CHI,JAC,,,,,,,,,,,,16565-11504:Andre Roberts,16565-11504,WR,Andre,Roberts,1.720000076,5,4500,LA@DET,DET,LA,,,,,,,,,,,,16565-62668:John Peters,16565-62668,TE,John,Peters,0,0,4500,CIN@NE,CIN,NE,,,,,,,,,,,,16565-48344:Albert Wilson,16565-48344,WR,Albert,Wilson,3.799999873,3,4500,KC@OAK,KC,OAK,,,,,,,,,,,,16565-30990:Jalston Fowler,16565-30990,RB,Jalston,Fowler,1.899999976,1,4500,CLE@TEN,TEN,CLE,,,,,,,,,,,,16565-39678:E.J. Bibbs,16565-39678,TE,E.J.,Bibbs,0.600000024,2,4500,CLE@TEN,CLE,TEN,,,,,,,,,,,,16565-12545:Philadelphia Eagles,16565-12545,D,Philadelphia,Eagles,11.75,4,4500,PHI@WAS,PHI,WAS,,,,,,,,,,,,16565-39649:Benny Cunningham,16565-39649,RB,Benny,Cunningham,1.774999976,4,4500,LA@DET,LA,DET,,,,,,,,,,,,16565-11488:Ed Dickson,16565-11488,TE,Ed,Dickson,1.833333333,3,4500,CAR@NO,CAR,NO,,,,,,,,,,,,16565-26657:Christian Powell,16565-26657,RB,Christian,Powell,0,0,4500,PIT@MIA,PIT,MIA,,,,,,,,,,,,16565-12555:Baltimore Ravens,16565-12555,D,Baltimore,Ravens,8.2,5,4500,BAL@NYG,BAL,NYG,,,,,,,,,,,,16565-30012:Kevin Smith,16565-30012,WR,Kevin,Smith,1.933333397,3,4500,ATL@SEA,SEA,ATL,,,,,,,,,,,,16565-62508:James O'Shaughnessy,16565-62508,TE,James,O'Shaughnessy,2.339999962,5,4500,KC@OAK,KC,OAK,,,,,,,,,,,,16565-62515:Neal Sterling,16565-62515,WR,Neal,Sterling,1.5,1,4500,JAC@CHI,JAC,CHI,Q,Foot,,,,,,,,,,16565-29991:Bishop Sankey,16565-29991,RB,Bishop,Sankey,4.183333397,12,4500,CIN@NE,NE,CIN,,,,,,,,,,,,16565-39428:Kyle Juszczyk,16565-39428,RB,Kyle,Juszczyk,3.479999924,5,4500,BAL@NYG,BAL,NYG,,,,,,,,,,,,16565-22336:Joshua Bellamy,16565-22336,WR,Joshua,Bellamy,0.949999988,2,4500,JAC@CHI,CHI,JAC,,,,,,,,,,,,16565-10354:Marcel Reece,16565-10354,RB,Marcel,Reece,4.233333333,15,4500,KC@OAK,OAK,KC,,,,,,,,,,,,16565-24679:Zac Brooks,16565-24679,RB,Zac,Brooks,0,0,4500,ATL@SEA,SEA,ATL,,,,,,,,,,,,16565-38651:Beau Sandland,16565-38651,TE,Beau,Sandland,0,0,4500,CAR@NO,CAR,NO,,,,,,,,,,,,16565-18009:Chris Manhertz,16565-18009,TE,Chris,Manhertz,0,0,4500,CAR@NO,NO,CAR,,,,,,,,,,,,16565-31184:Jonathan Williams,16565-31184,RB,Jonathan,Williams,0.200000003,1,4500,SF@BUF,BUF,SF,,,,,,,,,,,,16565-29003:Ka'Deem Carey,16565-29003,RB,Ka'Deem,Carey,1.233333349,3,4500,JAC@CHI,CHI,JAC,Q,Hamstring,,,,,,,,,,16565-31191:Mekale McKay,16565-31191,WR,Mekale,McKay,0,0,4500,IND@HOU,IND,HOU,,,,,,,,,,,,16565-14683:Patrick DiMarco,16565-14683,RB,Patrick,DiMarco,1.800000032,3,4500,ATL@SEA,ATL,SEA,,,,,,,,,,,,16565-39512:Kendall Gaskins,16565-39512,RB,Kendall,Gaskins,3.674999952,4,4500,SF@BUF,SF,BUF,,,,,,,,,,,,16565-32234:Malcolm Brown,16565-32234,RB,Malcolm,Brown,2.549999952,2,4500,LA@DET,LA,DET,,,,,,,,,,,,16565-41370:Trevor Davis,16565-41370,WR,Trevor,Davis,0,3,4500,DAL@GB,GB,DAL,,,,,,,,,,,,16565-14643:DuJuan Harris,16565-14643,RB,DuJuan,Harris,7.775000095,4,4500,SF@BUF,SF,BUF,,,,,,,,,,,,16565-48224:Wes Saxton,16565-48224,TE,Wes,Saxton,0,1,4500,PHI@WAS,WAS,PHI,,,,,,,,,,,,16565-39492:Josh Hill,16565-39492,TE,Josh,Hill,2.461538462,13,4500,CAR@NO,NO,CAR,Q,Ankle,,,,,,,,,,16565-9442:Brandon Tate,16565-9442,WR,Brandon,Tate,0.080000001,5,4500,SF@BUF,BUF,SF,,,,,,,,,,,,16565-28933:Jared Abbrederis,16565-28933,WR,Jared,Abbrederis,1.299999952,1,4500,DAL@GB,GB,DAL,,,,,,,,,,,,16565-62544:Brandon Wegher,16565-62544,RB,Brandon,Wegher,0,1,4500,CAR@NO,CAR,NO,,,,,,,,,,,,16565-22317:Brenton Bersin,16565-22317,WR,Brenton,Bersin,2.879999924,5,4500,CAR@NO,CAR,NO,,,,,,,,,,,,16565-33733:Xavier Rush,16565-33733,WR,Xavier,Rush,0,0,4500,PHI@WAS,PHI,WAS,,,,,,,,,,,,16565-11648:Jim Dray,16565-11648,TE,Jim,Dray,1.011111153,9,4500,SF@BUF,BUF,SF,,,,,,,,,,,,16565-28907:Alex Erickson,16565-28907,WR,Alex,Erickson,0.5,5,4500,CIN@NE,CIN,NE,,,,,,,,,,,,16565-25052:Zach Laskey,16565-25052,RB,Zach,Laskey,0,0,4500,LA@DET,LA,DET,IR,Undisclosed,,,,,,,,,,16565-10695:Darrel Young,16565-10695,RB,Darrel,Young,0.688888868,9,4500,JAC@CHI,CHI,JAC,,,,,,,,,,,,16565-29866:Paul Perkins,16565-29866,RB,Paul,Perkins,5.849999905,2,4500,BAL@NYG,NYG,BAL,,,,,,,,,,,,16565-57556:Jerome Cunningham,16565-57556,TE,Jerome,Cunningham,1.649999936,6,4500,CLE@TEN,TEN,CLE,,,,,,,,,,,,16565-23046:Jamize Olawale,16565-23046,RB,Jamize,Olawale,4,5,4500,KC@OAK,OAK,KC,,,,,,,,,,,,16565-40913:Thomas Duarte,16565-40913,TE,Thomas,Duarte,0,0,4500,PIT@MIA,MIA,PIT,,,,,,,,,,,,16565-26038:Tyler Kroft,16565-26038,TE,Tyler,Kroft,4.699999809,2,4500,CIN@NE,CIN,NE,,,,,,,,,,,,16565-29830:Shaq Evans,16565-29830,WR,Shaq,Evans,0,0,4500,CIN@NE,NE,CIN,,,,,,,,,,,,16565-22244:Beau Brinkley,16565-22244,TE,Beau,Brinkley,0,16,4500,CLE@TEN,TEN,CLE,,,,,,,,,,,,16565-30807:Mychal Rivera,16565-30807,TE,Mychal,Rivera,0.600000024,1,4500,KC@OAK,OAK,KC,,,,,,,,,,,,16565-43260:Darion Griswold,16565-43260,TE,Darion,Griswold,0,0,4500,IND@HOU,IND,HOU,,,,,,,,,,,,16565-26045:Leonte Carroo,16565-26045,WR,Leonte,Carroo,1.200000048,2,4500,PIT@MIA,MIA,PIT,,,,,,,,,,,,16565-40932:Pharoh Cooper,16565-40932,WR,Pharoh,Cooper,0,1,4500,LA@DET,LA,DET,,,,,,,,,,,,16565-6828:Tim Hightower,16565-6828,RB,Tim,Hightower,1.350000024,4,4500,CAR@NO,NO,CAR,,,,,,,,,,,,16565-31748:Levi Norwood,16565-31748,WR,Levi,Norwood,0,0,4500,PIT@MIA,PIT,MIA,,,,,,,,,,,,16565-40843:Alex Collins,16565-40843,RB,Alex,Collins,1.399999936,3,4500,ATL@SEA,SEA,ATL,,,,,,,,,,,,16565-26076:Sam Bergen,16565-26076,RB,Sam,Bergen,0,0,4500,CLE@TEN,TEN,CLE,,,,,,,,,,,,16565-6870:Vernon Davis,16565-6870,TE,Vernon,Davis,3.599999905,4,4500,PHI@WAS,WAS,PHI,,,,,,,,,,,,16565-33403:Tevin Jones,16565-33403,WR,Tevin,Jones,0,0,4500,IND@HOU,HOU,IND,,,,,,,,,,,,16565-26057:Michael Burton,16565-26057,RB,Michael,Burton,1.637500048,8,4500,LA@DET,DET,LA,,,,,,,,,,,,16565-28815:Akeem Hunt,16565-28815,RB,Akeem,Hunt,2.357142857,7,4500,IND@HOU,HOU,IND,,,,,,,,,,,,16565-6904:Devin Hester,16565-6904,WR,Devin,Hester,-0.4,5,4500,BAL@NYG,BAL,NYG,D,Thigh,,,,,,,,,,16565-45343:Daniel Braverman,16565-45343,WR,Daniel,Braverman,0,0,4500,JAC@CHI,CHI,JAC,,,,,,,,,,,,16565-7856:Matthew Slater,16565-7856,WR,Matthew,Slater,0.25,2,4500,CIN@NE,NE,CIN,,,,,,,,,,,,16565-28807:Gabe Holmes,16565-28807,TE,Gabe,Holmes,0,0,4500,KC@OAK,OAK,KC,IR,Ankle,,,,,,,,,,16565-22188:Daryl Richardson,16565-22188,RB,Daryl,Richardson,0.349999994,2,4500,PIT@MIA,PIT,MIA,,,,,,,,,,,,16565-12305:Will Tukuafu,16565-12305,RB,Will,Tukuafu,0,1,4500,ATL@SEA,SEA,ATL,,,,,,,,,,,,16565-28030:Fitzgerald Toussaint,16565-28030,RB,Fitzgerald,Toussaint,0.800000032,3,4500,PIT@MIA,PIT,MIA,,,,,,,,,,,,16565-26094:Brandon Coleman,16565-26094,WR,Brandon,Coleman,5.5,3,4500,CAR@NO,NO,CAR,,,,,,,,,,,,16565-28021:Sione Houma,16565-28021,RB,Sione,Houma,0,0,4500,CAR@NO,NO,CAR,,,,,,,,,,,,16565-25886:Devin Street,16565-25886,WR,Devin,Street,1.889999962,10,4500,IND@HOU,IND,HOU,,,,,,,,,,,,16565-6672:Marcedes Lewis,16565-6672,TE,Marcedes,Lewis,4.925000191,4,4500,JAC@CHI,JAC,CHI,,,,,,,,,,,,16565-11522:Marcus Easley,16565-11522,WR,Marcus,Easley,4.100000064,3,4500,SF@BUF,BUF,SF,NA,Kneecap,,,,,,,,,,16565-29734:Ty Montgomery,16565-29734,WR,Ty,Montgomery,0,4,4500,DAL@GB,GB,DAL,,,,,,,,,,,,16565-45562:Paul Lasike,16565-45562,RB,Paul,Lasike,0.200000003,1,4500,JAC@CHI,CHI,JAC,,,,,,,,,,,,16565-6660:Donald Brown,16565-6660,RB,Donald,Brown,6.950000127,6,4500,CIN@NE,NE,CIN,,,,,,,,,,,,16565-22109:Greg Zuerlein,16565-22109,K,Greg,Zuerlein,9.75,4,4500,LA@DET,LA,DET,,,,,,,,,,,,16565-12537:Oakland Raiders,16565-12537,D,Oakland,Raiders,5,5,4500,KC@OAK,OAK,KC,,,,,,,,,,,,16565-12533:Green Bay Packers,16565-12533,D,Green Bay,Packers,6,4,4500,DAL@GB,GB,DAL,,,,,,,,,,,,16565-12532:Detroit Lions,16565-12532,D,Detroit,Lions,5,5,4500,LA@DET,DET,LA,,,,,,,,,,,,16565-11543:Clay Harbor,16565-11543,TE,Clay,Harbor,3.737499952,8,4500,LA@DET,DET,LA,,,,,,,,,,,,16565-11562:Andrew Quarless,16565-11562,TE,Andrew,Quarless,1.699999968,3,4500,LA@DET,DET,LA,,,,,,,,,,,,16565-22123:James Hanna,16565-22123,TE,James,Hanna,1.549999952,8,4500,DAL@GB,DAL,GB,NA,Knee,,,,,,,,,,16565-19342:Demetrius Harris,16565-19342,TE,Demetrius,Harris,1.774999976,4,4500,KC@OAK,KC,OAK,,,,,,,,,,,,16565-22116:Cyrus Gray,16565-22116,RB,Cyrus,Gray,0,0,4500,ATL@SEA,ATL,SEA,,,,,,,,,,,,16565-28744:Raheem Mostert,16565-28744,RB,Raheem,Mostert,-0.25,8,4500,JAC@CHI,CHI,JAC,,,,,,,,,,,,16565-11556:Michael Hoomanawanui,16565-11556,TE,Michael,Hoomanawanui,2.910000038,10,4500,CAR@NO,NO,CAR,IR,Lower leg,,,,,,,,,,16565-14406:Bruce Miller,16565-14406,RB,Bruce,Miller,2.589999962,10,4500,SF@BUF,SF,BUF,,,,,,,,,,,,16565-7784:Darrius Heyward-Bey,16565-7784,WR,Darrius,Heyward-Bey,3.600000064,3,4500,PIT@MIA,PIT,MIA,,,,,,,,,,,,16565-29725:Levine Toilolo,16565-29725,TE,Levine,Toilolo,1.033333302,3,4500,ATL@SEA,ATL,SEA,,,,,,,,,,,,16565-6702:Phil Dawson,16565-6702,K,Phil,Dawson,5,5,4500,SF@BUF,SF,BUF,,,,,,,,,,,,16565-28088:Denard Robinson,16565-28088,RB,Denard,Robinson,1.299999952,2,4500,JAC@CHI,JAC,CHI,,,,,,,,,,,,16565-27020:Glenn Gronkowski,16565-27020,RB,Glenn,Gronkowski,0,0,4500,CIN@NE,NE,CIN,,,,,,,,,,,,16565-29805:Ryan Hewitt,16565-29805,RB,Ryan,Hewitt,1.544444402,9,4500,CIN@NE,CIN,NE,,,,,,,,,,,,16565-6742:Brent Celek,16565-6742,TE,Brent,Celek,3.066666603,3,4500,PHI@WAS,PHI,WAS,,,,,,,,,,,,16565-7706:Chase Coffman,16565-7706,TE,Chase,Coffman,8.550000191,2,4500,IND@HOU,IND,HOU,,,,,,,,,,,,16565-57348:Glenn Winston,16565-57348,RB,Glenn,Winston,-2.799999952,1,4500,CLE@TEN,CLE,TEN,IR,Shoulder,,,,,,,,,,16565-24862:Rashad Greene,16565-24862,WR,Rashad,Greene,0.975000024,4,4500,JAC@CHI,JAC,CHI,Q,Achilles,,,,,,,,,,16565-14369:Jordan Todman,16565-14369,RB,Jordan,Todman,0,3,4500,IND@HOU,IND,HOU,,,,,,,,,,,,16565-45472:Garrett Griffin,16565-45472,TE,Garrett,Griffin,0,0,4500,CAR@NO,NO,CAR,,,,,,,,,,,,16565-11609:James Starks,16565-11609,RB,James,Starks,3.049999952,4,4500,DAL@GB,GB,DAL,O,Knee,,,,,,,,,,16565-14372:Aldrick Robinson,16565-14372,WR,Aldrick,Robinson,4.525000095,4,4500,ATL@SEA,ATL,SEA,,,,,,,,,,,,16565-28721:Brandon Cottom,16565-28721,RB,Brandon,Cottom,0,0,4500,ATL@SEA,SEA,ATL,IR,Achilles,,,,,,,,,,16565-29821:Jordan Payton,16565-29821,WR,Jordan,Payton,0,0,4500,CLE@TEN,CLE,TEN,,,,,,,,,,,,16565-22047:Ladarius Green,16565-22047,TE,Ladarius,Green,6.876923194,13,4500,PIT@MIA,PIT,MIA,NA,Ankle,,,,,,,,,,16565-33531:Ben Koyack,16565-33531,TE,Ben,Koyack,0,0,4500,JAC@CHI,JAC,CHI,,,,,,,,,,,,16565-22034:Chris Givens,16565-22034,WR,Chris,Givens,3.792857034,14,4500,PHI@WAS,PHI,WAS,,,,,,,,,,,,16565-28735:Daniel Anthrop,16565-28735,WR,Daniel,Anthrop,0,0,4500,IND@HOU,IND,HOU,,,,,,,,,,,,16565-28126:Paul Lang,16565-28126,TE,Paul,Lang,0,0,4500,PIT@MIA,PIT,MIA,,,,,,,,,,,,16565-33473:Chris Brown,16565-33473,WR,Chris,Brown,0,0,4500,DAL@GB,DAL,GB,,,,,,,,,,,,16565-28131:Keith Mumphery,16565-28131,WR,Keith,Mumphery,1.421428544,14,4500,IND@HOU,HOU,IND,,,,,,,,,,,,16565-14355:Niles Paul,16565-14355,TE,Niles,Paul,2.099999905,1,4500,PHI@WAS,WAS,PHI,,,,,,,,,,,,16565-29768:Patrick Skov,16565-29768,RB,Patrick,Skov,0,0,4500,CLE@TEN,CLE,TEN,,,,,,,,,,,,16565-14358:Dwayne Harris,16565-14358,WR,Dwayne,Harris,-0.4,5,4500,BAL@NYG,NYG,BAL,Q,Toe,,,,,,,,,,16565-22063:Keshawn Martin,16565-22063,WR,Keshawn,Martin,5.5,9,4500,SF@BUF,SF,BUF,,,,,,,,,,,,16565-6778:Anthony Fasano,16565-6778,TE,Anthony,Fasano,0.699999968,3,4500,CLE@TEN,TEN,CLE,,,,,,,,,,,,16565-22051:Orson Charles,16565-22051,RB,Orson,Charles,0,0,4500,LA@DET,DET,LA,,,,,,,,,,,,16565-22048:Robert Turbin,16565-22048,RB,Robert,Turbin,4.574999809,4,4500,IND@HOU,IND,HOU,,,,,,,,,,,,16565-28144:Dion Sims,16565-28144,TE,Dion,Sims,2.924999952,4,4500,PIT@MIA,MIA,PIT,,,,,,,,,,,,16565-7718:Cedric Peerman,16565-7718,RB,Cedric,Peerman,0,4,4500,CIN@NE,CIN,NE,IR,Elbow,,,,,,,,,,16565-11635:Marc Mariani,16565-11635,WR,Marc,Mariani,0,5,4500,CLE@TEN,TEN,CLE,,,,,,,,,,,,16565-6767:Ryan Succop,16565-6767,K,Ryan,Succop,5.8,5,4500,CLE@TEN,TEN,CLE,,,,,,,,,,,,16565-14348:Lee Smith,16565-14348,TE,Lee,Smith,1.966666698,3,4500,KC@OAK,OAK,KC,IR,Ankle,,,,,,,,,,16565-12552:Washington Redskins,16565-12552,D,Washington,Redskins,7.2,5,4400,PHI@WAS,WAS,PHI,,,,,,,,,,,,16565-12556:Houston Texans,16565-12556,D,Houston,Texans,7,5,4400,IND@HOU,HOU,IND,,,,,,,,,,,,16565-12535:Indianapolis Colts,16565-12535,D,Indianapolis,Colts,3,5,4400,IND@HOU,IND,HOU,,,,,,,,,,,,16565-12527:Chicago Bears,16565-12527,D,Chicago,Bears,5.2,5,4300,JAC@CHI,CHI,JAC,,,,,,,,,,,,16565-12543:New York Giants,16565-12543,D,New York,Giants,4.4,5,4300,BAL@NYG,NYG,BAL,,,,,,,,,,,,16565-12528:Cincinnati Bengals,16565-12528,D,Cincinnati,Bengals,6,5,4300,CIN@NE,CIN,NE,,,,,,,,,,,,16565-12530:Dallas Cowboys,16565-12530,D,Dallas,Cowboys,4.8,5,4300,DAL@GB,DAL,GB,,,,,,,,,,,,16565-12549:San Francisco 49ers,16565-12549,D,San Francisco,49ers,5.4,5,4200,SF@BUF,SF,BUF,,,,,,,,,,,,16565-12554:Jacksonville Jaguars,16565-12554,D,Jacksonville,Jaguars,4.75,4,4200,JAC@CHI,JAC,CHI,,,,,,,,,,,,16565-12525:Atlanta Falcons,16565-12525,D,Atlanta,Falcons,6.4,5,4200,ATL@SEA,ATL,SEA,,,,,,,,,,,,16565-12529:Cleveland Browns,16565-12529,D,Cleveland,Browns,4.4,5,4100,CLE@TEN,CLE,TEN,,,,,,,,,,,,16565-12542:New Orleans Saints,16565-12542,D,New Orleans,Saints,3.5,4,4000,CAR@NO,NO,CAR,,,,,,,,,,,,16565-12539:Miami Dolphins,16565-12539,D,Miami,Dolphins,6.2,5,4000,PIT@MIA,MIA,PIT,,