QB,RB,RB,WR,WR,WR,TE,K,D,,Instructions,,,,,,,,,,,,,a,,,,,,,,,,1) Create a lineup by inserting any player from this list into their appropriate position columns,,,,,,,,,,,,,a,,,,,,,,,,2) You can paste either the Player ID + Name OR ID from their respective columns,,,,,,,,,,,,,a,,,,,,,,,,3) Any information to the right of the last position column will be ignored in the upload,,,,,,,,,,,,,a,,,,,,,,,,4) Maximum of 250 lineups per upload,,,,,,,,,,,,,a,,,,,,,,,,,,,,,,,,,,,,,a,,,,,,,,,,Player ID + Player Name,Id,Position,First Name,Nickname,Last Name,FPPG,Played,Salary,Game,Team,Opponent,Injury Indicator,Injury Details,,,,,,,,,,16939-6498:Tom Brady,16939-6498,QB,Tom,,Brady,23.5,5,9300,NE@SF,NE,SF,,,,,,,,,,,,16939-28181:Le'Veon Bell,16939-28181,RB,Le'Veon,,Bell,19.30000051,6,9100,PIT@CLE,PIT,CLE,,,,,,,,,,,,16939-6894:Aaron Rodgers,16939-6894,QB,Aaron,,Rodgers,23.77777778,9,9100,GB@WAS,GB,WAS,,,,,,,,,,,,16939-31360:Odell Beckham Jr.,16939-31360,WR,Odell,,Beckham Jr.,15.36666701,9,9000,CHI@NYG,NYG,CHI,,,,,,,,,,,,16939-11612:Antonio Brown,16939-11612,WR,Antonio,,Brown,17.83333333,9,8900,PIT@CLE,PIT,CLE,,,,,,,,,,,,16939-38791:Ezekiel Elliott,16939-38791,RB,Ezekiel,,Elliott,21.38888889,9,8700,BAL@DAL,DAL,BAL,,,,,,,,,,,,16939-14254:DeMarco Murray,16939-14254,RB,DeMarco,,Murray,19.98000031,10,8500,TEN@IND,TEN,IND,,,,,,,,,,,,16939-11460:Rob Gronkowski,16939-11460,TE,Rob,,Gronkowski,12.07142857,7,8400,NE@SF,NE,SF,O,Chest,,,,,,,,,,16939-6589:Ben Roethlisberger,16939-6589,QB,Ben,,Roethlisberger,21.93499947,8,8400,PIT@CLE,PIT,CLE,,,,,,,,,,,,16939-62497:David Johnson,16939-62497,RB,David,,Johnson,22.14444478,9,8300,ARI@MIN,ARI,MIN,,,,,,,,,,,,16939-14187:A.J. Green,16939-14187,WR,A.J.,,Green,17.04444377,9,8200,BUF@CIN,CIN,BUF,,,,,,,,,,,,16939-21939:Andrew Luck,16939-21939,QB,Andrew,,Luck,20.88888889,9,8100,TEN@IND,IND,TEN,,,,,,,,,,,,16939-32384:Mike Evans,16939-32384,WR,Mike,,Evans,17.84444512,9,8000,TB@KC,TB,KC,,,,,,,,,,,,16939-29358:Marcus Mariota,16939-29358,QB,Marcus,,Mariota,20.27799988,10,8000,TEN@IND,TEN,IND,,,,,,,,,,,,16939-6654:Matthew Stafford,16939-6654,QB,Matthew,,Stafford,19.39111159,9,7900,JAC@DET,DET,JAC,,,,,,,,,,,,16939-22031:T.Y. Hilton,16939-22031,WR,T.Y.,,Hilton,14.34444512,9,7900,TEN@IND,IND,TEN,,,,,,,,,,,,16939-6893:Jordy Nelson,16939-6893,WR,Jordy,,Nelson,14.94444444,9,7800,GB@WAS,GB,WAS,,,,,,,,,,,,16939-6826:Eli Manning,16939-6826,QB,Eli,,Manning,16.08222283,9,7700,CHI@NYG,NYG,CHI,,,,,,,,,,,,16939-31459:Spencer Ware,16939-31459,RB,Spencer,,Ware,13.94999981,8,7700,TB@KC,KC,TB,,,,,,,,,,,,16939-22038:Kirk Cousins,16939-22038,QB,Kirk,,Cousins,18.43777805,9,7600,GB@WAS,WAS,GB,,,,,,,,,,,,16939-46882:Jay Ajayi,16939-46882,RB,Jay,,Ajayi,14.92500019,8,7600,MIA@LA,MIA,LA,,,,,,,,,,,,16939-45889:Davante Adams,16939-45889,WR,Davante,,Adams,13.45555539,9,7600,GB@WAS,GB,WAS,,,,,,,,,,,,16939-24849:Jameis Winston,16939-24849,QB,Jameis,,Winston,19.06222195,9,7500,TB@KC,TB,KC,,,,,,,,,,,,16939-6779:LeSean McCoy,16939-6779,RB,LeSean,,McCoy,16.9375,8,7500,BUF@CIN,BUF,CIN,,,,,,,,,,,,16939-14225:Andy Dalton,16939-14225,QB,Andy,,Dalton,17.89111159,9,7500,BUF@CIN,CIN,BUF,,,,,,,,,,,,16939-31716:Dak Prescott,16939-31716,QB,Dak,,Prescott,19.78444417,9,7500,BAL@DAL,DAL,BAL,,,,,,,,,,,,16939-11435:Dez Bryant,16939-11435,WR,Dez,,Bryant,11.46666718,6,7400,BAL@DAL,DAL,BAL,Q,Back,,,,,,,,,,16939-22015:Russell Wilson,16939-22015,QB,Russell,,Wilson,16.23111131,9,7400,PHI@SEA,SEA,PHI,,,,,,,,,,,,16939-6748:Carson Palmer,16939-6748,QB,Carson,,Palmer,16.27000046,8,7400,ARI@MIN,ARI,MIN,,,,,,,,,,,,16939-14377:Tyrod Taylor,16939-14377,QB,Tyrod,,Taylor,18.88444519,9,7300,BUF@CIN,BUF,CIN,,,,,,,,,,,,16939-11779:LeGarrette Blount,16939-11779,RB,LeGarrette,,Blount,15.98888821,9,7300,NE@SF,NE,SF,,,,,,,,,,,,16939-28643:Allen Robinson,16939-28643,WR,Allen,,Robinson,12.32222239,9,7300,JAC@DET,JAC,DET,,,,,,,,,,,,16939-34308:Blake Bortles,16939-34308,QB,Blake,,Bortles,19.42666626,9,7200,JAC@DET,JAC,DET,,,,,,,,,,,,16939-15212:Terrelle Pryor Sr.,16939-15212,WR,Terrelle,,Pryor Sr.,12.39400024,10,7200,PIT@CLE,CLE,PIT,,,,,,,,,,,,16939-6714:Joe Flacco,16939-6714,QB,Joe,,Flacco,15.47333272,9,7100,BAL@DAL,BAL,DAL,,,,,,,,,,,,16939-6883:Larry Fitzgerald,16939-6883,WR,Larry,,Fitzgerald,14.78888957,9,7000,ARI@MIN,ARI,MIN,,,,,,,,,,,,16939-14231:Colin Kaepernick,16939-14231,QB,Colin,,Kaepernick,20.07999992,4,7000,NE@SF,SF,NE,,,,,,,,,,,,16939-21948:Ryan Tannehill,16939-21948,QB,Ryan,,Tannehill,14.53111098,9,6900,MIA@LA,MIA,LA,,,,,,,,,,,,16939-21980:Alshon Jeffery,16939-21980,WR,Alshon,,Jeffery,9.888888889,9,6900,CHI@NYG,CHI,NYG,O,Suspension,,,,,,,,,,16939-30298:Jordan Reed,16939-30298,TE,Jordan,,Reed,12.22857121,7,6900,GB@WAS,WAS,GB,,,,,,,,,,,,16939-31394:Jarvis Landry,16939-31394,WR,Jarvis,,Landry,11.23333316,9,6900,MIA@LA,MIA,LA,Q,Shoulder,,,,,,,,,,16939-42142:Jordan Howard,16939-42142,RB,Jordan,,Howard,12.89999962,8,6800,CHI@NYG,CHI,NYG,,,,,,,,,,,,16939-6535:Kenny Britt,16939-6535,WR,Kenny,,Britt,11.92222256,9,6800,MIA@LA,LA,MIA,,,,,,,,,,,,16939-6607:Mike Wallace,16939-6607,WR,Mike,,Wallace,12.96666633,9,6800,BAL@DAL,BAL,DAL,,,,,,,,,,,,16939-25079:Stefon Diggs,16939-25079,WR,Stefon,,Diggs,14.3125,8,6800,ARI@MIN,MIN,ARI,,,,,,,,,,,,16939-6898:Jay Cutler,16939-6898,QB,Jay,,Cutler,9.595000267,4,6800,CHI@NYG,CHI,NYG,,,,,,,,,,,,16939-14626:Doug Baldwin,16939-14626,WR,Doug,,Baldwin,13.05555556,9,6700,PHI@SEA,SEA,PHI,,,,,,,,,,,,16939-33465:Theo Riddick,16939-33465,RB,Theo,,Riddick,14.92857143,7,6700,JAC@DET,DET,JAC,Q,Ankle,,,,,,,,,,16939-30447:Todd Gurley,16939-30447,RB,Todd,,Gurley,11.18888855,9,6700,MIA@LA,LA,MIA,Q,Thigh,,,,,,,,,,16939-8005:Alex Smith,16939-8005,QB,Alex,,Smith,13.75500011,8,6700,TB@KC,KC,TB,,,,,,,,,,,,16939-11414:Sam Bradford,16939-11414,QB,Sam,,Bradford,14.96000004,8,6600,ARI@MIN,MIN,ARI,,,,,,,,,,,,16939-11485:Golden Tate,16939-11485,WR,Golden,,Tate,10.02222188,9,6600,JAC@DET,DET,JAC,,,,,,,,,,,,16939-32418:Christine Michael,16939-32418,RB,Christine,,Michael,11.83333333,9,6600,GB@WAS,GB,WAS,,,,,,,,,,,,16939-11512:Jimmy Graham,16939-11512,TE,Jimmy,,Graham,10.70000034,9,6500,PHI@SEA,SEA,PHI,,,,,,,,,,,,16939-21970:Doug Martin,16939-21970,RB,Doug,,Martin,8.5,3,6500,TB@KC,TB,KC,,,,,,,,,,,,16939-6639:Tony Romo,16939-6639,QB,Tony,,Romo,11.91499996,4,6500,BAL@DAL,DAL,BAL,Q,Back,,,,,,,,,,16939-22103:Marvin Jones Jr.,16939-22103,WR,Marvin,,Jones Jr.,12.10000017,9,6500,JAC@DET,DET,JAC,,,,,,,,,,,,16939-6803:Josh McCown,16939-6803,QB,Josh,,McCown,12.46666718,3,6500,PIT@CLE,CLE,PIT,,,,,,,,,,,,16939-28473:Carlos Hyde,16939-28473,RB,Carlos,,Hyde,13.34285736,7,6500,NE@SF,SF,NE,,,,,,,,,,,,16939-31561:Donte Moncrief,16939-31561,WR,Donte,,Moncrief,10.44999981,4,6500,TEN@IND,IND,TEN,,,,,,,,,,,,16939-29587:Cody Kessler,16939-29587,QB,Cody,,Kessler,10.60571398,7,6500,PIT@CLE,CLE,PIT,,,,,,,,,,,,16939-14257:Randall Cobb,16939-14257,WR,Randall,,Cobb,10.88749981,8,6500,GB@WAS,GB,WAS,,,,,,,,,,,,16939-14336:Jacquizz Rodgers,16939-14336,RB,Jacquizz,,Rodgers,9.266666412,6,6400,TB@KC,TB,KC,O,Foot,,,,,,,,,,16939-7283:Jeremy Maclin,16939-7283,WR,Jeremy,,Maclin,8.0625,8,6400,TB@KC,KC,TB,O,Groin,,,,,,,,,,16939-22994:Case Keenum,16939-22994,QB,Case,,Keenum,13.42888896,9,6400,MIA@LA,LA,MIA,,,,,,,,,,,,16939-6863:Delanie Walker,16939-6863,TE,Delanie,,Walker,12.04444461,9,6400,TEN@IND,TEN,IND,,,,,,,,,,,,16939-22288:Cole Beasley,16939-22288,WR,Cole,,Beasley,11.32222239,9,6400,BAL@DAL,DAL,BAL,,,,,,,,,,,,16939-24755:Jamison Crowder,16939-24755,WR,Jamison,,Crowder,12.36666701,9,6300,GB@WAS,WAS,GB,,,,,,,,,,,,16939-70324:Carson Wentz,16939-70324,QB,Carson,,Wentz,13.16000027,9,6300,PHI@SEA,PHI,SEA,,,,,,,,,,,,16939-6840:Frank Gore,16939-6840,RB,Frank,,Gore,14.02222188,9,6300,TEN@IND,IND,TEN,,,,,,,,,,,,16939-33557:Tyler Eifert,16939-33557,TE,Tyler,,Eifert,11.06666692,3,6300,BUF@CIN,CIN,BUF,,,,,,,,,,,,16939-54607:Terrance West,16939-54607,RB,Terrance,,West,9.18888855,9,6200,BAL@DAL,BAL,DAL,,,,,,,,,,,,16939-54684:Isaiah Crowell,16939-54684,RB,Isaiah,,Crowell,11.9,10,6200,PIT@CLE,CLE,PIT,,,,,,,,,,,,16939-22027:Nick Foles,16939-22027,QB,Nick,,Foles,14,2,6200,TB@KC,KC,TB,,,,,,,,,,,,16939-33076:Travis Kelce,16939-33076,TE,Travis,,Kelce,9.733333164,9,6100,TB@KC,KC,TB,,,,,,,,,,,,16939-7859:Julian Edelman,16939-7859,WR,Julian,,Edelman,8.39999983,9,6100,NE@SF,NE,SF,Q,Foot,,,,,,,,,,16939-29715:Kevin Hogan,16939-29715,QB,Kevin,,Hogan,6.219999949,3,6000,PIT@CLE,CLE,PIT,,,,,,,,,,,,16939-54604:Jimmy Garoppolo,16939-54604,QB,Jimmy,,Garoppolo,8.859999657,4,6000,NE@SF,NE,SF,,,,,,,,,,,,16939-14704:Chris Hogan,16939-14704,WR,Chris,,Hogan,6.533333249,9,6000,NE@SF,NE,SF,O,Back,,,,,,,,,,16939-30231:Jacoby Brissett,16939-30231,QB,Jacoby,,Brissett,9.433333079,3,6000,NE@SF,NE,SF,IR,Thumb,,,,,,,,,,16939-38435:Jared Goff,16939-38435,QB,Jared,,Goff,0,0,6000,MIA@LA,LA,MIA,,,,,,,,,,,,16939-7744:Drew Stanton,16939-7744,QB,Drew,,Stanton,3.265000105,4,6000,ARI@MIN,ARI,MIN,,,,,,,,,,,,16939-6739:DeSean Jackson,16939-6739,WR,DeSean,,Jackson,7.824999809,8,6000,GB@WAS,WAS,GB,Q,Shoulder,,,,,,,,,,16939-7778:Matt Cassel,16939-7778,QB,Matt,,Cassel,0.25,2,6000,TEN@IND,TEN,IND,,,,,,,,,,,,16939-22163:Rishard Matthews,16939-22163,WR,Rishard,,Matthews,10.23000031,10,6000,TEN@IND,TEN,IND,,,,,,,,,,,,16939-6844:Shaun Hill,16939-6844,QB,Shaun,,Hill,10.23999977,1,6000,ARI@MIN,MIN,ARI,,,,,,,,,,,,16939-7872:Brian Hoyer,16939-7872,QB,Brian,,Hoyer,13.26666641,6,6000,CHI@NYG,CHI,NYG,IR,Forearm,,,,,,,,,,16939-25290:Giovani Bernard,16939-25290,RB,Giovani,,Bernard,10.46666633,9,6000,BUF@CIN,CIN,BUF,,,,,,,,,,,,16939-32514:Trevone Boykin,16939-32514,QB,Trevone,,Boykin,5.400000095,1,6000,PHI@SEA,SEA,PHI,,,,,,,,,,,,16939-27405:Landry Jones,16939-27405,QB,Landry,,Jones,3.484999895,4,6000,PIT@CLE,PIT,CLE,,,,,,,,,,,,16939-7970:Charlie Whitehurst,16939-7970,QB,Charlie,,Whitehurst,10.38000011,1,6000,PIT@CLE,CLE,PIT,,,,,,,,,,,,16939-25410:Mike Glennon,16939-25410,QB,Mike,,Glennon,9,1,6000,TB@KC,TB,KC,,,,,,,,,,,,16939-14194:Blaine Gabbert,16939-14194,QB,Blaine,,Gabbert,15.53999939,5,6000,NE@SF,SF,NE,,,,,,,,,,,,16939-29605:Matt Barkley,16939-29605,QB,Matt,,Barkley,1.139999986,1,6000,CHI@NYG,CHI,NYG,,,,,,,,,,,,16939-14267:Ryan Mallett,16939-14267,QB,Ryan,,Mallett,0.029999999,2,6000,BAL@DAL,BAL,DAL,,,,,,,,,,,,16939-28930:James White,16939-28930,RB,James,,White,8.299999661,9,5900,NE@SF,NE,SF,,,,,,,,,,,,16939-31047:AJ McCarron,16939-31047,QB,AJ,,McCarron,8.17999976,7,5900,BUF@CIN,CIN,BUF,,,,,,,,,,,,16939-54606:John Brown,16939-54606,WR,John,,Brown,7.5,8,5900,ARI@MIN,ARI,MIN,,,,,,,,,,,,16939-31397:Jeremy Hill,16939-31397,RB,Jeremy,,Hill,11.29999966,9,5900,BUF@CIN,CIN,BUF,,,,,,,,,,,,16939-39716:Adam Thielen,16939-39716,WR,Adam,,Thielen,8.266666836,9,5900,ARI@MIN,MIN,ARI,,,,,,,,,,,,16939-27457:Kenny Stills,16939-27457,WR,Kenny,,Stills,7.888888889,9,5900,MIA@LA,MIA,LA,Q,Calf,,,,,,,,,,16939-27477:Sterling Shepard,16939-27477,WR,Sterling,,Shepard,9.566666497,9,5900,CHI@NYG,NYG,CHI,,,,,,,,,,,,16939-14317:Julius Thomas,16939-14317,TE,Julius,,Thomas,8.050000191,8,5900,JAC@DET,JAC,DET,,,,,,,,,,,,16939-24641:Sammy Watkins,16939-24641,WR,Sammy,,Watkins,4.650000095,2,5800,BUF@CIN,BUF,CIN,IR,Foot,,,,,,,,,,16939-30837:Jordan Matthews,16939-30837,WR,Jordan,,Matthews,11.11111111,9,5800,PHI@SEA,PHI,SEA,Q,Back,,,,,,,,,,16939-34154:J.J. Nelson,16939-34154,WR,J.J.,,Nelson,6.5,7,5800,ARI@MIN,ARI,MIN,,,,,,,,,,,,16939-14757:Matt Asiata,16939-14757,RB,Matt,,Asiata,7.333333333,9,5800,ARI@MIN,MIN,ARI,,,,,,,,,,,,16939-33260:DeVante Parker,16939-33260,WR,DeVante,,Parker,7.699999809,8,5800,MIA@LA,MIA,LA,,,,,,,,,,,,16939-6774:Pierre Garcon,16939-6774,WR,Pierre,,Garcon,8.299999661,9,5700,GB@WAS,WAS,GB,,,,,,,,,,,,16939-62538:Cameron Meredith,16939-62538,WR,Cameron,,Meredith,8.742857252,7,5600,CHI@NYG,CHI,NYG,,,,,,,,,,,,16939-54782:Cameron Brate,16939-54782,TE,Cameron,,Brate,9.444444444,9,5600,TB@KC,TB,KC,,,,,,,,,,,,16939-30237:Mike Gillislee,16939-30237,RB,Mike,,Gillislee,7.044444614,9,5600,BUF@CIN,BUF,CIN,,,,,,,,,,,,16939-8052:Rashad Jennings,16939-8052,RB,Rashad,,Jennings,8.083333333,6,5600,CHI@NYG,NYG,CHI,,,,,,,,,,,,16939-11425:Ryan Mathews,16939-11425,RB,Ryan,,Mathews,11.16666667,9,5500,PHI@SEA,PHI,SEA,,,,,,,,,,,,16939-11500:Colt McCoy,16939-11500,QB,Colt,,McCoy,8.819999695,1,5500,GB@WAS,WAS,GB,,,,,,,,,,,,16939-11609:James Starks,16939-11609,RB,James,,Starks,4.820000076,5,5500,GB@WAS,GB,WAS,,,,,,,,,,,,16939-33244:Eli Rogers,16939-33244,WR,Eli,,Rogers,8.583333333,6,5500,PIT@CLE,PIT,CLE,,,,,,,,,,,,16939-6641:Jason Witten,16939-6641,TE,Jason,,Witten,9.144444784,9,5500,BAL@DAL,DAL,BAL,,,,,,,,,,,,16939-6735:Steve Smith Sr.,16939-6735,WR,Steve,,Smith Sr.,10.52857099,7,5500,BAL@DAL,BAL,DAL,,,,,,,,,,,,16939-6808:Matt Moore,16939-6808,QB,Matt,,Moore,0.360000014,1,5500,MIA@LA,MIA,LA,,,,,,,,,,,,16939-7844:Chad Henne,16939-7844,QB,Chad,,Henne,0,0,5500,JAC@DET,JAC,DET,,,,,,,,,,,,16939-8050:Zach Miller,16939-8050,TE,Zach,,Miller,9.166666667,9,5500,CHI@NYG,CHI,NYG,,,,,,,,,,,,16939-25760:Allen Hurns,16939-25760,WR,Allen,,Hurns,8.233333164,9,5400,JAC@DET,JAC,DET,,,,,,,,,,,,16939-54608:Jerick McKinnon,16939-54608,RB,Jerick,,McKinnon,5.275000095,8,5400,ARI@MIN,MIN,ARI,,,,,,,,,,,,16939-31061:T.J. Yeldon,16939-31061,RB,T.J.,,Yeldon,8.288888719,9,5400,JAC@DET,JAC,DET,,,,,,,,,,,,16939-54687:Charcandrick West,16939-54687,RB,Charcandrick,,West,4.537499905,8,5400,TB@KC,KC,TB,,,,,,,,,,,,16939-53681:Tyreek Hill,16939-53681,WR,Tyreek,,Hill,8.666666667,9,5400,TB@KC,KC,TB,,,,,,,,,,,,16939-11864:Chris Ivory,16939-11864,RB,Chris,,Ivory,5.471428462,7,5400,JAC@DET,JAC,DET,,,,,,,,,,,,16939-25272:Eric Ebron,16939-25272,TE,Eric,,Ebron,10.01666641,6,5400,JAC@DET,DET,JAC,,,,,,,,,,,,16939-33766:Rob Kelley,16939-33766,RB,Rob,,Kelley,5.942856925,7,5400,GB@WAS,WAS,GB,,,,,,,,,,,,16939-31732:Corey Coleman,16939-31732,WR,Corey,,Coleman,10.39999962,4,5400,PIT@CLE,CLE,PIT,,,,,,,,,,,,16939-29685:Robert Woods,16939-29685,WR,Robert,,Woods,8.912500381,8,5400,BUF@CIN,BUF,CIN,Q,Foot,,,,,,,,,,16939-14349:Jeremy Kerley,16939-14349,WR,Jeremy,,Kerley,8.711111281,9,5300,NE@SF,SF,NE,,,,,,,,,,,,16939-30733:Cordarrelle Patterson,16939-30733,WR,Cordarrelle,,Patterson,6.011110942,9,5300,ARI@MIN,MIN,ARI,,,,,,,,,,,,16939-31836:Terrance Williams,16939-31836,WR,Terrance,,Williams,6.5625,8,5300,BAL@DAL,DAL,BAL,,,,,,,,,,,,16939-24671:Adam Humphries,16939-24671,WR,Adam,,Humphries,7.255555895,9,5300,TB@KC,TB,KC,,,,,,,,,,,,16939-11495:Brandon LaFell,16939-11495,WR,Brandon,,LaFell,8.555555556,9,5300,BUF@CIN,CIN,BUF,,,,,,,,,,,,16939-14643:DuJuan Harris,16939-14643,RB,DuJuan,,Harris,9.599999746,3,5300,NE@SF,SF,NE,,,,,,,,,,,,16939-32243:Marquise Goodwin,16939-32243,WR,Marquise,,Goodwin,8.014285496,7,5300,BUF@CIN,BUF,CIN,,,,,,,,,,,,16939-22004:Dwayne Allen,16939-22004,TE,Dwayne,,Allen,6.314285823,7,5300,TEN@IND,IND,TEN,,,,,,,,,,,,16939-30244:Matt Jones,16939-30244,RB,Matt,,Jones,10.18571472,7,5300,GB@WAS,WAS,GB,,,,,,,,,,,,16939-7972:Darren Sproles,16939-7972,RB,Darren,,Sproles,9.18888855,9,5300,PHI@SEA,PHI,SEA,,,,,,,,,,,,16939-29734:Ty Montgomery,16939-29734,RB,Ty,,Montgomery,5.574999809,8,5200,GB@WAS,GB,WAS,,,,,,,,,,,,16939-12550:Seattle Seahawks,16939-12550,D,Seattle,,Seahawks,8.666666667,9,5200,PHI@SEA,SEA,PHI,,,,,,,,,,,,16939-6448:Martellus Bennett,16939-6448,TE,Martellus,,Bennett,10.44444444,9,5200,NE@SF,NE,SF,Q,Ankle,,,,,,,,,,16939-6479:Anquan Boldin,16939-6479,WR,Anquan,,Boldin,8.455555386,9,5200,JAC@DET,DET,JAC,,,,,,,,,,,,16939-52560:Geronimo Allison,16939-52560,WR,Geronimo,,Allison,3.76666673,3,5200,GB@WAS,GB,WAS,,,,,,,,,,,,16939-6643:Reggie Bush,16939-6643,RB,Reggie,,Bush,2.866666794,6,5200,BUF@CIN,BUF,CIN,,,,,,,,,,,,16939-6768:Eddie Royal,16939-6768,WR,Eddie,,Royal,9.88571385,7,5200,CHI@NYG,CHI,NYG,Q,Toe,,,,,,,,,,16939-14198:Christian Ponder,16939-14198,QB,Christian,,Ponder,0,0,5200,NE@SF,SF,NE,,,,,,,,,,,,16939-29683:Nelson Agholor,16939-29683,WR,Nelson,,Agholor,5.155555725,9,5200,PHI@SEA,PHI,SEA,,,,,,,,,,,,16939-12546:Arizona Cardinals,16939-12546,D,Arizona,,Cardinals,9.555555556,9,5100,ARI@MIN,ARI,MIN,,,,,,,,,,,,16939-24891:Chris Thompson,16939-24891,RB,Chris,,Thompson,7.822222392,9,5100,GB@WAS,WAS,GB,,,,,,,,,,,,16939-47523:Tajae Sharpe,16939-47523,WR,Tajae,,Sharpe,5.959999847,10,5100,TEN@IND,TEN,IND,,,,,,,,,,,,16939-28095:Thomas Rawls,16939-28095,RB,Thomas,,Rawls,4.800000191,2,5100,PHI@SEA,SEA,PHI,,,,,,,,,,,,16939-34295:Breshad Perriman,16939-34295,WR,Breshad,,Perriman,4.911111196,9,5100,BAL@DAL,BAL,DAL,,,,,,,,,,,,16939-14952:Dan Bailey,16939-14952,K,Dan,,Bailey,9.777777778,9,5100,BAL@DAL,DAL,BAL,,,,,,,,,,,,16939-26458:Tavon Austin,16939-26458,WR,Tavon,,Austin,8.033333672,9,5100,MIA@LA,LA,MIA,,,,,,,,,,,,16939-40857:Peyton Barber,16939-40857,RB,Peyton,,Barber,5.279999924,5,5100,TB@KC,TB,KC,,,,,,,,,,,,16939-30775:Justin Hunter,16939-30775,WR,Justin,,Hunter,5.620000076,5,5000,BUF@CIN,BUF,CIN,Q,Groin,,,,,,,,,,16939-30788:Tyler Bray,16939-30788,QB,Tyler,,Bray,0,0,5000,TB@KC,KC,TB,,,,,,,,,,,,16939-53331:Taylor Heinicke,16939-53331,QB,Taylor,,Heinicke,0,0,5000,ARI@MIN,MIN,ARI,,,,,,,,,,,,16939-27801:Nate Sudfeld,16939-27801,QB,Nate,,Sudfeld,0,0,5000,GB@WAS,WAS,GB,,,,,,,,,,,,16939-29915:Brett Hundley,16939-29915,QB,Brett,,Hundley,0.319999993,1,5000,GB@WAS,GB,WAS,,,,,,,,,,,,16939-25837:Duke Johnson Jr.,16939-25837,RB,Duke,,Johnson Jr.,8.2,10,5000,PIT@CLE,CLE,PIT,,,,,,,,,,,,16939-12536:Kansas City Chiefs,16939-12536,D,Kansas City,,Chiefs,10.77777778,9,5000,TB@KC,KC,TB,,,,,,,,,,,,16939-26877:Jake Heaps,16939-26877,QB,Jake,,Heaps,0,0,5000,PHI@SEA,SEA,PHI,,,,,,,,,,,,16939-27982:Jake Rudock,16939-27982,QB,Jake,,Rudock,0,0,5000,JAC@DET,DET,JAC,,,,,,,,,,,,16939-14696:Scott Tolzien,16939-14696,QB,Scott,,Tolzien,-0.07,2,5000,TEN@IND,IND,TEN,,,,,,,,,,,,16939-24949:EJ Manuel,16939-24949,QB,EJ,,Manuel,1.699999968,3,5000,BUF@CIN,BUF,CIN,,,,,,,,,,,,16939-27050:Tyler Lockett,16939-27050,WR,Tyler,,Lockett,4.511110942,9,5000,PHI@SEA,SEA,PHI,,,,,,,,,,,,16939-54705:Dustin Vaughan,16939-54705,QB,Dustin,,Vaughan,0,0,5000,PIT@CLE,PIT,CLE,,,,,,,,,,,,16939-31170:Brandon Allen,16939-31170,QB,Brandon,,Allen,0,0,5000,JAC@DET,JAC,DET,,,,,,,,,,,,16939-44500:Keith Wenning,16939-44500,QB,Keith,,Wenning,0,0,5000,BUF@CIN,CIN,BUF,,,,,,,,,,,,16939-23045:Justin Tucker,16939-23045,K,Justin,,Tucker,10.66666667,9,5000,BAL@DAL,BAL,DAL,,,,,,,,,,,,16939-31241:Sammie Coates,16939-31241,WR,Sammie,,Coates,7.222222222,9,5000,PIT@CLE,PIT,CLE,,,,,,,,,,,,16939-6668:Adam Vinatieri,16939-6668,K,Adam,,Vinatieri,10.77777778,9,5000,TEN@IND,IND,TEN,,,,,,,,,,,,16939-26141:Ryan Nassib,16939-26141,QB,Ryan,,Nassib,6.71999979,1,5000,CHI@NYG,NYG,CHI,,,,,,,,,,,,16939-6687:Mark Sanchez,16939-6687,QB,Mark,,Sanchez,0.119999997,1,5000,BAL@DAL,DAL,BAL,,,,,,,,,,,,16939-23075:Alex Tanney,16939-23075,QB,Alex,,Tanney,7.960000038,1,5000,TEN@IND,TEN,IND,,,,,,,,,,,,16939-30253:Jeff Driskel,16939-30253,QB,Jeff,,Driskel,0,0,5000,BUF@CIN,CIN,BUF,,,,,,,,,,,,16939-8803:Chase Daniel,16939-8803,QB,Chase,,Daniel,-0.02,2,5000,PHI@SEA,PHI,SEA,,,,,,,,,,,,16939-32366:Jameill Showers,16939-32366,QB,Jameill,,Showers,0,0,5000,BAL@DAL,DAL,BAL,,,,,,,,,,,,16939-34459:B.J. Daniels,16939-34459,QB,B.J.,,Daniels,0.920000017,4,5000,CHI@NYG,CHI,NYG,,,,,,,,,,,,16939-47772:Brandon Doughty,16939-47772,QB,Brandon,,Doughty,0,0,5000,MIA@LA,MIA,LA,,,,,,,,,,,,16939-31421:Zach Mettenberger,16939-31421,QB,Zach,,Mettenberger,7.028571538,7,5000,PIT@CLE,PIT,CLE,,,,,,,,,,,,16939-26355:Logan Thomas,16939-26355,QB,Logan,,Thomas,0,0,5000,CHI@NYG,NYG,CHI,,,,,,,,,,,,16939-29445:Sean Mannion,16939-29445,QB,Sean,,Mannion,1.24000001,1,5000,MIA@LA,LA,MIA,,,,,,,,,,,,16939-70446:Joe Callahan,16939-70446,QB,Joe,,Callahan,0,0,5000,PIT@CLE,CLE,PIT,,,,,,,,,,,,16939-70464:Josh Woodrum,16939-70464,QB,Josh,,Woodrum,0,0,5000,CHI@NYG,CHI,NYG,,,,,,,,,,,,16939-8023:Josh Johnson,16939-8023,QB,Josh,,Johnson,0,0,5000,CHI@NYG,NYG,CHI,,,,,,,,,,,,16939-28515:Cardale Jones,16939-28515,QB,Cardale,,Jones,0,0,5000,BUF@CIN,BUF,CIN,,,,,,,,,,,,16939-8071:Dan Orlovsky,16939-8071,QB,Dan,,Orlovsky,5.519999981,2,5000,JAC@DET,DET,JAC,,,,,,,,,,,,16939-33702:Ryan Griffin,16939-33702,QB,Ryan,,Griffin,0,0,5000,TB@KC,TB,KC,,,,,,,,,,,,16939-39859:Jack Doyle,16939-39859,TE,Jack,,Doyle,8.877777947,9,5000,TEN@IND,IND,TEN,,,,,,,,,,,,16939-43956:David Fales,16939-43956,QB,David,,Fales,0,0,5000,BAL@DAL,BAL,DAL,,,,,,,,,,,,16939-30652:Tanner McEvoy,16939-30652,WR,Tanner,,McEvoy,3.224000168,5,5000,PHI@SEA,SEA,PHI,,,,,,,,,,,,16939-14339:Dion Lewis,16939-14339,RB,Dion,,Lewis,14.59999956,7,4900,NE@SF,NE,SF,,,,,,,,,,,,16939-12541:New England Patriots,16939-12541,D,New England,,Patriots,6.222222222,9,4900,NE@SF,NE,SF,,,,,,,,,,,,16939-12547:Pittsburgh Steelers,16939-12547,D,Pittsburgh,,Steelers,4.111111111,9,4900,PIT@CLE,PIT,CLE,,,,,,,,,,,,16939-39280:Derrick Henry,16939-39280,RB,Derrick,,Henry,5.155555725,9,4900,TEN@IND,TEN,IND,,,,,,,,,,,,16939-21952:Michael Floyd,16939-21952,WR,Michael,,Floyd,8.225000381,8,4900,ARI@MIN,ARI,MIN,,,,,,,,,,,,16939-6704:Percy Harvin,16939-6704,WR,Percy,,Harvin,8.080000305,5,4900,BUF@CIN,BUF,CIN,,,,,,,,,,,,16939-14905:Kamar Aiken,16939-14905,WR,Kamar,,Aiken,2.788888931,9,4900,BAL@DAL,BAL,DAL,,,,,,,,,,,,16939-27229:Ameer Abdullah,16939-27229,RB,Ameer,,Abdullah,12.14999962,2,4900,JAC@DET,DET,JAC,IR,Foot,,,,,,,,,,16939-33472:C.J. Prosise,16939-33472,RB,C.J.,,Prosise,7.480000305,5,4900,PHI@SEA,SEA,PHI,,,,,,,,,,,,16939-7900:Stephen Gostkowski,16939-7900,K,Stephen,,Gostkowski,7.666666667,9,4900,NE@SF,NE,SF,,,,,,,,,,,,16939-11999:Victor Cruz,16939-11999,WR,Victor,,Cruz,6.775000095,8,4900,CHI@NYG,NYG,CHI,,,,,,,,,,,,16939-14237:Kyle Rudolph,16939-14237,TE,Kyle,,Rudolph,9.744444105,9,4900,ARI@MIN,MIN,ARI,,,,,,,,,,,,16939-14240:Lance Kendricks,16939-14240,TE,Lance,,Kendricks,6.177777608,9,4900,MIA@LA,LA,MIA,,,,,,,,,,,,16939-33714:Cairo Santos,16939-33714,K,Cairo,,Santos,10.33333333,9,4900,TB@KC,KC,TB,,,,,,,,,,,,16939-14288:Torrey Smith,16939-14288,WR,Torrey,,Smith,4.977777693,9,4900,NE@SF,SF,NE,Q,Shoulder,,,,,,,,,,16939-28694:Jesse James,16939-28694,TE,Jesse,,James,6.122222053,9,4800,PIT@CLE,PIT,CLE,,,,,,,,,,,,16939-14362:Charles Clay,16939-14362,TE,Charles,,Clay,4.755555471,9,4800,BUF@CIN,BUF,CIN,,,,,,,,,,,,16939-48344:Albert Wilson,16939-48344,WR,Albert,,Wilson,4.442857197,7,4800,TB@KC,KC,TB,,,,,,,,,,,,16939-12539:Miami Dolphins,16939-12539,D,Miami,,Dolphins,8,9,4800,MIA@LA,MIA,LA,,,,,,,,,,,,16939-11532:Dennis Pitta,16939-11532,TE,Dennis,,Pitta,6.722222222,9,4800,BAL@DAL,BAL,DAL,,,,,,,,,,,,16939-24912:Dustin Hopkins,16939-24912,K,Dustin,,Hopkins,10.55555556,9,4800,GB@WAS,WAS,GB,,,,,,,,,,,,16939-43413:Kenneth Dixon,16939-43413,RB,Kenneth,,Dixon,3.179999924,5,4800,BAL@DAL,BAL,DAL,,,,,,,,,,,,16939-27134:Dorial Green-Beckham,16939-27134,WR,Dorial,,Green-Beckham,4.300000191,8,4800,PHI@SEA,PHI,SEA,,,,,,,,,,,,16939-28202:Jeremy Langford,16939-28202,RB,Jeremy,,Langford,6.6,5,4800,CHI@NYG,CHI,NYG,,,,,,,,,,,,16939-6724:Steven Hauschka,16939-6724,K,Steven,,Hauschka,9,9,4800,PHI@SEA,SEA,PHI,,,,,,,,,,,,16939-7784:Darrius Heyward-Bey,16939-7784,WR,Darrius,,Heyward-Bey,5.549999873,6,4800,PIT@CLE,PIT,CLE,O,Foot,,,,,,,,,,16939-30403:Chris Conley,16939-30403,WR,Chris,,Conley,5.122222053,9,4800,TB@KC,KC,TB,,,,,,,,,,,,16939-29500:Markus Wheaton,16939-29500,WR,Markus,,Wheaton,5.03333346,3,4800,PIT@CLE,PIT,CLE,IR,Shoulder,,,,,,,,,,16939-29593:Marqise Lee,16939-29593,WR,Marqise,,Lee,7.544444614,9,4800,JAC@DET,JAC,DET,,,,,,,,,,,,16939-22433:Dominique Jones,16939-22433,TE,Dominique,,Jones,3.599999905,4,4800,MIA@LA,MIA,LA,,,,,,,,,,,,16939-29780:Zach Ertz,16939-29780,TE,Zach,,Ertz,6.385714395,7,4700,PHI@SEA,PHI,SEA,Q,Hamstring,,,,,,,,,,16939-25813:Phillip Dorsett,16939-25813,WR,Phillip,,Dorsett,5.962500095,8,4700,TEN@IND,IND,TEN,,,,,,,,,,,,16939-12538:Los Angeles Rams,16939-12538,D,Los Angeles,,Rams,7.777777778,9,4700,MIA@LA,LA,MIA,,,,,,,,,,,,16939-12543:New York Giants,16939-12543,D,New York,,Giants,6.555555556,9,4700,CHI@NYG,NYG,CHI,,,,,,,,,,,,16939-6422:Gary Barnidge,16939-6422,TE,Gary,,Barnidge,6.390000153,10,4700,PIT@CLE,CLE,PIT,,,,,,,,,,,,16939-32045:Vance McDonald,16939-32045,TE,Vance,,McDonald,7.585714068,7,4700,NE@SF,SF,NE,,,,,,,,,,,,16939-60745:Jason Myers,16939-60745,K,Jason,,Myers,7.222222222,9,4700,JAC@DET,JAC,DET,,,,,,,,,,,,16939-31073:Knile Davis,16939-31073,RB,Knile,,Davis,1.050000032,6,4700,TB@KC,KC,TB,,,,,,,,,,,,16939-41370:Trevor Davis,16939-41370,WR,Trevor,,Davis,0.987500012,8,4700,GB@WAS,GB,WAS,,,,,,,,,,,,16939-21957:Kendall Wright,16939-21957,WR,Kendall,,Wright,8.914285932,7,4700,TEN@IND,TEN,IND,,,,,,,,,,,,16939-43504:Don Jackson,16939-43504,RB,Don,,Jackson,1.066666683,3,4700,GB@WAS,GB,WAS,IR,Knee,,,,,,,,,,16939-39445:Brice Butler,16939-39445,WR,Brice,,Butler,3.75,8,4700,BAL@DAL,DAL,BAL,,,,,,,,,,,,16939-29357:Kenjon Barner,16939-29357,RB,Kenjon,,Barner,3.342857088,7,4700,PHI@SEA,PHI,SEA,,,,,,,,,,,,16939-6897:Mason Crosby,16939-6897,K,Mason,,Crosby,8.333333333,9,4700,GB@WAS,GB,WAS,,,,,,,,,,,,16939-27441:Damien Williams,16939-27441,RB,Damien,,Williams,7.625,8,4700,MIA@LA,MIA,LA,,,,,,,,,,,,16939-30635:Mike Davis,16939-30635,RB,Mike,,Davis,1.857142857,7,4700,NE@SF,SF,NE,,,,,,,,,,,,16939-25783:Mike James,16939-25783,RB,Mike,,James,2.599999905,2,4600,TB@KC,TB,KC,,,,,,,,,,,,16939-12532:Detroit Lions,16939-12532,D,Detroit,,Lions,5,9,4600,JAC@DET,DET,JAC,,,,,,,,,,,,16939-32058:Chris Boswell,16939-32058,K,Chris,,Boswell,6,9,4600,PIT@CLE,PIT,CLE,,,,,,,,,,,,16939-54623:Jeff Janis,16939-54623,WR,Jeff,,Janis,3.049999873,6,4600,GB@WAS,GB,WAS,,,,,,,,,,,,16939-11712:Joique Bell,16939-11712,RB,Joique,,Bell,0.600000024,1,4600,CHI@NYG,CHI,NYG,,,,,,,,,,,,16939-22003:Ronnie Hillman,16939-22003,RB,Ronnie,,Hillman,2.599999905,4,4600,ARI@MIN,MIN,ARI,,,,,,,,,,,,16939-39427:Quinton Patton,16939-39427,WR,Quinton,,Patton,5.388888889,9,4600,NE@SF,SF,NE,,,,,,,,,,,,16939-39449:Charles Johnson,16939-39449,WR,Charles,,Johnson,1.700000048,8,4600,ARI@MIN,MIN,ARI,,,,,,,,,,,,16939-22113:Alfred Morris,16939-22113,RB,Alfred,,Morris,3.811111026,9,4600,BAL@DAL,DAL,BAL,,,,,,,,,,,,16939-6782:Matt Prater,16939-6782,K,Matt,,Prater,9,9,4600,JAC@DET,DET,JAC,,,,,,,,,,,,16939-29314:Richard Rodgers,16939-29314,TE,Richard,,Rodgers,4.125,8,4600,GB@WAS,GB,WAS,,,,,,,,,,,,16939-15006:Shaun Draughn,16939-15006,RB,Shaun,,Draughn,3.942857197,7,4600,NE@SF,SF,NE,,,,,,,,,,,,16939-22219:Jermaine Kearse,16939-22219,WR,Jermaine,,Kearse,4.85555564,9,4600,PHI@SEA,SEA,PHI,,,,,,,,,,,,16939-27411:Aaron Ripkowski,16939-27411,RB,Aaron,,Ripkowski,1.9,5,4600,GB@WAS,GB,WAS,,,,,,,,,,,,16939-14245:Shane Vereen,16939-14245,RB,Shane,,Vereen,9.400000254,3,4600,CHI@NYG,NYG,CHI,IR,Triceps,,,,,,,,,,16939-31748:Levi Norwood,16939-31748,WR,Levi,,Norwood,0,0,4500,PIT@CLE,PIT,CLE,,,,,,,,,,,,16939-57348:Glenn Winston,16939-57348,RB,Glenn,,Winston,-2.799999952,1,4500,PIT@CLE,CLE,PIT,IR,Shoulder,,,,,,,,,,16939-54280:Duke Williams,16939-54280,WR,Duke,,Williams,0,0,4500,MIA@LA,LA,MIA,,,,,,,,,,,,16939-24589:Jaron Brown,16939-24589,WR,Jaron,,Brown,5.03333346,6,4500,ARI@MIN,ARI,MIN,IR,Knee,,,,,,,,,,16939-12305:Will Tukuafu,16939-12305,RB,Will,,Tukuafu,0,1,4500,PHI@SEA,SEA,PHI,,,,,,,,,,,,16939-14355:Niles Paul,16939-14355,TE,Niles,,Paul,1.850000024,2,4500,GB@WAS,WAS,GB,IR,Shoulder,,,,,,,,,,16939-14358:Dwayne Harris,16939-14358,WR,Dwayne,,Harris,-0.222222222,9,4500,CHI@NYG,NYG,CHI,,,,,,,,,,,,16939-27672:Matt LaCosse,16939-27672,TE,Matt,,LaCosse,3.700000048,1,4500,CHI@NYG,NYG,CHI,IR,Knee,,,,,,,,,,16939-29723:Stepfan Taylor,16939-29723,RB,Stepfan,,Taylor,0.600000024,2,4500,ARI@MIN,ARI,MIN,,,,,,,,,,,,16939-14369:Jordan Todman,16939-14369,RB,Jordan,,Todman,1,6,4500,TEN@IND,IND,TEN,,,,,,,,,,,,16939-26657:Christian Powell,16939-26657,RB,Christian,,Powell,0,0,4500,PIT@CLE,PIT,CLE,,,,,,,,,,,,16939-32807:Anthony Denham,16939-32807,TE,Anthony,,Denham,0,0,4500,PHI@SEA,PHI,SEA,,,,,,,,,,,,16939-62505:MyCole Pruitt,16939-62505,TE,MyCole,,Pruitt,1.200000048,1,4500,ARI@MIN,MIN,ARI,,,,,,,,,,,,16939-21547:Will Johnson,16939-21547,RB,Will,,Johnson,2.260000038,5,4500,CHI@NYG,NYG,CHI,IR,Shoulder,,,,,,,,,,16939-27692:Josh Ferguson,16939-27692,RB,Josh,,Ferguson,3.049999952,8,4500,TEN@IND,IND,TEN,,,,,,,,,,,,16939-62508:James O'Shaughnessy,16939-62508,TE,James,,O'Shaughnessy,0.5,1,4500,TB@KC,KC,TB,,,,,,,,,,,,16939-28721:Brandon Cottom,16939-28721,RB,Brandon,,Cottom,0,0,4500,PHI@SEA,SEA,PHI,IR,Achilles,,,,,,,,,,16939-62515:Neal Sterling,16939-62515,TE,Neal,,Sterling,1.5,1,4500,JAC@DET,JAC,DET,Q,Foot,,,,,,,,,,16939-28735:Daniel Anthrop,16939-28735,WR,Daniel,,Anthrop,0,0,4500,TEN@IND,IND,TEN,,,,,,,,,,,,16939-14406:Bruce Miller,16939-14406,RB,Bruce,,Miller,2.589999962,10,4500,NE@SF,SF,NE,,,,,,,,,,,,16939-28744:Raheem Mostert,16939-28744,RB,Raheem,,Mostert,-0.25,8,4500,CHI@NYG,CHI,NYG,,,,,,,,,,,,16939-29768:Patrick Skov,16939-29768,RB,Patrick,,Skov,0,0,4500,PIT@CLE,CLE,PIT,,,,,,,,,,,,16939-48224:Wes Saxton,16939-48224,TE,Wes,,Saxton,0,1,4500,GB@WAS,WAS,GB,,,,,,,,,,,,16939-24679:Zac Brooks,16939-24679,RB,Zac,,Brooks,0,0,4500,TB@KC,KC,TB,,,,,,,,,,,,16939-24682:Andre Ellington,16939-24682,RB,Andre,,Ellington,1.266666624,9,4500,ARI@MIN,ARI,MIN,,,,,,,,,,,,16939-29805:Ryan Hewitt,16939-29805,RB,Ryan,,Hewitt,1.544444402,9,4500,BUF@CIN,CIN,BUF,,,,,,,,,,,,16939-29821:Jordan Payton,16939-29821,WR,Jordan,,Payton,0.400000006,2,4500,PIT@CLE,CLE,PIT,,,,,,,,,,,,16939-29830:Shaq Evans,16939-29830,WR,Shaq,,Evans,0,0,4500,NE@SF,NE,SF,,,,,,,,,,,,16939-62600:Joshua Stangby,16939-62600,WR,Joshua,,Stangby,0,0,4500,TEN@IND,IND,TEN,,,,,,,,,,,,16939-25751:Chris Pantale,16939-25751,TE,Chris,,Pantale,0,0,4500,PHI@SEA,PHI,SEA,,,,,,,,,,,,16939-62616:Zach Zenner,16939-62616,RB,Zach,,Zenner,5.379999924,5,4500,JAC@DET,DET,JAC,,,,,,,,,,,,16939-62617:Khari Lee,16939-62617,TE,Khari,,Lee,0,1,4500,JAC@DET,DET,JAC,,,,,,,,,,,,16939-62619:Andrew Franks,16939-62619,K,Andrew,,Franks,6.555555556,9,4500,MIA@LA,MIA,LA,,,,,,,,,,,,16939-29854:Kevin McDermott,16939-29854,TE,Kevin,,McDermott,0,16,4500,ARI@MIN,MIN,ARI,,,,,,,,,,,,16939-62623:John Crockett,16939-62623,RB,John,,Crockett,1.049999952,2,4500,GB@WAS,GB,WAS,IR,Shoulder,,,,,,,,,,16939-62628:DeAndre Carter,16939-62628,WR,DeAndre,,Carter,0,0,4500,NE@SF,NE,SF,,,,,,,,,,,,16939-11431:Jermaine Gresham,16939-11431,TE,Jermaine,,Gresham,2.433333291,9,4500,ARI@MIN,ARI,MIN,,,,,,,,,,,,16939-62633:Matt Lengel,16939-62633,TE,Matt,,Lengel,0,0,4500,NE@SF,NE,SF,,,,,,,,,,,,16939-29866:Paul Perkins,16939-29866,RB,Paul,,Perkins,4.450000127,6,4500,CHI@NYG,NYG,CHI,,,,,,,,,,,,16939-25789:Rashawn Scott,16939-25789,WR,Rashawn,,Scott,0,0,4500,MIA@LA,MIA,LA,,,,,,,,,,,,16939-11457:Arrelious Benn,16939-11457,WR,Arrelious,,Benn,2.512500048,8,4500,JAC@DET,JAC,DET,,,,,,,,,,,,16939-62668:John Peters,16939-62668,TE,John,,Peters,0,0,4500,BUF@CIN,CIN,BUF,,,,,,,,,,,,16939-57556:Jerome Cunningham,16939-57556,TE,Jerome,,Cunningham,1.649999936,6,4500,TEN@IND,TEN,IND,,,,,,,,,,,,16939-62680:Donteea Dye,16939-62680,WR,Donteea,,Dye,2.470000076,10,4500,TB@KC,TB,KC,,,,,,,,,,,,16939-22746:Kashif Moore,16939-22746,WR,Kashif,,Moore,0,0,4500,TB@KC,KC,TB,,,,,,,,,,,,16939-34014:Aaron Dobson,16939-34014,WR,Aaron,,Dobson,3.433333397,6,4500,JAC@DET,DET,JAC,,,,,,,,,,,,16939-9442:Brandon Tate,16939-9442,WR,Brandon,,Tate,1.075000048,8,4500,BUF@CIN,BUF,CIN,,,,,,,,,,,,16939-22754:Garrett Celek,16939-22754,TE,Garrett,,Celek,4.214285714,7,4500,NE@SF,SF,NE,,,,,,,,,,,,16939-28907:Alex Erickson,16939-28907,WR,Alex,,Erickson,0.277777778,9,4500,BUF@CIN,CIN,BUF,,,,,,,,,,,,16939-22767:Brian Tyms,16939-22767,WR,Brian,,Tyms,0,0,4500,TEN@IND,IND,TEN,,,,,,,,,,,,16939-11504:Andre Roberts,16939-11504,WR,Andre,,Roberts,2.511111153,9,4500,JAC@DET,DET,JAC,,,,,,,,,,,,16939-12528:Cincinnati Bengals,16939-12528,D,Cincinnati,,Bengals,5.222222222,9,4500,BUF@CIN,CIN,BUF,,,,,,,,,,,,16939-24817:Nick O'Leary,16939-24817,TE,Nick,,O'Leary,2.48333327,6,4500,BUF@CIN,BUF,CIN,,,,,,,,,,,,16939-39153:Ifeanyi Momah,16939-39153,TE,Ifeanyi,,Momah,2,3,4500,ARI@MIN,ARI,MIN,IR,Wrist,,,,,,,,,,16939-12530:Dallas Cowboys,16939-12530,D,Dallas,,Cowboys,5.222222222,9,4500,BAL@DAL,DAL,BAL,,,,,,,,,,,,16939-22774:Jonas Gray,16939-22774,RB,Jonas,,Gray,4.100000109,7,4500,JAC@DET,JAC,DET,,,,,,,,,,,,16939-11511:Tony Moeaki,16939-11511,TE,Tony,,Moeaki,4.433333397,3,4500,CHI@NYG,CHI,NYG,,,,,,,,,,,,16939-12540:Minnesota Vikings,16939-12540,D,Minnesota,,Vikings,11.11111111,9,4500,ARI@MIN,MIN,ARI,,,,,,,,,,,,16939-43260:Darion Griswold,16939-43260,TE,Darion,,Griswold,0,0,4500,TEN@IND,IND,TEN,,,,,,,,,,,,16939-32000:Luke Willson,16939-32000,TE,Luke,,Willson,1.6,5,4500,PHI@SEA,SEA,PHI,,,,,,,,,,,,16939-11522:Marcus Easley,16939-11522,WR,Marcus,,Easley,4.100000064,3,4500,BUF@CIN,BUF,CIN,NA,Kneecap,,,,,,,,,,16939-34051:Deshon Foxx,16939-34051,WR,Deshon,,Foxx,0,0,4500,PHI@SEA,SEA,PHI,,,,,,,,,,,,16939-28933:Jared Abbrederis,16939-28933,WR,Jared,,Abbrederis,0.649999976,2,4500,GB@WAS,GB,WAS,,,,,,,,,,,,16939-30989:Kenyan Drake,16939-30989,RB,Kenyan,,Drake,4.51666673,6,4500,MIA@LA,MIA,LA,,,,,,,,,,,,16939-30990:Jalston Fowler,16939-30990,RB,Jalston,,Fowler,1.899999976,1,4500,TEN@IND,TEN,IND,,,,,,,,,,,,16939-24847:Will Tye,16939-24847,TE,Will,,Tye,4.111111111,9,4500,CHI@NYG,NYG,CHI,,,,,,,,,,,,16939-11543:Clay Harbor,16939-11543,TE,Clay,,Harbor,1.700000048,2,4500,JAC@DET,DET,JAC,,,,,,,,,,,,16939-33047:Chris Moore,16939-33047,WR,Chris,,Moore,1.037500024,8,4500,BAL@DAL,BAL,DAL,,,,,,,,,,,,16939-55577:Hunter Sharp,16939-55577,WR,Hunter,,Sharp,0,0,4500,PHI@SEA,PHI,SEA,,,,,,,,,,,,16939-6427:Connor Barth,16939-6427,K,Connor,,Barth,6,9,4500,CHI@NYG,CHI,NYG,,,,,,,,,,,,16939-53532:Roger Lewis,16939-53532,WR,Roger,,Lewis,5.074999809,4,4500,CHI@NYG,NYG,CHI,,,,,,,,,,,,16939-24862:Rashad Greene Sr.,16939-24862,WR,Rashad,,Greene Sr.,0.616666675,6,4500,JAC@DET,JAC,DET,,,,,,,,,,,,16939-25886:Devin Street,16939-25886,WR,Devin,,Street,1.25,2,4500,TEN@IND,IND,TEN,,,,,,,,,,,,16939-45343:Daniel Braverman,16939-45343,WR,Daniel,,Braverman,0,0,4500,CHI@NYG,CHI,NYG,,,,,,,,,,,,16939-29991:Bishop Sankey,16939-29991,RB,Bishop,,Sankey,4.183333397,12,4500,TB@KC,KC,TB,,,,,,,,,,,,16939-31015:DeAndrew White,16939-31015,WR,DeAndrew,,White,1.399999976,2,4500,NE@SF,NE,SF,,,,,,,,,,,,16939-11562:Andrew Quarless,16939-11562,TE,Andrew,,Quarless,1.699999968,3,4500,JAC@DET,DET,JAC,,,,,,,,,,,,16939-24882:Roberto Aguayo,16939-24882,K,Roberto,,Aguayo,5.333333333,9,4500,TB@KC,TB,KC,,,,,,,,,,,,16939-30012:Kevin Smith,16939-30012,WR,Kevin,,Smith,1.933333397,3,4500,PHI@SEA,SEA,PHI,,,,,,,,,,,,16939-22849:Cory Harkey,16939-22849,TE,Cory,,Harkey,0.849999984,6,4500,MIA@LA,LA,MIA,,,,,,,,,,,,16939-27974:Tevaun Smith,16939-27974,WR,Tevaun,,Smith,0,0,4500,TEN@IND,IND,TEN,,,,,,,,,,,,16939-29003:Ka'Deem Carey,16939-29003,RB,Ka'Deem,,Carey,2.457142966,7,4500,CHI@NYG,CHI,NYG,,,,,,,,,,,,16939-54612:Lorenzo Taliaferro,16939-54612,RB,Lorenzo,,Taliaferro,2.5,1,4500,BAL@DAL,BAL,DAL,D,Thigh,,,,,,,,,,16939-6488:Dwayne Bowe,16939-6488,WR,Dwayne,,Bowe,1.114285742,7,4500,PIT@CLE,CLE,PIT,,,,,,,,,,,,16939-54621:Walt Powell,16939-54621,WR,Walt,,Powell,3.433333397,6,4500,BUF@CIN,BUF,CIN,Q,Hip,,,,,,,,,,16939-48482:David Morgan,16939-48482,TE,David,,Morgan,0,0,4500,ARI@MIN,MIN,ARI,,,,,,,,,,,,16939-22898:Brandon Bolden,16939-22898,RB,Brandon,,Bolden,0.966666698,3,4500,NE@SF,NE,SF,,,,,,,,,,,,16939-11635:Marc Mariani,16939-11635,WR,Marc,,Mariani,0,10,4500,TEN@IND,TEN,IND,,,,,,,,,,,,16939-38264:Demarcus Robinson,16939-38264,WR,Demarcus,,Robinson,0,0,4500,TB@KC,KC,TB,,,,,,,,,,,,16939-28030:Fitzgerald Toussaint,16939-28030,RB,Fitzgerald,,Toussaint,0.400000016,6,4500,PIT@CLE,PIT,CLE,,,,,,,,,,,,16939-11648:Jim Dray,16939-11648,TE,Jim,,Dray,1.011111153,9,4500,BUF@CIN,BUF,CIN,,,,,,,,,,,,16939-54659:Tony Washington,16939-54659,WR,Tony,,Washington,0.800000012,1,4500,JAC@DET,JAC,DET,,,,,,,,,,,,16939-22920:Derek Carrier,16939-22920,TE,Derek,,Carrier,2.600000035,11,4500,GB@WAS,WAS,GB,,,,,,,,,,,,16939-27020:Glenn Gronkowski,16939-27020,RB,Glenn,,Gronkowski,0,0,4500,NE@SF,NE,SF,,,,,,,,,,,,16939-55694:Mike Thomas,16939-55694,WR,Mike,,Thomas,0,3,4500,MIA@LA,LA,MIA,,,,,,,,,,,,16939-22938:Rod Streater,16939-22938,WR,Rod,,Streater,1.316666683,6,4500,NE@SF,SF,NE,,,,,,,,,,,,16939-29084:Rashad Ross,16939-29084,WR,Rashad,,Ross,0.649999976,2,4500,GB@WAS,WAS,GB,,,,,,,,,,,,16939-30108:Marquess Wilson,16939-30108,WR,Marquess,,Wilson,6.036363775,11,4500,CHI@NYG,CHI,NYG,Q,Foot,,,,,,,,,,16939-38301:Darren Fells,16939-38301,TE,Darren,,Fells,2.650000095,4,4500,ARI@MIN,ARI,MIN,,,,,,,,,,,,16939-54690:Freddie Martino,16939-54690,WR,Freddie,,Martino,4.066666603,3,4500,TB@KC,TB,KC,,,,,,,,,,,,16939-6566:Chris Johnson,16939-6566,RB,Chris,,Johnson,3.875,4,4500,ARI@MIN,ARI,MIN,IR,Groin,,,,,,,,,,16939-54694:Justin Perillo,16939-54694,TE,Justin,,Perillo,1.375,4,4500,GB@WAS,GB,WAS,,,,,,,,,,,,16939-6567:David Johnson,16939-6567,TE,David,,Johnson,1.300000032,6,4500,PIT@CLE,PIT,CLE,,,,,,,,,,,,16939-22958:Bobby Rainey,16939-22958,RB,Bobby,,Rainey,4.600000064,6,4500,CHI@NYG,NYG,CHI,,,,,,,,,,,,16939-22959:Deonte Thompson,16939-22959,WR,Deonte,,Thompson,0.112499997,8,4500,CHI@NYG,CHI,NYG,,,,,,,,,,,,16939-34224:Kennard Backman,16939-34224,TE,Kennard,,Backman,0,7,4500,NE@SF,NE,SF,,,,,,,,,,,,16939-25011:Darren Waller,16939-25011,TE,Darren,,Waller,5.550000191,2,4500,BAL@DAL,BAL,DAL,,,,,,,,,,,,16939-31157:Cobi Hamilton,16939-31157,WR,Cobi,,Hamilton,5.025000095,4,4500,PIT@CLE,PIT,CLE,,,,,,,,,,,,16939-26038:Tyler Kroft,16939-26038,TE,Tyler,,Kroft,2.366666635,6,4500,BUF@CIN,CIN,BUF,,,,,,,,,,,,16939-28088:Denard Robinson,16939-28088,RB,Denard,,Robinson,1.299999952,2,4500,JAC@DET,JAC,DET,,,,,,,,,,,,16939-32185:Zach Line,16939-32185,RB,Zach,,Line,0.324999988,4,4500,ARI@MIN,MIN,ARI,,,,,,,,,,,,16939-26045:Leonte Carroo,16939-26045,WR,Leonte,,Carroo,0.800000032,3,4500,MIA@LA,MIA,LA,,,,,,,,,,,,16939-33218:Bryce Williams,16939-33218,TE,Bryce,,Williams,0,0,4500,MIA@LA,LA,MIA,,,,,,,,,,,,16939-6595:Matt Spaeth,16939-6595,TE,Matt,,Spaeth,0.666666667,3,4500,PIT@CLE,PIT,CLE,,,,,,,,,,,,16939-10695:Darrel Young,16939-10695,RB,Darrel,,Young,0.688888868,9,4500,CHI@NYG,CHI,NYG,,,,,,,,,,,,16939-26057:Michael Burton,16939-26057,RB,Michael,,Burton,0,1,4500,JAC@DET,DET,JAC,,,,,,,,,,,,16939-31184:Jonathan Williams,16939-31184,RB,Jonathan,,Williams,1.875,4,4500,BUF@CIN,BUF,CIN,,,,,,,,,,,,16939-21972:Brian Quick,16939-21972,WR,Brian,,Quick,8.122222053,9,4500,MIA@LA,LA,MIA,,,,,,,,,,,,16939-31191:Mekale McKay,16939-31191,WR,Mekale,,McKay,0,0,4500,TEN@IND,IND,TEN,,,,,,,,,,,,16939-23003:Phillip Supernaw,16939-23003,TE,Phillip,,Supernaw,2.049999952,4,4500,TEN@IND,TEN,IND,,,,,,,,,,,,16939-25052:Zach Laskey,16939-25052,RB,Zach,,Laskey,0,0,4500,MIA@LA,LA,MIA,IR,Undisclosed,,,,,,,,,,16939-26076:Sam Bergen,16939-26076,RB,Sam,,Bergen,0,0,4500,TEN@IND,TEN,IND,,,,,,,,,,,,16939-15838:Erik Swoope,16939-15838,TE,Erik,,Swoope,4.125,4,4500,TEN@IND,IND,TEN,,,,,,,,,,,,16939-28126:Paul Lang,16939-28126,TE,Paul,,Lang,0,0,4500,PIT@CLE,PIT,CLE,,,,,,,,,,,,16939-21984:Isaiah Pead,16939-21984,RB,Isaiah,,Pead,1.649999976,2,4500,MIA@LA,MIA,LA,,,,,,,,,,,,16939-31207:C.J. Uzomah,16939-31207,TE,C.J.,,Uzomah,4.633333206,6,4500,BUF@CIN,CIN,BUF,D,Calf,,,,,,,,,,16939-32234:Malcolm Brown,16939-32234,RB,Malcolm,,Brown,1.699999968,3,4500,MIA@LA,LA,MIA,,,,,,,,,,,,16939-6636:Mike Nugent,16939-6636,K,Mike,,Nugent,7.888888889,9,4500,BUF@CIN,CIN,BUF,,,,,,,,,,,,16939-28144:Dion Sims,16939-28144,TE,Dion,,Sims,2.23333327,6,4500,MIA@LA,MIA,LA,,,,,,,,,,,,16939-34288:Rannell Hall,16939-34288,WR,Rannell,,Hall,0,1,4500,PIT@CLE,CLE,PIT,IR,Leg,,,,,,,,,,16939-39411:Gavin Escobar,16939-39411,TE,Gavin,,Escobar,6.699999809,1,4500,BAL@DAL,DAL,BAL,,,,,,,,,,,,16939-45562:Paul Lasike,16939-45562,RB,Paul,,Lasike,0.366666675,3,4500,CHI@NYG,CHI,NYG,,,,,,,,,,,,16939-6653:Jerome Felton,16939-6653,RB,Jerome,,Felton,0.799999986,7,4500,BUF@CIN,BUF,CIN,,,,,,,,,,,,16939-29183:D.J. Foster,16939-29183,RB,D.J.,,Foster,1.033333302,3,4500,NE@SF,NE,SF,,,,,,,,,,,,16939-6660:Donald Brown,16939-6660,RB,Donald,,Brown,6.950000127,6,4500,NE@SF,NE,SF,,,,,,,,,,,,16939-39428:Kyle Juszczyk,16939-39428,RB,Kyle,,Juszczyk,2.944444444,9,4500,BAL@DAL,BAL,DAL,,,,,,,,,,,,16939-6672:Marcedes Lewis,16939-6672,TE,Marcedes,,Lewis,3.366666582,9,4500,JAC@DET,JAC,DET,,,,,,,,,,,,16939-22034:Chris Givens,16939-22034,WR,Chris,,Givens,3.792857034,14,4500,PHI@SEA,PHI,SEA,,,,,,,,,,,,16939-30228:Tyler Murphy,16939-30228,WR,Tyler,,Murphy,2.099999905,1,4500,MIA@LA,MIA,LA,,,,,,,,,,,,16939-7706:Chase Coffman,16939-7706,TE,Chase,,Coffman,8.550000191,2,4500,TEN@IND,IND,TEN,,,,,,,,,,,,16939-31261:Tre Mason,16939-31261,RB,Tre,,Mason,3.269230769,13,4500,MIA@LA,LA,MIA,O,Personal,,,,,,,,,,16939-22047:Ladarius Green,16939-22047,TE,Ladarius,,Green,4.5,1,4500,PIT@CLE,PIT,CLE,,,,,,,,,,,,16939-31263:Ricardo Louis,16939-31263,WR,Ricardo,,Louis,3.287499905,8,4500,PIT@CLE,CLE,PIT,,,,,,,,,,,,16939-32287:Cayleb Jones,16939-32287,WR,Cayleb,,Jones,0,0,4500,PHI@SEA,PHI,SEA,,,,,,,,,,,,16939-39455:Kerwynn Williams,16939-39455,RB,Kerwynn,,Williams,3.46666654,6,4500,ARI@MIN,ARI,MIN,,,,,,,,,,,,16939-22048:Robert Turbin,16939-22048,RB,Robert,,Turbin,4.199999809,8,4500,TEN@IND,IND,TEN,,,,,,,,,,,,16939-22051:Orson Charles,16939-22051,TE,Orson,,Charles,0,0,4500,JAC@DET,DET,JAC,,,,,,,,,,,,16939-31269:Corey Grant,16939-31269,RB,Corey,,Grant,2,4,4500,JAC@DET,JAC,DET,,,,,,,,,,,,16939-7718:Cedric Peerman,16939-7718,RB,Cedric,,Peerman,0,4,4500,BUF@CIN,CIN,BUF,IR,Elbow,,,,,,,,,,16939-22054:Jarius Wright,16939-22054,WR,Jarius,,Wright,3.299999952,2,4500,ARI@MIN,MIN,ARI,,,,,,,,,,,,16939-6702:Phil Dawson,16939-6702,K,Phil,,Dawson,7.444444444,9,4500,NE@SF,SF,NE,,,,,,,,,,,,16939-22063:Keshawn Martin,16939-22063,WR,Keshawn,,Martin,-2,1,4500,NE@SF,SF,NE,,,,,,,,,,,,16939-25135:Marcus Leak,16939-25135,WR,Marcus,,Leak,0,0,4500,TEN@IND,IND,TEN,,,,,,,,,,,,16939-31280:Cody Parkey,16939-31280,K,Cody,,Parkey,6.5,8,4500,PIT@CLE,CLE,PIT,,,,,,,,,,,,16939-22065:Rhett Ellison,16939-22065,TE,Rhett,,Ellison,2.950000048,4,4500,ARI@MIN,MIN,ARI,,,,,,,,,,,,16939-29237:Chris Harper,16939-29237,WR,Chris,,Harper,0,1,4500,NE@SF,SF,NE,,,,,,,,,,,,16939-30261:Caleb Sturgis,16939-30261,K,Caleb,,Sturgis,10.66666667,9,4500,PHI@SEA,PHI,SEA,,,,,,,,,,,,16939-32309:M.J. McFarland,16939-32309,TE,M.J.,,McFarland,0,0,4500,PHI@SEA,PHI,SEA,,,,,,,,,,,,16939-28226:Aaron Burbridge,16939-28226,WR,Aaron,,Burbridge,0.25,4,4500,NE@SF,SF,NE,,,,,,,,,,,,16939-72262:Nick Truesdell,16939-72262,TE,Nick,,Truesdell,0,0,4500,TEN@IND,IND,TEN,,,,,,,,,,,,16939-12872:James Develin,16939-12872,RB,James,,Develin,0,1,4500,NE@SF,NE,SF,,,,,,,,,,,,16939-6732:DeAngelo Williams,16939-6732,RB,DeAngelo,,Williams,9.742856707,7,4500,PIT@CLE,PIT,CLE,O,Knee,,,,,,,,,,16939-31308:Quan Bray,16939-31308,WR,Quan,,Bray,0.966666698,6,4500,TEN@IND,IND,TEN,IR,Ankle,,,,,,,,,,16939-7761:Jared Cook,16939-7761,TE,Jared,,Cook,2.76666673,3,4500,GB@WAS,GB,WAS,Q,Ankle,,,,,,,,,,16939-6742:Brent Celek,16939-6742,TE,Brent,,Celek,2.360000038,5,4500,PHI@SEA,PHI,SEA,,,,,,,,,,,,16939-28246:Isaac Fruechte,16939-28246,WR,Isaac,,Fruechte,0,0,4500,ARI@MIN,MIN,ARI,,,,,,,,,,,,16939-39512:Kendall Gaskins,16939-39512,RB,Kendall,,Gaskins,3.674999952,4,4500,NE@SF,SF,NE,,,,,,,,,,,,16939-28249:David Cobb,16939-28249,RB,David,,Cobb,2.985714231,7,4500,CHI@NYG,CHI,NYG,,,,,,,,,,,,16939-30297:Trey Burton,16939-30297,TE,Trey,,Burton,3.800000054,7,4500,PHI@SEA,PHI,SEA,,,,,,,,,,,,16939-22109:Greg Zuerlein,16939-22109,K,Greg,,Zuerlein,7.5,8,4500,MIA@LA,LA,MIA,,,,,,,,,,,,16939-22110:Blair Walsh,16939-22110,K,Blair,,Walsh,6.333333333,9,4500,ARI@MIN,MIN,ARI,,,,,,,,,,,,16939-31329:Russell Shepard,16939-31329,WR,Russell,,Shepard,6.040000153,5,4500,TB@KC,TB,KC,Q,Hip,,,,,,,,,,16939-30307:Mack Brown,16939-30307,RB,Mack,,Brown,0,0,4500,GB@WAS,WAS,GB,,,,,,,,,,,,16939-12903:Andrew Hawkins,16939-12903,WR,Andrew,,Hawkins,5.370000076,10,4500,PIT@CLE,CLE,PIT,,,,,,,,,,,,16939-29290:Bryce Treggs,16939-29290,WR,Bryce,,Treggs,7.900000095,1,4500,PHI@SEA,PHI,SEA,,,,,,,,,,,,16939-22123:James Hanna,16939-22123,TE,James,,Hanna,1.549999952,8,4500,BAL@DAL,DAL,BAL,NA,Knee,,,,,,,,,,16939-38509:Wendell Smallwood,16939-38509,RB,Wendell,,Smallwood,4.050000191,8,4500,PHI@SEA,PHI,SEA,,,,,,,,,,,,16939-6767:Ryan Succop,16939-6767,K,Ryan,,Succop,7.3,10,4500,TEN@IND,TEN,IND,,,,,,,,,,,,16939-11890:Bryan Walters,16939-11890,WR,Bryan,,Walters,2.133333365,3,4500,JAC@DET,JAC,DET,O,Concussion,,,,,,,,,,16939-38514:Kevin White,16939-38514,WR,Kevin,,White,7.275000095,4,4500,CHI@NYG,CHI,NYG,IR,Lower leg,,,,,,,,,,16939-30326:Keith Marshall,16939-30326,RB,Keith,,Marshall,0,0,4500,GB@WAS,WAS,GB,IR,Elbow,,,,,,,,,,16939-7801:Brandon Myers,16939-7801,TE,Brandon,,Myers,2.579999924,5,4500,TB@KC,TB,KC,,,,,,,,,,,,16939-6778:Anthony Fasano,16939-6778,TE,Anthony,,Fasano,2.91428566,7,4500,TEN@IND,TEN,IND,,,,,,,,,,,,16939-38523:Geoff Swaim,16939-38523,TE,Geoff,,Swaim,1.649999936,6,4500,BAL@DAL,DAL,BAL,IR,Pectoral,,,,,,,,,,16939-7806:Darren McFadden,16939-7806,RB,Darren,,McFadden,10.98124981,16,4500,BAL@DAL,DAL,BAL,O,Elbow,,,,,,,,,,16939-21123:Larry Donnell,16939-21123,TE,Larry,,Donnell,4.140000153,5,4500,CHI@NYG,NYG,CHI,,,,,,,,,,,,16939-25225:Quinshad Davis,16939-25225,WR,Quinshad,,Davis,0,0,4500,JAC@DET,DET,JAC,,,,,,,,,,,,16939-33418:Alan Cross,16939-33418,TE,Alan,,Cross,0.333333333,3,4500,TB@KC,TB,KC,,,,,,,,,,,,16939-33424:Mose Frazier,16939-33424,WR,Mose,,Frazier,0,0,4500,NE@SF,SF,NE,,,,,,,,,,,,16939-31378:Kadron Boone,16939-31378,WR,Kadron,,Boone,0,0,4500,CHI@NYG,NYG,CHI,,,,,,,,,,,,16939-28311:MarQueis Gray,16939-28311,TE,MarQueis,,Gray,3.599999905,4,4500,MIA@LA,MIA,LA,,,,,,,,,,,,16939-6810:Dan Carpenter,16939-6810,K,Dan,,Carpenter,6.777777778,9,4500,BUF@CIN,BUF,CIN,,,,,,,,,,,,16939-32410:Trey Williams,16939-32410,RB,Trey,,Williams,1.200000048,1,4500,TEN@IND,IND,TEN,,,,,,,,,,,,16939-45723:Crockett Gillmore,16939-45723,TE,Crockett,,Gillmore,3.420000076,5,4500,BAL@DAL,BAL,DAL,O,Thigh,,,,,,,,,,16939-29340:Josh Huff,16939-29340,WR,Josh,,Huff,3.814285823,7,4500,TB@KC,TB,KC,,,,,,,,,,,,16939-29351:De'Anthony Thomas,16939-29351,WR,De'Anthony,,Thomas,1.200000048,4,4500,TB@KC,KC,TB,,,,,,,,,,,,16939-22188:Daryl Richardson,16939-22188,RB,Daryl,,Richardson,0.349999994,2,4500,PIT@CLE,PIT,CLE,,,,,,,,,,,,16939-46767:Je'Ron Hamm,16939-46767,TE,Je'Ron,,Hamm,0,1,4500,NE@SF,SF,NE,,,,,,,,,,,,16939-7856:Matthew Slater,16939-7856,WR,Matthew,,Slater,0.166666667,3,4500,NE@SF,NE,SF,,,,,,,,,,,,16939-22198:Brittan Golden,16939-22198,WR,Brittan,,Golden,0.975000024,4,4500,ARI@MIN,ARI,MIN,,,,,,,,,,,,16939-31417:James Wright,16939-31417,WR,James,,Wright,0.839999962,5,4500,BUF@CIN,CIN,BUF,,,,,,,,,,,,16939-28346:Maxx Williams,16939-28346,TE,Maxx,,Williams,4.066666603,12,4500,BAL@DAL,BAL,DAL,IR,Knee,,,,,,,,,,16939-70335:Seth DeValve,16939-70335,TE,Seth,,DeValve,5,2,4500,PIT@CLE,CLE,PIT,,,,,,,,,,,,16939-39615:Brandon Williams,16939-39615,TE,Brandon,,Williams,2.099999905,1,4500,PHI@SEA,SEA,PHI,,,,,,,,,,,,16939-33473:Chris Brown,16939-33473,WR,Chris,,Brown,0,0,4500,BAL@DAL,DAL,BAL,,,,,,,,,,,,16939-70342:Temarrick Hemingway,16939-70342,TE,Temarrick,,Hemingway,0,0,4500,MIA@LA,LA,MIA,,,,,,,,,,,,16939-6857:Justin Forsett,16939-6857,RB,Justin,,Forsett,5.040000153,5,4500,JAC@DET,DET,JAC,,,,,,,,,,,,16939-27338:Rex Burkhead,16939-27338,RB,Rex,,Burkhead,1.350000024,4,4500,BUF@CIN,CIN,BUF,,,,,,,,,,,,16939-31435:Nic Jacobs,16939-31435,TE,Nic,,Jacobs,0.366666675,3,4500,BAL@DAL,BAL,DAL,,,,,,,,,,,,16939-30412:Tavarres King,16939-30412,WR,Tavarres,,King,0.550000012,2,4500,CHI@NYG,NYG,CHI,,,,,,,,,,,,16939-16078:Ross Travis,16939-16078,TE,Ross,,Travis,0.75,4,4500,TB@KC,KC,TB,,,,,,,,,,,,16939-33488:Troy Niklas,16939-33488,TE,Troy,,Niklas,0.25,2,4500,ARI@MIN,ARI,MIN,IR,Wrist,,,,,,,,,,16939-47828:Antonio Andrews,16939-47828,RB,Antonio,,Andrews,0.5,3,4500,TEN@IND,TEN,IND,,,,,,,,,,,,16939-6870:Vernon Davis,16939-6870,TE,Vernon,,Davis,7.900000095,8,4500,GB@WAS,WAS,GB,,,,,,,,,,,,16939-29404:Byron Marshall,16939-29404,RB,Byron,,Marshall,0,0,4500,PHI@SEA,PHI,SEA,,,,,,,,,,,,16939-30428:Malcolm Mitchell,16939-30428,WR,Malcolm,,Mitchell,2.166666667,6,4500,NE@SF,NE,SF,,,,,,,,,,,,16939-40669:Tyler Boyd,16939-40669,WR,Tyler,,Boyd,4.588888804,9,4500,BUF@CIN,CIN,BUF,,,,,,,,,,,,16939-45791:Rashard Higgins,16939-45791,WR,Rashard,,Higgins,1.050000032,6,4500,PIT@CLE,CLE,PIT,,,,,,,,,,,,16939-39649:Benny Cunningham,16939-39649,RB,Benny,,Cunningham,3.087500095,8,4500,MIA@LA,LA,MIA,,,,,,,,,,,,16939-32483:Josh Boyce,16939-32483,WR,Josh,,Boyce,0,0,4500,PIT@CLE,CLE,PIT,,,,,,,,,,,,16939-22244:Beau Brinkley,16939-22244,TE,Beau,,Brinkley,0,16,4500,TEN@IND,TEN,IND,,,,,,,,,,,,16939-70373:Mike Miller,16939-70373,TE,Mike,,Miller,0,0,4500,TEN@IND,IND,TEN,,,,,,,,,,,,16939-70372:Chester Rogers,16939-70372,WR,Chester,,Rogers,3.014285769,7,4500,TEN@IND,IND,TEN,,,,,,,,,,,,16939-44784:Darius Jackson,16939-44784,RB,Darius,,Jackson,0,0,4500,BAL@DAL,DAL,BAL,,,,,,,,,,,,16939-45809:Kivon Cartwright,16939-45809,TE,Kivon,,Cartwright,0,0,4500,TB@KC,TB,KC,,,,,,,,,,,,16939-47861:Mitchell Henry,16939-47861,TE,Mitchell,,Henry,0,2,4500,BAL@DAL,BAL,DAL,,,,,,,,,,,,16939-44791:Bronson Hill,16939-44791,RB,Bronson,,Hill,0,0,4500,JAC@DET,JAC,DET,,,,,,,,,,,,16939-6904:Devin Hester,16939-6904,WR,Devin,,Hester,-0.25,8,4500,BAL@DAL,BAL,DAL,,,,,,,,,,,,16939-33531:Ben Koyack,16939-33531,TE,Ben,,Koyack,5.800000191,2,4500,JAC@DET,JAC,DET,,,,,,,,,,,,16939-38651:Beau Sandland,16939-38651,TE,Beau,,Sandland,0,0,4500,GB@WAS,GB,WAS,,,,,,,,,,,,16939-6910:Robbie Gould,16939-6910,K,Robbie,,Gould,4,3,4500,CHI@NYG,NYG,CHI,,,,,,,,,,,,16939-39678:E.J. Bibbs,16939-39678,TE,E.J.,,Bibbs,0.600000024,2,4500,PIT@CLE,CLE,PIT,,,,,,,,,,,,16939-47870:Tyler Higbee,16939-47870,TE,Tyler,,Higbee,1.039999962,5,4500,MIA@LA,LA,MIA,,,,,,,,,,,,16939-27403:Blake Bell,16939-27403,TE,Blake,,Bell,0.666666667,3,4500,NE@SF,SF,NE,,,,,,,,,,,,16939-25356:Benson Browne,16939-25356,TE,Benson,,Browne,0,0,4500,MIA@LA,LA,MIA,,,,,,,,,,,,16939-7953:Vincent Jackson,16939-7953,WR,Vincent,,Jackson,4.959999847,5,4500,TB@KC,TB,KC,IR,Knee,,,,,,,,,,16939-22292:Lance Dunbar,16939-22292,RB,Lance,,Dunbar,3,5,4500,BAL@DAL,DAL,BAL,,,,,,,,,,,,16939-28437:Danny Vitale,16939-28437,TE,Danny,,Vitale,0,0,4500,PIT@CLE,CLE,PIT,,,,,,,,,,,,16939-12055:Logan Paulsen,16939-12055,TE,Logan,,Paulsen,0.6,5,4500,CHI@NYG,CHI,NYG,,,,,,,,,,,,16939-33571:George Atkinson III,16939-33571,RB,George,,Atkinson III,0,6,4500,PIT@CLE,CLE,PIT,,,,,,,,,,,,16939-31524:Cody Core,16939-31524,WR,Cody,,Core,0,0,4500,BUF@CIN,CIN,BUF,,,,,,,,,,,,16939-29477:Connor Hamlett,16939-29477,TE,Connor,,Hamlett,8.199999809,1,4500,PIT@CLE,CLE,PIT,,,,,,,,,,,,16939-32551:Kolby Listenbee,16939-32551,WR,Kolby,,Listenbee,0,0,4500,BUF@CIN,BUF,CIN,O,Pelvis,,,,,,,,,,16939-26411:Ryan Malleck,16939-26411,TE,Ryan,,Malleck,0,0,4500,CHI@NYG,NYG,CHI,,,,,,,,,,,,16939-70444:Paul McRoberts,16939-70444,WR,Paul,,McRoberts,0,0,4500,MIA@LA,LA,MIA,,,,,,,,,,,,16939-10030:Harry Douglas,16939-10030,WR,Harry,,Douglas,3.96666654,3,4500,TEN@IND,TEN,IND,,,,,,,,,,,,16939-32564:Josh Doctson,16939-32564,WR,Josh,,Doctson,3.799999952,2,4500,GB@WAS,WAS,GB,IR,Achilles,,,,,,,,,,16939-70457:Cole Wick,16939-70457,TE,Cole,,Wick,0.933333317,3,4500,JAC@DET,DET,JAC,IR,Knee,,,,,,,,,,16939-22336:Joshua Bellamy,16939-22336,WR,Joshua,,Bellamy,1.283333302,6,4500,CHI@NYG,CHI,NYG,,,,,,,,,,,,16939-15178:Chase Reynolds,16939-15178,RB,Chase,,Reynolds,0,2,4500,MIA@LA,LA,MIA,,,,,,,,,,,,16939-41806:Laquon Treadwell,16939-41806,WR,Laquon,,Treadwell,0.666666667,3,4500,ARI@MIN,MIN,ARI,,,,,,,,,,,,16939-47953:Lucky Whitehead,16939-47953,WR,Lucky,,Whitehead,1.277777778,9,4500,BAL@DAL,DAL,BAL,,,,,,,,,,,,16939-70489:Ben Braunecker,16939-70489,TE,Ben,,Braunecker,1.299999952,1,4500,CHI@NYG,CHI,NYG,,,,,,,,,,,,16939-44893:Roosevelt Nix,16939-44893,RB,Roosevelt,,Nix,0.866666635,3,4500,PIT@CLE,PIT,CLE,,,,,,,,,,,,16939-70501:C.J. Ham,16939-70501,RB,C.J.,,Ham,0,0,4500,ARI@MIN,MIN,ARI,,,,,,,,,,,,16939-25463:Canaan Severin,16939-25463,WR,Canaan,,Severin,0,0,4500,PIT@CLE,PIT,CLE,IR,Undisclosed,,,,,,,,,,16939-32632:Bradley Marquez,16939-32632,WR,Bradley,,Marquez,0.74000001,5,4500,MIA@LA,LA,MIA,,,,,,,,,,,,16939-28545:Rod Smith,16939-28545,RB,Rod,,Smith,0.449999988,2,4500,BAL@DAL,DAL,BAL,,,,,,,,,,,,16939-30598:Busta Anderson,16939-30598,TE,Busta,,Anderson,0,0,4500,CHI@NYG,CHI,NYG,,,,,,,,,,,,16939-23435:Andrew DePaola,16939-23435,TE,Andrew,,DePaola,0,16,4500,TB@KC,TB,KC,,,,,,,,,,,,16939-40843:Alex Collins,16939-40843,RB,Alex,,Collins,2.033333302,6,4500,PHI@SEA,SEA,PHI,,,,,,,,,,,,16939-19342:Demetrius Harris,16939-19342,TE,Demetrius,,Harris,1.444444444,9,4500,TB@KC,KC,TB,,,,,,,,,,,,16939-29583:Randall Telfer,16939-29583,TE,Randall,,Telfer,0.066666668,3,4500,PIT@CLE,CLE,PIT,,,,,,,,,,,,16939-29592:Xavier Grimble,16939-29592,TE,Xavier,,Grimble,2.971428462,7,4500,PIT@CLE,PIT,CLE,Q,Quadriceps,,,,,,,,,,16939-70553:Kieran Duncan,16939-70553,WR,Kieran,,Duncan,0,0,4500,CHI@NYG,CHI,NYG,,,,,,,,,,,,16939-28570:Nick Vannett,16939-28570,TE,Nick,,Vannett,0.600000024,2,4500,PHI@SEA,SEA,PHI,,,,,,,,,,,,16939-33691:Orleans Darkwa,16939-33691,RB,Orleans,,Darkwa,6.324999809,4,4500,CHI@NYG,NYG,CHI,Q,Lower leg,,,,,,,,,,16939-32674:Jace Amaro,16939-32674,TE,Jace,,Amaro,7.400000095,1,4500,TEN@IND,TEN,IND,,,,,,,,,,,,16939-33703:Ryan Grant,16939-33703,WR,Ryan,,Grant,0.599999973,7,4500,GB@WAS,WAS,GB,,,,,,,,,,,,16939-34729:Dwayne Washington,16939-34729,RB,Dwayne,,Washington,3.540000153,5,4500,JAC@DET,DET,JAC,,,,,,,,,,,,16939-46001:Joey Iosefa,16939-46001,RB,Joey,,Iosefa,2.549999952,2,4500,NE@SF,NE,SF,,,,,,,,,,,,16939-8117:Danny Amendola,16939-8117,WR,Danny,,Amendola,4.977777693,9,4500,NE@SF,NE,SF,,,,,,,,,,,,16939-29624:Tre Madden,16939-29624,RB,Tre,,Madden,0,0,4500,PHI@SEA,SEA,PHI,IR,Undisclosed,,,,,,,,,,16939-14266:Daniel Thomas,16939-14266,RB,Daniel,,Thomas,0,0,4500,MIA@LA,MIA,LA,,,,,,,,,,,,16939-30654:Jerell Adams,16939-30654,TE,Jerell,,Adams,4.474999905,4,4500,CHI@NYG,NYG,CHI,,,,,,,,,,,,16939-32703:Jakeem Grant,16939-32703,WR,Jakeem,,Grant,0.5,8,4500,MIA@LA,MIA,LA,,,,,,,,,,,,16939-14274:Rob Housler,16939-14274,TE,Rob,,Housler,1.060000038,5,4500,CHI@NYG,CHI,NYG,,,,,,,,,,,,16939-33733:Xavier Rush,16939-33733,WR,Xavier,,Rush,0,0,4500,PHI@SEA,PHI,SEA,,,,,,,,,,,,16939-43973:Keith Smith,16939-43973,RB,Keith,,Smith,1,4,4500,BAL@DAL,DAL,BAL,,,,,,,,,,,,16939-30667:Justice Cunningham,16939-30667,TE,Justice,,Cunningham,0,2,4500,MIA@LA,LA,MIA,,,,,,,,,,,,16939-29645:Javorius Allen,16939-29645,RB,Javorius,,Allen,2.133333365,3,4500,BAL@DAL,BAL,DAL,,,,,,,,,,,,16939-40913:Thomas Duarte,16939-40913,TE,Thomas,,Duarte,0,0,4500,MIA@LA,MIA,LA,,,,,,,,,,,,16939-25554:Nikita Whitlock,16939-25554,RB,Nikita,,Whitlock,0,14,4500,CHI@NYG,NYG,CHI,O,Suspension,,,,,,,,,,16939-14292:Jordan Cameron,16939-14292,TE,Jordan,,Cameron,5.333333333,3,4500,MIA@LA,MIA,LA,IR,Concussion,,,,,,,,,,16939-31703:Malcolm Johnson,16939-31703,RB,Malcolm,,Johnson,1.019999981,5,4500,PIT@CLE,CLE,PIT,,,,,,,,,,,,16939-14297:Greg Salas,16939-14297,WR,Greg,,Salas,8.449999809,2,4500,BUF@CIN,BUF,CIN,,,,,,,,,,,,16939-14304:Luke Stocker,16939-14304,TE,Luke,,Stocker,1.700000048,2,4500,TB@KC,TB,KC,Q,Ankle,,,,,,,,,,16939-14307:Cecil Shorts III,16939-14307,WR,Cecil,,Shorts III,2.25,4,4500,TB@KC,TB,KC,,,,,,,,,,,,16939-40932:Pharoh Cooper,16939-40932,WR,Pharoh,,Cooper,0.633333325,3,4500,MIA@LA,LA,MIA,,,,,,,,,,,,16939-72676:Troymaine Pope,16939-72676,RB,Troymaine,,Pope,0.100000001,1,4500,PHI@SEA,SEA,PHI,,,,,,,,,,,,16939-26598:Nelson Spruce,16939-26598,WR,Nelson,,Spruce,0,0,4500,MIA@LA,LA,MIA,IR,Calf,,,,,,,,,,16939-29672:Silas Redd Jr.,16939-29672,RB,Silas,,Redd Jr.,0,0,4500,GB@WAS,WAS,GB,O,Suspension,,,,,,,,,,16939-26610:Paul Richardson,16939-26610,WR,Paul,,Richardson,2.974999905,8,4500,PHI@SEA,SEA,PHI,,,,,,,,,,,,16939-14327:Anthony Sherman,16939-14327,RB,Anthony,,Sherman,0.600000024,4,4500,TB@KC,KC,TB,,,,,,,,,,,,16939-24569:Chandler Catanzaro,16939-24569,K,Chandler,,Catanzaro,6.555555556,9,4500,ARI@MIN,ARI,MIN,,,,,,,,,,,,16939-12555:Baltimore Ravens,16939-12555,D,Baltimore,,Ravens,10.22222222,9,4400,BAL@DAL,BAL,DAL,,,,,,,,,,,,16939-12526:Buffalo Bills,16939-12526,D,Buffalo,,Bills,9,9,4300,BUF@CIN,BUF,CIN,,,,,,,,,,,,16939-12545:Philadelphia Eagles,16939-12545,D,Philadelphia,,Eagles,10.77777778,9,4300,PHI@SEA,PHI,SEA,,,,,,,,,,,,16939-12552:Washington Redskins,16939-12552,D,Washington,,Redskins,6.888888889,9,4300,GB@WAS,WAS,GB,,,,,,,,,,,,16939-12533:Green Bay Packers,16939-12533,D,Green Bay,,Packers,5,9,4200,GB@WAS,GB,WAS,,,,,,,,,,,,16939-12534:Tennessee Titans,16939-12534,D,Tennessee,,Titans,5.9,10,4200,TEN@IND,TEN,IND,,,,,,,,,,,,16939-12527:Chicago Bears,16939-12527,D,Chicago,,Bears,6.555555556,9,4100,CHI@NYG,CHI,NYG,,,,,,,,,,,,16939-12551:Tampa Bay Buccaneers,16939-12551,D,Tampa Bay,,Buccaneers,7.111111111,9,4100,TB@KC,TB,KC,,,,,,,,,,,,16939-12529:Cleveland Browns,16939-12529,D,Cleveland,,Browns,3.1,10,4000,PIT@CLE,CLE,PIT,,,,,,,,,,,,16939-12535:Indianapolis Colts,16939-12535,D,Indianapolis,,Colts,4.666666667,9,4000,TEN@IND,IND,TEN,,,,,,,,,,,,16939-12549:San Francisco 49ers,16939-12549,D,San Francisco,,49ers,4.444444444,9,4000,NE@SF,SF,NE,,,,,,,,,,,,16939-12554:Jacksonville Jaguars,16939-12554,D,Jacksonville,,Jaguars,2.333333333,9,4000,JAC@DET,JAC,DET,,