QB,RB,RB,WR,WR,WR,TE,K,D,,Instructions,,,,,,,,,,,,,,,,,,,,,,1) Create a lineup by inserting any player from this list into their appropriate position columns,,,,,,,,,,,,,,,,,,,,,,2) You can paste either the Player ID + Name OR ID from their respective columns,,,,,,,,,,,,,,,,,,,,,,3) Any information to the right of the last position column will be ignored in the upload,,,,,,,,,,,,,,,,,,,,,,4) Maximum of 250 lineups per upload,,,,,,,,,,,,,,,,,,,,,,,,,,,,,,,,,,,,,,,,,,,,Player ID + Player Name,Id,Position,First Name,Last Name,FPPG,Played,Salary,Game,Team,Opponent,Injury Indicator,Injury Details,,,,,,,,,,16711-14190:Julio Jones,16711-14190,WR,Julio,Jones,18.14285714,7,9200,GB@ATL,ATL,GB,,,,,,,,,,,,16711-6894:Aaron Rodgers,16711-6894,QB,Aaron,Rodgers,20.57333374,6,8800,GB@ATL,GB,ATL,,,,,,,,,,,,16711-6498:Tom Brady,16711-6498,QB,Tom,Brady,25.01999919,3,8700,NE@BUF,NE,BUF,,,,,,,,,,,,16711-62497:David Johnson,16711-62497,RB,David,Johnson,22.91428484,7,8700,ARI@CAR,ARI,CAR,,,,,,,,,,,,16711-6616:Matt Ryan,16711-6616,QB,Matt,Ryan,23.13142831,7,8500,GB@ATL,ATL,GB,,,,,,,,,,,,16711-38791:Ezekiel Elliott,16711-38791,RB,Ezekiel,Elliott,18.93333308,6,8500,PHI@DAL,DAL,PHI,,,,,,,,,,,,16711-14185:Cam Newton,16711-14185,QB,Cam,Newton,22.52799988,5,8300,ARI@CAR,CAR,ARI,,,,,,,,,,,,16711-22015:Russell Wilson,16711-22015,QB,Russell,Wilson,13.84333293,6,8200,SEA@NO,SEA,NO,,,,,,,,,,,,16711-11460:Rob Gronkowski,16711-11460,TE,Rob,Gronkowski,11.6,5,8100,NE@BUF,NE,BUF,,,,,,,,,,,,16711-6504:Drew Brees,16711-6504,QB,Drew,Brees,24.33999888,6,8000,SEA@NO,NO,SEA,,,,,,,,,,,,16711-21939:Andrew Luck,16711-21939,QB,Andrew,Luck,21.98000009,7,7900,KC@IND,IND,KC,,,,,,,,,,,,16711-32384:Mike Evans,16711-32384,WR,Mike,Evans,18.41666667,6,7900,OAK@TB,TB,OAK,,,,,,,,,,,,16711-45859:Derek Carr,16711-45859,QB,Derek,Carr,18.58857073,7,7800,OAK@TB,OAK,TB,,,,,,,,,,,,16711-32418:Christine Michael,16711-32418,RB,Christine,Michael,14.43333308,6,7800,SEA@NO,SEA,NO,,,,,,,,,,,,16711-22031:T.Y. Hilton,16711-22031,WR,T.Y.,Hilton,16.4857145,7,7800,KC@IND,IND,KC,,,,,,,,,,,,16711-6779:LeSean McCoy,16711-6779,RB,LeSean,McCoy,17.35714286,7,7800,NE@BUF,BUF,NE,D,Hamstring,,,,,,,,,,16711-6654:Matthew Stafford,16711-6654,QB,Matthew,Stafford,20.73714338,7,7700,DET@HOU,DET,HOU,,,,,,,,,,,,16711-16606:DeAndre Hopkins,16711-16606,WR,DeAndre,Hopkins,10.71428571,7,7600,DET@HOU,HOU,DET,,,,,,,,,,,,16711-14377:Tyrod Taylor,16711-14377,QB,Tyrod,Taylor,17.85428619,7,7600,NE@BUF,BUF,NE,,,,,,,,,,,,16711-31001:Amari Cooper,16711-31001,WR,Amari,Cooper,13.05714308,7,7500,OAK@TB,OAK,TB,,,,,,,,,,,,16711-6893:Jordy Nelson,16711-6893,WR,Jordy,Nelson,12.26666641,6,7500,GB@ATL,GB,ATL,,,,,,,,,,,,16711-31459:Spencer Ware,16711-31459,RB,Spencer,Ware,16.19999949,6,7400,KC@IND,KC,IND,,,,,,,,,,,,16711-6914:Greg Olsen,16711-6914,TE,Greg,Olsen,15.75,6,7400,ARI@CAR,CAR,ARI,,,,,,,,,,,,16711-22103:Marvin Jones Jr.,16711-22103,WR,Marvin,Jones Jr.,14.72857121,7,7400,DET@HOU,DET,HOU,,,,,,,,,,,,16711-24849:Jameis Winston,16711-24849,QB,Jameis,Winston,18.62333298,6,7400,OAK@TB,TB,OAK,,,,,,,,,,,,16711-22037:Lamar Miller,16711-22037,RB,Lamar,Miller,13.11428615,7,7400,DET@HOU,HOU,DET,Q,Shoulder,,,,,,,,,,16711-6759:Brandon Marshall,16711-6759,WR,Brandon,Marshall,10.59999956,7,7400,NYJ@CLE,NYJ,CLE,,,,,,,,,,,,16711-7659:Ryan Fitzpatrick,16711-7659,QB,Ryan,Fitzpatrick,11.81999969,7,7300,NYJ@CLE,NYJ,CLE,,,,,,,,,,,,16711-11435:Dez Bryant,16711-11435,WR,Dez,Bryant,8.833333333,3,7300,PHI@DAL,DAL,PHI,Q,Knee,,,,,,,,,,16711-7968:Philip Rivers,16711-7968,QB,Philip,Rivers,17.80285754,7,7300,SD@DEN,SD,DEN,,,,,,,,,,,,16711-6899:Matt Forte,16711-6899,RB,Matt,Forte,13.95714242,7,7300,NYJ@CLE,NYJ,CLE,,,,,,,,,,,,16711-24929:Kelvin Benjamin,16711-24929,WR,Kelvin,Benjamin,12.98333359,6,7300,ARI@CAR,CAR,ARI,,,,,,,,,,,,16711-6748:Carson Palmer,16711-6748,QB,Carson,Palmer,15,6,7300,ARI@CAR,ARI,CAR,,,,,,,,,,,,16711-29501:Brandin Cooks,16711-29501,WR,Brandin,Cooks,15.08333333,6,7200,SEA@NO,NO,SEA,,,,,,,,,,,,16711-14626:Doug Baldwin,16711-14626,WR,Doug,Baldwin,11.93333308,6,7200,SEA@NO,SEA,NO,,,,,,,,,,,,16711-28900:Melvin Gordon,16711-28900,RB,Melvin,Gordon,18.51428659,7,7200,SD@DEN,SD,DEN,,,,,,,,,,,,16711-31716:Dak Prescott,16711-31716,QB,Dak,Prescott,17.85666656,6,7100,PHI@DAL,DAL,PHI,,,,,,,,,,,,16711-9392:Michael Crabtree,16711-9392,WR,Michael,Crabtree,14.79999978,7,7100,OAK@TB,OAK,TB,,,,,,,,,,,,16711-11432:Demaryius Thomas,16711-11432,WR,Demaryius,Thomas,12.29999978,7,7000,SD@DEN,DEN,SD,,,,,,,,,,,,16711-6883:Larry Fitzgerald,16711-6883,WR,Larry,Fitzgerald,14.5,7,7000,ARI@CAR,ARI,CAR,,,,,,,,,,,,16711-15212:Terrelle Pryor Sr.,16711-15212,WR,Terrelle,Pryor Sr.,12.61999948,7,6900,NYJ@CLE,CLE,NYJ,,,,,,,,,,,,16711-28434:Trevor Siemian,16711-28434,QB,Trevor,Siemian,13.77333323,6,6900,SD@DEN,DEN,SD,,,,,,,,,,,,16711-24920:Devonta Freeman,16711-24920,RB,Devonta,Freeman,13.81428528,7,6900,GB@ATL,ATL,GB,,,,,,,,,,,,16711-14257:Randall Cobb,16711-14257,WR,Randall,Cobb,12.26666641,6,6800,GB@ATL,GB,ATL,Q,Hamstring,,,,,,,,,,16711-8005:Alex Smith,16711-8005,QB,Alex,Smith,15.10666656,6,6800,KC@IND,KC,IND,,,,,,,,,,,,16711-29249:C.J. Anderson,16711-29249,RB,C.J.,Anderson,13.5,7,6700,SD@DEN,DEN,SD,IR,Knee,,,,,,,,,,16711-70324:Carson Wentz,16711-70324,QB,Carson,Wentz,14.37666702,6,6700,PHI@DAL,PHI,DAL,,,,,,,,,,,,16711-11512:Jimmy Graham,16711-11512,TE,Jimmy,Graham,9.71666654,6,6700,SEA@NO,SEA,NO,,,,,,,,,,,,16711-21994:Brock Osweiler,16711-21994,QB,Brock,Osweiler,12.61714281,7,6600,DET@HOU,HOU,DET,,,,,,,,,,,,16711-21970:Doug Martin,16711-21970,RB,Doug,Martin,7.199999809,2,6600,OAK@TB,TB,OAK,O,Hamstring,,,,,,,,,,16711-11779:LeGarrette Blount,16711-11779,RB,LeGarrette,Blount,15.52857099,7,6600,NE@BUF,NE,BUF,,,,,,,,,,,,16711-45889:Davante Adams,16711-45889,WR,Davante,Adams,12.83333333,6,6600,GB@ATL,GB,ATL,,,,,,,,,,,,16711-11505:Emmanuel Sanders,16711-11505,WR,Emmanuel,Sanders,12.55714308,7,6600,SD@DEN,DEN,SD,,,,,,,,,,,,16711-42028:Will Fuller,16711-42028,WR,Will,Fuller,10.81666692,6,6600,DET@HOU,HOU,DET,,,,,,,,,,,,16711-14336:Jacquizz Rodgers,16711-14336,RB,Jacquizz,Rodgers,8.259999847,5,6600,OAK@TB,TB,OAK,,,,,,,,,,,,16711-7859:Julian Edelman,16711-7859,WR,Julian,Edelman,7.5,7,6500,NE@BUF,NE,BUF,Q,Foot,,,,,,,,,,16711-7283:Jeremy Maclin,16711-7283,WR,Jeremy,Maclin,8.78333346,6,6400,KC@IND,KC,IND,,,,,,,,,,,,16711-26483:Geno Smith,16711-26483,QB,Geno,Smith,4.46999979,2,6400,NYJ@CLE,NYJ,CLE,IR,Knee,,,,,,,,,,16711-44449:Willie Snead,16711-44449,WR,Willie,Snead,12.86000061,5,6400,SEA@NO,NO,SEA,,,,,,,,,,,,16711-6803:Josh McCown,16711-6803,QB,Josh,McCown,16.39999962,1,6400,NYJ@CLE,CLE,NYJ,,,,,,,,,,,,16711-29734:Ty Montgomery,16711-29734,RB,Ty,Montgomery,5.166666667,6,6400,GB@ATL,GB,ATL,Q,Illness,,,,,,,,,,16711-29587:Cody Kessler,16711-29587,QB,Cody,Kessler,10.61600037,5,6300,NYJ@CLE,CLE,NYJ,O,Concussion,,,,,,,,,,16711-11485:Golden Tate,16711-11485,WR,Golden,Tate,9,7,6300,DET@HOU,DET,HOU,,,,,,,,,,,,16711-6840:Frank Gore,16711-6840,RB,Frank,Gore,13.27142879,7,6300,KC@IND,IND,KC,,,,,,,,,,,,16711-14211:Mark Ingram,16711-14211,RB,Mark,Ingram,12.96666718,6,6200,SEA@NO,NO,SEA,,,,,,,,,,,,16711-34331:Latavius Murray,16711-34331,RB,Latavius,Murray,13.16000061,5,6200,OAK@TB,OAK,TB,,,,,,,,,,,,16711-7744:Drew Stanton,16711-7744,QB,Drew,Stanton,3.265000105,4,6200,ARI@CAR,ARI,CAR,,,,,,,,,,,,16711-27266:Quincy Enunwa,16711-27266,WR,Quincy,Enunwa,9.842857361,7,6100,NYJ@CLE,NYJ,CLE,,,,,,,,,,,,16711-22288:Cole Beasley,16711-22288,WR,Cole,Beasley,12.36666616,6,6100,PHI@DAL,DAL,PHI,,,,,,,,,,,,16711-6733:Jonathan Stewart,16711-6733,RB,Jonathan,Stewart,9.833333333,3,6100,ARI@CAR,CAR,ARI,,,,,,,,,,,,16711-21959:Brandon Weeden,16711-21959,QB,Brandon,Weeden,11.40333303,6,6000,DET@HOU,HOU,DET,,,,,,,,,,,,16711-27776:Tevin Coleman,16711-27776,RB,Tevin,Coleman,14.55714308,7,6000,GB@ATL,ATL,GB,O,Hamstring,,,,,,,,,,16711-7970:Charlie Whitehurst,16711-7970,QB,Charlie,Whitehurst,10.38000011,1,6000,NYJ@CLE,CLE,NYJ,,,,,,,,,,,,16711-30837:Jordan Matthews,16711-30837,WR,Jordan,Matthews,9.983333588,6,6000,PHI@DAL,PHI,DAL,,,,,,,,,,,,16711-6679:Matt Schaub,16711-6679,QB,Matt,Schaub,15.30000019,2,6000,GB@ATL,ATL,GB,,,,,,,,,,,,16711-29715:Kevin Hogan,16711-29715,QB,Kevin,Hogan,18.39999962,1,6000,NYJ@CLE,CLE,NYJ,,,,,,,,,,,,16711-22027:Nick Foles,16711-22027,QB,Nick,Foles,9.64363653,11,6000,KC@IND,KC,IND,,,,,,,,,,,,16711-54684:Isaiah Crowell,16711-54684,RB,Isaiah,Crowell,12.88571385,7,5900,NYJ@CLE,CLE,NYJ,,,,,,,,,,,,16711-30237:Mike Gillislee,16711-30237,RB,Mike,Gillislee,5.128571647,7,5900,NE@BUF,BUF,NE,Q,Foot,,,,,,,,,,16711-54606:John Brown,16711-54606,WR,John,Brown,7.016666412,6,5900,ARI@CAR,ARI,CAR,Q,Hamstring,,,,,,,,,,16711-33465:Theo Riddick,16711-33465,RB,Theo,Riddick,14.61999969,5,5900,DET@HOU,DET,HOU,,,,,,,,,,,,16711-22035:Travis Benjamin,16711-22035,WR,Travis,Benjamin,9.985714504,7,5900,SD@DEN,SD,DEN,Q,Knee,,,,,,,,,,16711-32514:Trevone Boykin,16711-32514,QB,Trevone,Boykin,5.400000095,1,5800,SEA@NO,SEA,NO,,,,,,,,,,,,16711-6639:Tony Romo,16711-6639,QB,Tony,Romo,11.91499996,4,5800,PHI@DAL,DAL,PHI,O,Back,,,,,,,,,,16711-6479:Anquan Boldin,16711-6479,WR,Anquan,Boldin,9.599999564,7,5800,DET@HOU,DET,HOU,,,,,,,,,,,,16711-30231:Jacoby Brissett,16711-30231,QB,Jacoby,Brissett,9.433333079,3,5800,NE@BUF,NE,BUF,IR,Thumb,,,,,,,,,,16711-25410:Mike Glennon,16711-25410,QB,Mike,Glennon,0,0,5800,OAK@TB,TB,OAK,,,,,,,,,,,,16711-54604:Jimmy Garoppolo,16711-54604,QB,Jimmy,Garoppolo,11.84666697,3,5800,NE@BUF,NE,BUF,,,,,,,,,,,,16711-62535:Tyrell Williams,16711-62535,WR,Tyrell,Williams,11.44285692,7,5800,SD@DEN,SD,DEN,Q,Knee,,,,,,,,,,16711-28930:James White,16711-28930,RB,James,White,9.299999782,7,5800,NE@BUF,NE,BUF,,,,,,,,,,,,16711-40845:Hunter Henry,16711-40845,TE,Hunter,Henry,9.766666412,6,5800,SD@DEN,SD,DEN,Q,Concussion,,,,,,,,,,16711-30968:Eddie Lacy,16711-30968,RB,Eddie,Lacy,8.159999847,5,5800,GB@ATL,GB,ATL,IR,Ankle,,,,,,,,,,16711-33463:Paxton Lynch,16711-33463,QB,Paxton,Lynch,12.06000042,2,5800,SD@DEN,DEN,SD,,,,,,,,,,,,16711-6728:Jamaal Charles,16711-6728,RB,Jamaal,Charles,4.133333206,3,5800,KC@IND,KC,IND,O,Knee,,,,,,,,,,16711-21971:Coby Fleener,16711-21971,TE,Coby,Fleener,9.46666654,6,5700,SEA@NO,NO,SEA,,,,,,,,,,,,16711-33076:Travis Kelce,16711-33076,TE,Travis,Kelce,8.849999746,6,5700,KC@IND,KC,IND,,,,,,,,,,,,16711-28573:Michael Thomas,16711-28573,WR,Michael,Thomas,13.28333282,6,5700,SEA@NO,NO,SEA,,,,,,,,,,,,16711-6627:Ted Ginn Jr.,16711-6627,WR,Ted,Ginn Jr.,4.28333346,6,5600,ARI@CAR,CAR,ARI,,,,,,,,,,,,16711-39580:Devontae Booker,16711-39580,RB,Devontae,Booker,5.685714177,7,5600,SD@DEN,DEN,SD,,,,,,,,,,,,16711-22018:Mohamed Sanu,16711-22018,WR,Mohamed,Sanu,7.042857034,7,5600,GB@ATL,ATL,GB,,,,,,,,,,,,16711-22848:Austin Davis,16711-22848,QB,Austin,Davis,7.393333435,3,5500,SD@DEN,DEN,SD,,,,,,,,,,,,16711-32613:DeAndre Washington,16711-32613,RB,DeAndre,Washington,4.957142966,7,5500,OAK@TB,OAK,TB,,,,,,,,,,,,16711-31732:Corey Coleman,16711-31732,WR,Corey,Coleman,16.39999962,2,5500,NYJ@CLE,CLE,NYJ,O,Hand,,,,,,,,,,16711-11425:Ryan Mathews,16711-11425,RB,Ryan,Mathews,9.333333333,6,5500,PHI@DAL,PHI,DAL,,,,,,,,,,,,16711-39445:Brice Butler,16711-39445,WR,Brice,Butler,4.366666794,6,5500,PHI@DAL,DAL,PHI,,,,,,,,,,,,16711-28677:Matt McGloin,16711-28677,QB,Matt,McGloin,5.340000153,2,5500,OAK@TB,OAK,TB,,,,,,,,,,,,16711-22004:Dwayne Allen,16711-22004,TE,Dwayne,Allen,7.03333346,6,5400,KC@IND,IND,KC,O,Ankle,,,,,,,,,,16711-31561:Donte Moncrief,16711-31561,WR,Donte,Moncrief,8.399999619,2,5400,KC@IND,IND,KC,Q,Shoulder,,,,,,,,,,16711-6448:Martellus Bennett,16711-6448,TE,Martellus,Bennett,10.68571472,7,5400,NE@BUF,NE,BUF,Q,Ankle,,,,,,,,,,16711-62616:Zach Zenner,16711-62616,RB,Zach,Zenner,6.425000191,4,5400,DET@HOU,DET,HOU,,,,,,,,,,,,16711-32243:Marquise Goodwin,16711-32243,WR,Marquise,Goodwin,8.299999873,6,5400,NE@BUF,BUF,NE,O,Concussion,,,,,,,,,,16711-31836:Terrance Williams,16711-31836,WR,Terrance,Williams,9.019999695,5,5400,PHI@DAL,DAL,PHI,,,,,,,,,,,,16711-29685:Robert Woods,16711-29685,WR,Robert,Woods,7.183333079,6,5300,NE@BUF,BUF,NE,Q,Foot,,,,,,,,,,16711-21952:Michael Floyd,16711-21952,WR,Michael,Floyd,7.600000109,7,5300,ARI@CAR,ARI,CAR,Q,Hamstring,,,,,,,,,,16711-25272:Eric Ebron,16711-25272,TE,Eric,Ebron,9,4,5300,DET@HOU,DET,HOU,Q,Knee,,,,,,,,,,16711-31073:Knile Davis,16711-31073,RB,Knile,Davis,0.766666651,3,5300,GB@ATL,GB,ATL,,,,,,,,,,,,16711-25813:Phillip Dorsett,16711-25813,WR,Phillip,Dorsett,6.349999746,6,5300,KC@IND,IND,KC,,,,,,,,,,,,16711-7965:Antonio Gates,16711-7965,TE,Antonio,Gates,6.079999924,5,5300,SD@DEN,SD,DEN,,,,,,,,,,,,16711-14645:Dontrelle Inman,16711-14645,WR,Dontrelle,Inman,5.457142966,7,5300,SD@DEN,SD,DEN,,,,,,,,,,,,16711-6664:Jacob Tamme,16711-6664,TE,Jacob,Tamme,6.728571211,7,5300,GB@ATL,ATL,GB,,,,,,,,,,,,16711-6641:Jason Witten,16711-6641,TE,Jason,Witten,6.900000254,6,5200,PHI@DAL,DAL,PHI,Q,Chest,,,,,,,,,,16711-14320:Bilal Powell,16711-14320,RB,Bilal,Powell,5.614285605,7,5200,NYJ@CLE,NYJ,CLE,,,,,,,,,,,,16711-54782:Cameron Brate,16711-54782,TE,Cameron,Brate,7.433333079,6,5200,OAK@TB,TB,OAK,,,,,,,,,,,,16711-14704:Chris Hogan,16711-14704,WR,Chris,Hogan,5.957142966,7,5200,NE@BUF,NE,BUF,,,,,,,,,,,,16711-30775:Justin Hunter,16711-30775,WR,Justin,Hunter,6.633333206,3,5200,NE@BUF,BUF,NE,,,,,,,,,,,,16711-27050:Tyler Lockett,16711-27050,WR,Tyler,Lockett,3.866666794,6,5200,SEA@NO,SEA,NO,Q,Thigh,,,,,,,,,,16711-6643:Reggie Bush,16711-6643,RB,Reggie,Bush,2.599999905,4,5100,NE@BUF,BUF,NE,,,,,,,,,,,,16711-25837:Duke Johnson Jr.,16711-25837,RB,Duke,Johnson Jr.,8.17142868,7,5100,NYJ@CLE,CLE,NYJ,,,,,,,,,,,,16711-6668:Adam Vinatieri,16711-6668,K,Adam,Vinatieri,12.57142857,7,5100,KC@IND,IND,KC,,,,,,,,,,,,16711-8803:Chase Daniel,16711-8803,QB,Chase,Daniel,-0.02,2,5000,PHI@DAL,PHI,DAL,,,,,,,,,,,,16711-70446:Joe Callahan,16711-70446,QB,Joe,Callahan,0,0,5000,NYJ@CLE,CLE,NYJ,,,,,,,,,,,,16711-29683:Nelson Agholor,16711-29683,WR,Nelson,Agholor,5.766666412,6,5000,PHI@DAL,PHI,DAL,,,,,,,,,,,,16711-30652:Tanner McEvoy,16711-30652,WR,Tanner,McEvoy,3.599999905,4,5000,SEA@NO,SEA,NO,,,,,,,,,,,,16711-28163:Connor Cook,16711-28163,QB,Connor,Cook,0,0,5000,OAK@TB,OAK,TB,,,,,,,,,,,,16711-70464:Josh Woodrum,16711-70464,QB,Josh,Woodrum,0,0,5000,KC@IND,IND,KC,,,,,,,,,,,,16711-41732:Christian Hackenberg,16711-41732,QB,Christian,Hackenberg,0,0,5000,NYJ@CLE,NYJ,CLE,,,,,,,,,,,,16711-45797:Garrett Grayson,16711-45797,QB,Garrett,Grayson,0,1,5000,SEA@NO,NO,SEA,,,,,,,,,,,,16711-6422:Gary Barnidge,16711-6422,TE,Gary,Barnidge,7.585714068,7,5000,NYJ@CLE,CLE,NYJ,,,,,,,,,,,,16711-54741:Seth Roberts,16711-54741,WR,Seth,Roberts,6.442856925,7,5000,OAK@TB,OAK,TB,,,,,,,,,,,,16711-6373:Derek Anderson,16711-6373,QB,Derek,Anderson,7.506666819,3,5000,ARI@CAR,CAR,ARI,,,,,,,,,,,,16711-32366:Jameill Showers,16711-32366,QB,Jameill,Showers,0,0,5000,PHI@DAL,DAL,PHI,,,,,,,,,,,,16711-43504:Don Jackson,16711-43504,RB,Don,Jackson,0.600000024,1,5000,GB@ATL,GB,ATL,,,,,,,,,,,,16711-8071:Dan Orlovsky,16711-8071,QB,Dan,Orlovsky,5.519999981,2,5000,DET@HOU,DET,HOU,,,,,,,,,,,,16711-14696:Scott Tolzien,16711-14696,QB,Scott,Tolzien,-0.07,2,5000,KC@IND,IND,KC,,,,,,,,,,,,16711-33702:Ryan Griffin,16711-33702,QB,Ryan,Griffin,0,0,5000,OAK@TB,TB,OAK,,,,,,,,,,,,16711-24671:Adam Humphries,16711-24671,WR,Adam,Humphries,6.266666412,6,5000,OAK@TB,TB,OAK,,,,,,,,,,,,16711-26877:Jake Heaps,16711-26877,QB,Jake,Heaps,0,0,5000,SEA@NO,SEA,NO,,,,,,,,,,,,16711-8051:Luke McCown,16711-8051,QB,Luke,McCown,6.199999809,2,5000,SEA@NO,NO,SEA,,,,,,,,,,,,16711-70127:Griffin Neal,16711-70127,QB,Griffin,Neal,0,0,5000,SEA@NO,NO,SEA,,,,,,,,,,,,16711-34729:Dwayne Washington,16711-34729,RB,Dwayne,Washington,3.775000095,4,5000,DET@HOU,DET,HOU,,,,,,,,,,,,16711-7953:Vincent Jackson,16711-7953,WR,Vincent,Jackson,4.959999847,5,5000,OAK@TB,TB,OAK,IR,Knee,,,,,,,,,,16711-31798:Bryce Petty,16711-31798,QB,Bryce,Petty,0,0,5000,NYJ@CLE,NYJ,CLE,,,,,,,,,,,,16711-30788:Tyler Bray,16711-30788,QB,Tyler,Bray,0,0,5000,KC@IND,KC,IND,,,,,,,,,,,,16711-7919:Kellen Clemens,16711-7919,QB,Kellen,Clemens,-0.100000001,1,5000,SD@DEN,SD,DEN,,,,,,,,,,,,16711-27982:Jake Rudock,16711-27982,QB,Jake,Rudock,0,0,5000,DET@HOU,DET,HOU,,,,,,,,,,,,16711-6857:Justin Forsett,16711-6857,RB,Justin,Forsett,5.040000153,5,5000,DET@HOU,DET,HOU,,,,,,,,,,,,16711-29915:Brett Hundley,16711-29915,QB,Brett,Hundley,0,0,5000,GB@ATL,GB,ATL,,,,,,,,,,,,16711-12531:Denver Broncos,16711-12531,D,Denver,Broncos,10.28571429,7,5000,SD@DEN,DEN,SD,,,,,,,,,,,,16711-11615:Joe Webb,16711-11615,QB,Joe,Webb,0.800000012,1,5000,ARI@CAR,CAR,ARI,,,,,,,,,,,,16711-25969:Tom Savage,16711-25969,QB,Tom,Savage,0,0,5000,DET@HOU,HOU,DET,,,,,,,,,,,,16711-28515:Cardale Jones,16711-28515,QB,Cardale,Jones,0,0,4900,NE@BUF,BUF,NE,,,,,,,,,,,,16711-39373:Jaelen Strong,16711-39373,WR,Jaelen,Strong,3.350000064,6,4900,DET@HOU,HOU,DET,,,,,,,,,,,,16711-33578:Jalen Richard,16711-33578,RB,Jalen,Richard,6.042857034,7,4900,OAK@TB,OAK,TB,,,,,,,,,,,,16711-38509:Wendell Smallwood,16711-38509,RB,Wendell,Smallwood,5.079999924,5,4900,PHI@DAL,PHI,DAL,,,,,,,,,,,,16711-7972:Darren Sproles,16711-7972,RB,Darren,Sproles,8.28333346,6,4900,PHI@DAL,PHI,DAL,,,,,,,,,,,,16711-27908:C.J. Fiedorowicz,16711-27908,TE,C.J.,Fiedorowicz,6.585714068,7,4900,DET@HOU,HOU,DET,,,,,,,,,,,,16711-7900:Stephen Gostkowski,16711-7900,K,Stephen,Gostkowski,7.142857143,7,4900,NE@BUF,NE,BUF,,,,,,,,,,,,16711-39859:Jack Doyle,16711-39859,TE,Jack,Doyle,9.528570993,7,4900,KC@IND,IND,KC,,,,,,,,,,,,16711-6687:Mark Sanchez,16711-6687,QB,Mark,Sanchez,12.28000005,3,4900,PHI@DAL,DAL,PHI,,,,,,,,,,,,16711-24949:EJ Manuel,16711-24949,QB,EJ,Manuel,0.850000024,2,4900,NE@BUF,BUF,NE,,,,,,,,,,,,16711-14362:Charles Clay,16711-14362,TE,Charles,Clay,5.542857034,7,4900,NE@BUF,BUF,NE,Q,Knee,,,,,,,,,,16711-26247:Brandon McManus,16711-26247,K,Brandon,McManus,8.714285714,7,4800,SD@DEN,DEN,SD,,,,,,,,,,,,16711-53681:Tyreek Hill,16711-53681,WR,Tyreek,Hill,6.53333346,6,4800,KC@IND,KC,IND,,,,,,,,,,,,16711-37245:Fozzy Whittaker,16711-37245,RB,Fozzy,Whittaker,7.21666654,6,4800,ARI@CAR,CAR,ARI,,,,,,,,,,,,16711-29314:Richard Rodgers,16711-29314,TE,Richard,Rodgers,3.149999936,6,4800,GB@ATL,GB,ATL,,,,,,,,,,,,16711-12545:Philadelphia Eagles,16711-12545,D,Philadelphia,Eagles,14.16666667,6,4800,PHI@DAL,PHI,DAL,,,,,,,,,,,,16711-7831:Sebastian Janikowski,16711-7831,K,Sebastian,Janikowski,9,7,4800,OAK@TB,OAK,TB,,,,,,,,,,,,16711-10647:Matt Bryant,16711-10647,K,Matt,Bryant,10.42857143,7,4800,GB@ATL,ATL,GB,,,,,,,,,,,,16711-27134:Dorial Green-Beckham,16711-27134,WR,Dorial,Green-Beckham,4.399999936,6,4800,PHI@DAL,PHI,DAL,,,,,,,,,,,,16711-28080:Devin Funchess,16711-28080,WR,Devin,Funchess,5.740000153,5,4800,ARI@CAR,CAR,ARI,,,,,,,,,,,,16711-6724:Stephen Hauschka,16711-6724,K,Stephen,Hauschka,8.333333333,6,4800,SEA@NO,SEA,NO,,,,,,,,,,,,16711-29780:Zach Ertz,16711-29780,TE,Zach,Ertz,4.650000095,4,4800,PHI@DAL,PHI,DAL,,,,,,,,,,,,16711-38269:Cameron Artis-Payne,16711-38269,RB,Cameron,Artis-Payne,9.333333333,3,4700,ARI@CAR,CAR,ARI,,,,,,,,,,,,16711-29357:Kenjon Barner,16711-29357,RB,Kenjon,Barner,3.799999952,4,4700,PHI@DAL,PHI,DAL,,,,,,,,,,,,16711-28486:Corey Brown,16711-28486,WR,Corey,Brown,5.03333346,6,4700,ARI@CAR,CAR,ARI,,,,,,,,,,,,16711-14952:Dan Bailey,16711-14952,K,Dan,Bailey,9.5,6,4700,PHI@DAL,DAL,PHI,,,,,,,,,,,,16711-11419:C.J. Spiller,16711-11419,RB,C.J.,Spiller,6.849999905,2,4700,SEA@NO,SEA,NO,,,,,,,,,,,,16711-12544:New York Jets,16711-12544,D,New York,Jets,4.857142857,7,4700,NYJ@CLE,NYJ,CLE,,,,,,,,,,,,16711-10744:Graham Gano,16711-10744,K,Graham,Gano,8,6,4700,ARI@CAR,CAR,ARI,,,,,,,,,,,,16711-28157:Bennie Fowler,16711-28157,WR,Bennie,Fowler,3,5,4700,SD@DEN,DEN,SD,,,,,,,,,,,,16711-6642:Nick Folk,16711-6642,K,Nick,Folk,7,7,4600,NYJ@CLE,NYJ,CLE,,,,,,,,,,,,16711-54753:Taylor Gabriel,16711-54753,WR,Taylor,Gabriel,3.674999952,4,4600,GB@ATL,ATL,GB,,,,,,,,,,,,16711-30261:Caleb Sturgis,16711-30261,K,Caleb,Sturgis,10.16666667,6,4600,PHI@DAL,PHI,DAL,,,,,,,,,,,,16711-70372:Chester Rogers,16711-70372,WR,Chester,Rogers,3.51666673,6,4600,KC@IND,IND,KC,O,Hamstring,,,,,,,,,,16711-25775:Clive Walford,16711-25775,TE,Clive,Walford,4.916666667,6,4600,OAK@TB,OAK,TB,,,,,,,,,,,,16711-8117:Danny Amendola,16711-8117,WR,Danny,Amendola,4.642857143,7,4600,NE@BUF,NE,BUF,,,,,,,,,,,,16711-12546:Arizona Cardinals,16711-12546,D,Arizona,Cardinals,11,7,4600,ARI@CAR,ARI,CAR,,,,,,,,,,,,16711-33714:Cairo Santos,16711-33714,K,Cairo,Santos,8.666666667,6,4600,KC@IND,KC,IND,,,,,,,,,,,,16711-16923:Austin Seferian-Jenkins,16711-16923,TE,Austin,Seferian-Jenkins,4.866666794,3,4600,NYJ@CLE,NYJ,CLE,D,Ankle,,,,,,,,,,16711-22258:Travaris Cadet,16711-22258,RB,Travaris,Cadet,4.100000064,6,4600,SEA@NO,NO,SEA,,,,,,,,,,,,16711-6897:Mason Crosby,16711-6897,K,Mason,Crosby,9,6,4600,GB@ATL,GB,ATL,,,,,,,,,,,,16711-26094:Brandon Coleman,16711-26094,WR,Brandon,Coleman,5.020000076,5,4600,SEA@NO,NO,SEA,,,,,,,,,,,,16711-12530:Dallas Cowboys,16711-12530,D,Dallas,Cowboys,5.666666667,6,4600,PHI@DAL,DAL,PHI,,,,,,,,,,,,16711-22113:Alfred Morris,16711-22113,RB,Alfred,Morris,4.28333346,6,4600,PHI@DAL,DAL,PHI,,,,,,,,,,,,16711-28095:Thomas Rawls,16711-28095,RB,Thomas,Rawls,4.800000191,2,4600,SEA@NO,SEA,NO,O,Lower leg,,,,,,,,,,16711-33472:C.J. Prosise,16711-33472,RB,C.J.,Prosise,2.150000095,2,4600,SEA@NO,SEA,NO,,,,,,,,,,,,16711-29655:Soma Vainuku,16711-29655,RB,Soma,Vainuku,0,0,4500,DET@HOU,HOU,DET,,,,,,,,,,,,16711-22010:DeVier Posey,16711-22010,WR,DeVier,Posey,0,0,4500,SD@DEN,DEN,SD,,,,,,,,,,,,16711-6566:Chris Johnson,16711-6566,RB,Chris,Johnson,3.875,4,4500,ARI@CAR,ARI,CAR,IR,Groin,,,,,,,,,,16711-70423:Anthony Norris,16711-70423,TE,Anthony,Norris,0,0,4500,SD@DEN,DEN,SD,,,,,,,,,,,,16711-33037:Kenbrell Thompkins,16711-33037,WR,Kenbrell,Thompkins,4.166666667,6,4500,NYJ@CLE,NYJ,CLE,,,,,,,,,,,,16711-47861:Mitchell Henry,16711-47861,TE,Mitchell,Henry,0,2,4500,GB@ATL,GB,ATL,,,,,,,,,,,,16711-26251:Robby Anderson,16711-26251,WR,Robby,Anderson,4.220000076,5,4500,NYJ@CLE,NYJ,CLE,,,,,,,,,,,,16711-32551:Kolby Listenbee,16711-32551,WR,Kolby,Listenbee,0,0,4500,NE@BUF,BUF,NE,O,Pelvis,,,,,,,,,,16711-64104:Terrell Watson,16711-64104,RB,Terrell,Watson,0,0,4500,NYJ@CLE,CLE,NYJ,,,,,,,,,,,,16711-45683:Kapri Bibbs,16711-45683,RB,Kapri,Bibbs,1.066666683,3,4500,SD@DEN,DEN,SD,,,,,,,,,,,,16711-70457:Cole Wick,16711-70457,TE,Cole,Wick,0.933333317,3,4500,DET@HOU,DET,HOU,Q,Knee,,,,,,,,,,16711-34154:J.J. Nelson,16711-34154,WR,J.J.,Nelson,3.940000153,5,4500,ARI@CAR,ARI,CAR,,,,,,,,,,,,16711-30678:Damiere Byrd,16711-30678,WR,Damiere,Byrd,0,0,4500,ARI@CAR,CAR,ARI,,,,,,,,,,,,16711-40126:Austin Hooper,16711-40126,TE,Austin,Hooper,6.099999905,4,4500,GB@ATL,ATL,GB,,,,,,,,,,,,16711-39153:Ifeanyi Momah,16711-39153,TE,Ifeanyi,Momah,3,2,4500,ARI@CAR,ARI,CAR,,,,,,,,,,,,16711-30684:Brandon Wilds,16711-30684,RB,Brandon,Wilds,0,0,4500,NYJ@CLE,NYJ,CLE,,,,,,,,,,,,16711-34073:Ryan Griffin,16711-34073,TE,Ryan,Griffin,4.071428571,7,4500,DET@HOU,HOU,DET,,,,,,,,,,,,16711-27199:Marcus Murphy,16711-27199,RB,Marcus,Murphy,0,1,4500,SEA@NO,NO,SEA,,,,,,,,,,,,16711-6653:Jerome Felton,16711-6653,RB,Jerome,Felton,0.35999999,5,4500,NE@BUF,BUF,NE,,,,,,,,,,,,16711-34051:Deshon Foxx,16711-34051,WR,Deshon,Foxx,0,0,4500,SEA@NO,SEA,NO,,,,,,,,,,,,16711-22898:Brandon Bolden,16711-22898,RB,Brandon,Bolden,0.966666698,3,4500,NE@BUF,NE,BUF,,,,,,,,,,,,16711-29583:Randall Telfer,16711-29583,TE,Randall,Telfer,0,1,4500,NYJ@CLE,CLE,NYJ,,,,,,,,,,,,16711-43961:Tyler Ervin,16711-43961,RB,Tyler,Ervin,0.228571432,7,4500,DET@HOU,HOU,DET,,,,,,,,,,,,16711-25225:Quinshad Davis,16711-25225,WR,Quinshad,Davis,0,0,4500,DET@HOU,DET,HOU,,,,,,,,,,,,16711-29624:Tre Madden,16711-29624,RB,Tre,Madden,0,0,4500,SEA@NO,SEA,NO,IR,Undisclosed,,,,,,,,,,16711-70506:Ryan O'Malley,16711-70506,TE,Ryan,O'Malley,0,0,4500,OAK@TB,OAK,TB,,,,,,,,,,,,16711-33137:Justin Hardy,16711-33137,WR,Justin,Hardy,3.916666667,6,4500,GB@ATL,ATL,GB,,,,,,,,,,,,16711-6622:Eric Weems,16711-6622,WR,Eric,Weems,0,7,4500,GB@ATL,ATL,GB,,,,,,,,,,,,16711-72676:Troymaine Pope,16711-72676,RB,Troymaine,Pope,0.100000001,1,4500,NYJ@CLE,NYJ,CLE,,,,,,,,,,,,16711-31703:Malcolm Johnson,16711-31703,RB,Malcolm,Johnson,1.019999981,5,4500,NYJ@CLE,CLE,NYJ,,,,,,,,,,,,16711-45791:Rashard Higgins,16711-45791,WR,Rashard,Higgins,0.960000038,5,4500,NYJ@CLE,CLE,NYJ,,,,,,,,,,,,16711-14268:Stevan Ridley,16711-14268,RB,Stevan,Ridley,1.350000024,8,4500,GB@ATL,ATL,GB,,,,,,,,,,,,16711-34288:Rannell Hall,16711-34288,WR,Rannell,Hall,0,1,4500,NYJ@CLE,CLE,NYJ,IR,Leg,,,,,,,,,,16711-45809:Kivon Cartwright,16711-45809,TE,Kivon,Cartwright,0,0,4500,OAK@TB,TB,OAK,,,,,,,,,,,,16711-29540:Terron Ward,16711-29540,RB,Terron,Ward,2.729999924,10,4500,GB@ATL,ATL,GB,,,,,,,,,,,,16711-45821:Isaiah Burse,16711-45821,WR,Isaiah,Burse,0,0,4500,SD@DEN,SD,DEN,,,,,,,,,,,,16711-23023:Cooper Helfet,16711-23023,TE,Cooper,Helfet,2.785714286,7,4500,OAK@TB,OAK,TB,,,,,,,,,,,,16711-14297:Greg Salas,16711-14297,WR,Greg,Salas,8.449999809,2,4500,NE@BUF,BUF,NE,IR,Groin,,,,,,,,,,16711-28408:Kyle Prater,16711-28408,WR,Kyle,Prater,0,0,4500,SEA@NO,NO,SEA,,,,,,,,,,,,16711-25135:Marcus Leak,16711-25135,WR,Marcus,Leak,0,0,4500,KC@IND,IND,KC,,,,,,,,,,,,16711-14277:Vincent Brown,16711-14277,WR,Vincent,Brown,2.700000048,1,4500,SEA@NO,NO,SEA,,,,,,,,,,,,16711-43826:Tommylee Lewis,16711-43826,WR,Tommylee,Lewis,2.3,5,4500,SEA@NO,NO,SEA,,,,,,,,,,,,16711-14327:Anthony Sherman,16711-14327,RB,Anthony,Sherman,0.433333317,3,4500,KC@IND,KC,IND,,,,,,,,,,,,16711-22991:Jonathan Grimes,16711-22991,RB,Jonathan,Grimes,3.25,2,4500,DET@HOU,HOU,DET,Q,Ankle,,,,,,,,,,16711-34224:Kennard Backman,16711-34224,TE,Kennard,Backman,0,7,4500,GB@ATL,GB,ATL,,,,,,,,,,,,16711-14307:Cecil Shorts III,16711-14307,WR,Cecil,Shorts III,1.700000048,1,4500,OAK@TB,TB,OAK,,,,,,,,,,,,16711-14304:Luke Stocker,16711-14304,TE,Luke,Stocker,2.075000048,8,4500,OAK@TB,TB,OAK,,,,,,,,,,,,16711-27273:Andy Janovich,16711-27273,RB,Andy,Janovich,2.879999924,5,4500,SD@DEN,DEN,SD,,,,,,,,,,,,16711-14305:Roy Helu Jr.,16711-14305,RB,Roy,Helu Jr.,2.737499952,8,4500,OAK@TB,OAK,TB,,,,,,,,,,,,16711-29477:Connor Hamlett,16711-29477,TE,Connor,Hamlett,8.199999809,1,4500,NYJ@CLE,CLE,NYJ,,,,,,,,,,,,16711-14319:Taiwan Jones,16711-14319,RB,Taiwan,Jones,0.633333325,3,4500,OAK@TB,OAK,TB,Q,Knee,,,,,,,,,,16711-6488:Dwayne Bowe,16711-6488,WR,Dwayne,Bowe,1.114285742,7,4500,NYJ@CLE,CLE,NYJ,,,,,,,,,,,,16711-32287:Cayleb Jones,16711-32287,WR,Cayleb,Jones,0,0,4500,PHI@DAL,PHI,DAL,,,,,,,,,,,,16711-12872:James Develin,16711-12872,RB,James,Develin,0,0,4500,NE@BUF,NE,BUF,,,,,,,,,,,,16711-38264:Demarcus Robinson,16711-38264,WR,Demarcus,Robinson,0,0,4500,KC@IND,KC,IND,,,,,,,,,,,,16711-31321:Jay Prosch,16711-31321,RB,Jay,Prosch,0.649999976,2,4500,DET@HOU,HOU,DET,,,,,,,,,,,,16711-29404:Byron Marshall,16711-29404,RB,Byron,Marshall,0,0,4500,PHI@DAL,PHI,DAL,,,,,,,,,,,,16711-31308:Quan Bray,16711-31308,WR,Quan,Bray,0.966666698,6,4500,KC@IND,IND,KC,IR,Ankle,,,,,,,,,,16711-12903:Andrew Hawkins,16711-12903,WR,Andrew,Hawkins,4.82857132,7,4500,NYJ@CLE,CLE,NYJ,,,,,,,,,,,,16711-39305:A.J. Derby,16711-39305,TE,A.J.,Derby,0,0,4500,SD@DEN,DEN,SD,,,,,,,,,,,,16711-54742:Scott Simonson,16711-54742,TE,Scott,Simonson,1.5,1,4500,ARI@CAR,CAR,ARI,,,,,,,,,,,,16711-32309:M.J. McFarland,16711-32309,TE,M.J.,McFarland,0,0,4500,PHI@DAL,PHI,DAL,,,,,,,,,,,,16711-32807:Anthony Denham,16711-32807,TE,Anthony,Denham,0,0,4500,PHI@DAL,PHI,DAL,,,,,,,,,,,,16711-30385:Marlon Brown,16711-30385,WR,Marlon,Brown,2.022222307,9,4500,SD@DEN,DEN,SD,,,,,,,,,,,,16711-31329:Russell Shepard,16711-31329,WR,Russell,Shepard,5.199999809,4,4500,OAK@TB,TB,OAK,,,,,,,,,,,,16711-55577:Hunter Sharp,16711-55577,WR,Hunter,Sharp,0,0,4500,PHI@DAL,PHI,DAL,,,,,,,,,,,,16711-28525:Braxton Miller,16711-28525,WR,Braxton,Miller,1.139999962,5,4500,DET@HOU,HOU,DET,,,,,,,,,,,,16711-26610:Paul Richardson,16711-26610,WR,Paul,Richardson,2.260000038,5,4500,SEA@NO,SEA,NO,,,,,,,,,,,,16711-29327:Bralon Addison,16711-29327,WR,Bralon,Addison,0,0,4500,SD@DEN,DEN,SD,,,,,,,,,,,,16711-30403:Chris Conley,16711-30403,WR,Chris,Conley,5.450000127,6,4500,KC@IND,KC,IND,,,,,,,,,,,,16711-44784:Darius Jackson,16711-44784,RB,Darius,Jackson,0,0,4500,PHI@DAL,DAL,PHI,,,,,,,,,,,,16711-27439:Durron Neal,16711-27439,WR,Durron,Neal,0,0,4500,SD@DEN,DEN,SD,,,,,,,,,,,,16711-31263:Ricardo Louis,16711-31263,WR,Ricardo,Louis,3.683333397,6,4500,NYJ@CLE,CLE,NYJ,,,,,,,,,,,,16711-39411:Gavin Escobar,16711-39411,TE,Gavin,Escobar,2.057142803,7,4500,PHI@DAL,DAL,PHI,,,,,,,,,,,,16711-29340:Josh Huff,16711-29340,WR,Josh,Huff,4.21666654,6,4500,PHI@DAL,PHI,DAL,,,,,,,,,,,,16711-54694:Justin Perillo,16711-54694,TE,Justin,Perillo,1.350000024,2,4500,GB@ATL,GB,ATL,,,,,,,,,,,,16711-30428:Malcolm Mitchell,16711-30428,WR,Malcolm,Mitchell,2.239999962,5,4500,NE@BUF,NE,BUF,Q,Hamstring,,,,,,,,,,16711-16078:Ross Travis,16711-16078,TE,Ross,Travis,0.666666667,3,4500,KC@IND,KC,IND,,,,,,,,,,,,16711-54687:Charcandrick West,16711-54687,RB,Charcandrick,West,3.579999924,5,4500,KC@IND,KC,IND,,,,,,,,,,,,16711-31280:Cody Parkey,16711-31280,K,Cody,Parkey,7.6,5,4500,NYJ@CLE,CLE,NYJ,,,,,,,,,,,,16711-28487:Jeff Heuerman,16711-28487,TE,Jeff,Heuerman,1.933333397,3,4500,SD@DEN,DEN,SD,,,,,,,,,,,,16711-29351:De'Anthony Thomas,16711-29351,WR,De'Anthony,Thomas,2.299999952,2,4500,KC@IND,KC,IND,,,,,,,,,,,,16711-27411:Aaron Ripkowski,16711-27411,RB,Aaron,Ripkowski,1.5,3,4500,GB@ATL,GB,ATL,,,,,,,,,,,,16711-33840:Keyarris Garrett,16711-33840,WR,Keyarris,Garrett,0,0,4500,ARI@CAR,CAR,ARI,,,,,,,,,,,,16711-28502:Devin Smith,16711-28502,WR,Devin,Smith,2.857142857,7,4500,NYJ@CLE,NYJ,CLE,NA,Knee,,,,,,,,,,16711-32410:Trey Williams,16711-32410,RB,Trey,Williams,1.200000048,1,4500,KC@IND,IND,KC,,,,,,,,,,,,16711-54651:Dominique Williams,16711-54651,RB,Dominique,Williams,0,0,4500,NYJ@CLE,NYJ,CLE,,,,,,,,,,,,16711-34014:Aaron Dobson,16711-34014,WR,Aaron,Dobson,3.433333397,6,4500,DET@HOU,DET,HOU,,,,,,,,,,,,16711-12090:Nick Novak,16711-12090,K,Nick,Novak,10.5,6,4500,DET@HOU,HOU,DET,,,,,,,,,,,,16711-47953:Lucky Whitehead,16711-47953,WR,Lucky,Whitehead,1.433333397,6,4500,PHI@DAL,DAL,PHI,,,,,,,,,,,,16711-29277:Stephen Anderson,16711-29277,TE,Stephen,Anderson,2.166666667,3,4500,DET@HOU,HOU,DET,,,,,,,,,,,,16711-28545:Rod Smith,16711-28545,RB,Rod,Smith,0.449999988,2,4500,PHI@DAL,DAL,PHI,,,,,,,,,,,,16711-70335:Seth DeValve,16711-70335,TE,Seth,DeValve,0,0,4500,NYJ@CLE,CLE,NYJ,,,,,,,,,,,,16711-54623:Jeff Janis,16711-54623,WR,Jeff,Janis,1.433333397,3,4500,GB@ATL,GB,ATL,,,,,,,,,,,,16711-54621:Walt Powell,16711-54621,WR,Walt,Powell,2.950000048,4,4500,NE@BUF,BUF,NE,,,,,,,,,,,,16711-29290:Bryce Treggs,16711-29290,WR,Bryce,Treggs,0,0,4500,PHI@DAL,PHI,DAL,,,,,,,,,,,,16711-7244:John Kuhn,16711-7244,RB,John,Kuhn,5.840000153,5,4500,SEA@NO,NO,SEA,,,,,,,,,,,,16711-28562:Jake Stoneburner,16711-28562,TE,Jake,Stoneburner,6.400000254,3,4500,SEA@NO,NO,SEA,,,,,,,,,,,,16711-28570:Nick Vannett,16711-28570,TE,Nick,Vannett,0,1,4500,SEA@NO,SEA,NO,,,,,,,,,,,,16711-29304:Daniel Lasco,16711-29304,RB,Daniel,Lasco,1.899999976,2,4500,SEA@NO,NO,SEA,Q,Hamstring,,,,,,,,,,16711-32429:Josh Lambo,16711-32429,K,Josh,Lambo,10.85714286,7,4500,SD@DEN,SD,DEN,,,,,,,,,,,,16711-32957:Eric Tomlinson,16711-32957,TE,Eric,Tomlinson,0,0,4500,DET@HOU,HOU,DET,,,,,,,,,,,,16711-72262:Nick Truesdell,16711-72262,TE,Nick,Truesdell,0,0,4500,KC@IND,IND,KC,,,,,,,,,,,,16711-22767:Brian Tyms,16711-22767,WR,Brian,Tyms,0,0,4500,KC@IND,IND,KC,,,,,,,,,,,,16711-30297:Trey Burton,16711-30297,TE,Trey,Burton,3.7,5,4500,PHI@DAL,PHI,DAL,,,,,,,,,,,,16711-22746:Kashif Moore,16711-22746,WR,Kashif,Moore,0,0,4500,KC@IND,KC,IND,,,,,,,,,,,,16711-46001:Joey Iosefa,16711-46001,RB,Joey,Iosefa,2.549999952,2,4500,NE@BUF,NE,BUF,,,,,,,,,,,,16711-38301:Darren Fells,16711-38301,TE,Darren,Fells,2.650000095,4,4500,ARI@CAR,ARI,CAR,O,Ankle,,,,,,,,,,16711-33978:Devon Johnson,16711-33978,RB,Devon,Johnson,0,0,4500,ARI@CAR,CAR,ARI,IR,Undisclosed,,,,,,,,,,16711-31406:Alfred Blue,16711-31406,RB,Alfred,Blue,2.142857143,7,4500,DET@HOU,HOU,DET,,,,,,,,,,,,16711-32483:Josh Boyce,16711-32483,WR,Josh,Boyce,0,0,4500,NYJ@CLE,CLE,NYJ,,,,,,,,,,,,16711-70373:Mike Miller,16711-70373,TE,Mike,Miller,0,0,4500,KC@IND,IND,KC,,,,,,,,,,,,16711-61666:Jared Dangerfield,16711-61666,WR,Jared,Dangerfield,0,0,4500,SEA@NO,NO,SEA,,,,,,,,,,,,16711-29183:D.J. Foster,16711-29183,RB,D.J.,Foster,1.033333302,3,4500,NE@BUF,NE,BUF,,,,,,,,,,,,16711-62628:DeAndre Carter,16711-62628,WR,DeAndre,Carter,0,0,4500,NE@BUF,NE,BUF,,,,,,,,,,,,16711-62631:Gus Johnson,16711-62631,RB,Gus,Johnson,0,0,4500,GB@ATL,ATL,GB,,,,,,,,,,,,16711-25751:Chris Pantale,16711-25751,TE,Chris,Pantale,0,0,4500,PHI@DAL,PHI,DAL,,,,,,,,,,,,16711-24797:Juwan Thompson,16711-24797,RB,Juwan,Thompson,1.612499952,8,4500,SD@DEN,DEN,SD,,,,,,,,,,,,16711-33571:George Atkinson III,16711-33571,RB,George,Atkinson III,0,4,4500,NYJ@CLE,CLE,NYJ,,,,,,,,,,,,16711-62600:Joshua Stangby,16711-62600,WR,Joshua,Stangby,0,0,4500,KC@IND,IND,KC,,,,,,,,,,,,16711-39615:Brandon Williams,16711-39615,TE,Brandon,Williams,0,6,4500,SEA@NO,SEA,NO,,,,,,,,,,,,16711-46088:Jhurell Pressley,16711-46088,RB,Jhurell,Pressley,0,0,4500,GB@ATL,ATL,GB,,,,,,,,,,,,16711-32000:Luke Willson,16711-32000,TE,Luke,Willson,1.6,5,4500,SEA@NO,SEA,NO,O,Knee - mcl,,,,,,,,,,16711-11454:Dexter McCluster,16711-11454,RB,Dexter,McCluster,1.3,5,4500,SD@DEN,SD,DEN,,,,,,,,,,,,16711-62623:John Crockett,16711-62623,RB,John,Crockett,1.049999952,2,4500,GB@ATL,GB,ATL,IR,Shoulder,,,,,,,,,,16711-27692:Josh Ferguson,16711-27692,RB,Josh,Ferguson,3.833333333,6,4500,KC@IND,IND,KC,,,,,,,,,,,,16711-62617:Khari Lee,16711-62617,TE,Khari,Lee,0,1,4500,DET@HOU,DET,HOU,,,,,,,,,,,,16711-11431:Jermaine Gresham,16711-11431,TE,Jermaine,Gresham,1.628571374,7,4500,ARI@CAR,ARI,CAR,,,,,,,,,,,,16711-38517:Dreamius Smith,16711-38517,RB,Dreamius,Smith,0,2,4500,SD@DEN,SD,DEN,,,,,,,,,,,,16711-24817:Nick O'Leary,16711-24817,TE,Nick,O'Leary,2.279999924,5,4500,NE@BUF,BUF,NE,,,,,,,,,,,,16711-38523:Geoff Swaim,16711-38523,TE,Geoff,Swaim,1.625,4,4500,PHI@DAL,DAL,PHI,,,,,,,,,,,,16711-31015:DeAndrew White,16711-31015,WR,DeAndrew,White,1.399999976,2,4500,NE@BUF,NE,BUF,,,,,,,,,,,,16711-48380:Wil Lutz,16711-48380,K,Wil,Lutz,8,6,4500,SEA@NO,NO,SEA,,,,,,,,,,,,16711-14761:Andre Holmes,16711-14761,WR,Andre,Holmes,3.299999873,6,4500,OAK@TB,OAK,TB,Q,Hip,,,,,,,,,,16711-24720:Braxton Deaver,16711-24720,TE,Braxton,Deaver,0,0,4500,ARI@CAR,CAR,ARI,,,,,,,,,,,,16711-25827:Asante Cleveland,16711-25827,TE,Asante,Cleveland,0.600000024,1,4500,SD@DEN,SD,DEN,,,,,,,,,,,,16711-27771:Cody Latimer,16711-27771,WR,Cody,Latimer,0.925000012,4,4500,SD@DEN,DEN,SD,,,,,,,,,,,,16711-11504:Andre Roberts,16711-11504,WR,Andre,Roberts,2.771428517,7,4500,DET@HOU,DET,HOU,,,,,,,,,,,,16711-48344:Albert Wilson,16711-48344,WR,Albert,Wilson,3.079999924,5,4500,KC@IND,KC,IND,,,,,,,,,,,,16711-39678:E.J. Bibbs,16711-39678,TE,E.J.,Bibbs,0.600000024,2,4500,NYJ@CLE,CLE,NYJ,,,,,,,,,,,,16711-62680:Donteea Dye,16711-62680,WR,Donteea,Dye,2.470000076,10,4500,OAK@TB,TB,OAK,,,,,,,,,,,,16711-11488:Ed Dickson,16711-11488,TE,Ed,Dickson,3.825000048,4,4500,ARI@CAR,CAR,ARI,,,,,,,,,,,,16711-12550:Seattle Seahawks,16711-12550,D,Seattle,Seahawks,9.166666667,6,4500,SEA@NO,SEA,NO,,,,,,,,,,,,16711-12553:Carolina Panthers,16711-12553,D,Carolina,Panthers,5.666666667,6,4500,ARI@CAR,CAR,ARI,,,,,,,,,,,,16711-32082:Jordan Taylor,16711-32082,WR,Jordan,Taylor,0.833333333,3,4500,SD@DEN,DEN,SD,,,,,,,,,,,,16711-15838:Erik Swoope,16711-15838,TE,Erik,Swoope,5.650000095,2,4500,KC@IND,IND,KC,,,,,,,,,,,,16711-22447:Griff Whalen,16711-22447,WR,Griff,Whalen,0.850000024,2,4500,SD@DEN,SD,DEN,,,,,,,,,,,,16711-30012:Kevin Smith,16711-30012,WR,Kevin,Smith,1.933333397,3,4500,SEA@NO,SEA,NO,,,,,,,,,,,,16711-39455:Kerwynn Williams,16711-39455,RB,Kerwynn,Williams,3.46666654,6,4500,ARI@CAR,ARI,CAR,,,,,,,,,,,,16711-62508:James O'Shaughnessy,16711-62508,TE,James,O'Shaughnessy,2.339999962,5,4500,KC@IND,KC,IND,,,,,,,,,,,,16711-29991:Bishop Sankey,16711-29991,RB,Bishop,Sankey,4.183333397,12,4500,NE@BUF,NE,BUF,,,,,,,,,,,,16711-10354:Marcel Reece,16711-10354,RB,Marcel,Reece,4.233333333,15,4500,OAK@TB,OAK,TB,,,,,,,,,,,,16711-24679:Zac Brooks,16711-24679,RB,Zac,Brooks,0,0,4500,KC@IND,KC,IND,,,,,,,,,,,,16711-24682:Andre Ellington,16711-24682,RB,Andre,Ellington,1.342857088,7,4500,ARI@CAR,ARI,CAR,,,,,,,,,,,,16711-38651:Beau Sandland,16711-38651,TE,Beau,Sandland,0,0,4500,ARI@CAR,CAR,ARI,,,,,,,,,,,,16711-18009:Chris Manhertz,16711-18009,TE,Chris,Manhertz,0,0,4500,ARI@CAR,CAR,ARI,,,,,,,,,,,,16711-31184:Jonathan Williams,16711-31184,RB,Jonathan,Williams,0.150000006,2,4500,NE@BUF,BUF,NE,,,,,,,,,,,,16711-24569:Chandler Catanzaro,16711-24569,K,Chandler,Catanzaro,6.571428571,7,4500,ARI@CAR,ARI,CAR,,,,,,,,,,,,16711-31191:Mekale McKay,16711-31191,WR,Mekale,McKay,0,0,4500,KC@IND,IND,KC,,,,,,,,,,,,16711-14683:Patrick DiMarco,16711-14683,RB,Patrick,DiMarco,1.4,5,4500,GB@ATL,ATL,GB,,,,,,,,,,,,16711-41370:Trevor Davis,16711-41370,WR,Trevor,Davis,0,5,4500,GB@ATL,GB,ATL,,,,,,,,,,,,16711-24589:Jaron Brown,16711-24589,WR,Jaron,Brown,5.03333346,6,4500,ARI@CAR,ARI,CAR,IR,Knee,,,,,,,,,,16711-22292:Lance Dunbar,16711-22292,RB,Lance,Dunbar,3.75,4,4500,PHI@DAL,DAL,PHI,Q,Knee,,,,,,,,,,16711-25694:Andre Williams,16711-25694,RB,Andre,Williams,2.181250095,16,4500,SD@DEN,SD,DEN,,,,,,,,,,,,16711-7001:Kellen Davis,16711-7001,TE,Kellen,Davis,0,1,4500,NYJ@CLE,NYJ,CLE,,,,,,,,,,,,16711-39492:Josh Hill,16711-39492,TE,Josh,Hill,5.199999809,2,4500,SEA@NO,NO,SEA,,,,,,,,,,,,16711-9442:Brandon Tate,16711-9442,WR,Brandon,Tate,0.642857143,7,4500,NE@BUF,BUF,NE,,,,,,,,,,,,16711-24621:Charone Peake,16711-24621,WR,Charone,Peake,4.925000191,4,4500,NYJ@CLE,NYJ,CLE,,,,,,,,,,,,16711-7975:Mike Tolbert,16711-7975,RB,Mike,Tolbert,1.399999936,6,4500,ARI@CAR,CAR,ARI,,,,,,,,,,,,16711-28933:Jared Abbrederis,16711-28933,WR,Jared,Abbrederis,0.649999976,2,4500,GB@ATL,GB,ATL,,,,,,,,,,,,16711-62544:Brandon Wegher,16711-62544,RB,Brandon,Wegher,0,1,4500,ARI@CAR,CAR,ARI,,,,,,,,,,,,16711-22317:Brenton Bersin,16711-22317,WR,Brenton,Bersin,2.879999924,5,4500,ARI@CAR,CAR,ARI,,,,,,,,,,,,16711-33733:Xavier Rush,16711-33733,WR,Xavier,Rush,0,0,4500,PHI@DAL,PHI,DAL,,,,,,,,,,,,16711-11648:Jim Dray,16711-11648,TE,Jim,Dray,1.011111153,9,4500,NE@BUF,BUF,NE,,,,,,,,,,,,16711-27918:Henry Krieger-Coble,16711-27918,TE,Henry,Krieger-Coble,0,0,4500,SD@DEN,DEN,SD,,,,,,,,,,,,16711-6810:Dan Carpenter,16711-6810,K,Dan,Carpenter,7.285714286,7,4500,NE@BUF,BUF,NE,,,,,,,,,,,,16711-22220:Sean McGrath,16711-22220,TE,Sean,McGrath,0.899999976,2,4500,SD@DEN,SD,DEN,,,,,,,,,,,,16711-22219:Jermaine Kearse,16711-22219,WR,Jermaine,Kearse,4.633333206,6,4500,SEA@NO,SEA,NO,,,,,,,,,,,,16711-23046:Jamize Olawale,16711-23046,RB,Jamize,Olawale,3.53333346,6,4500,OAK@TB,OAK,TB,,,,,,,,,,,,16711-23055:Brandon Bostick,16711-23055,TE,Brandon,Bostick,0.466666659,3,4500,NYJ@CLE,NYJ,CLE,,,,,,,,,,,,16711-29830:Shaq Evans,16711-29830,WR,Shaq,Evans,0,0,4500,NE@BUF,NE,BUF,,,,,,,,,,,,16711-30807:Mychal Rivera,16711-30807,TE,Mychal,Rivera,1.5,3,4500,OAK@TB,OAK,TB,,,,,,,,,,,,16711-43260:Darion Griswold,16711-43260,TE,Darion,Griswold,0,0,4500,KC@IND,IND,KC,,,,,,,,,,,,16711-28890:Derek Watt,16711-28890,RB,Derek,Watt,0.866666635,3,4500,SD@DEN,SD,DEN,,,,,,,,,,,,16711-6828:Tim Hightower,16711-6828,RB,Tim,Hightower,1.716666698,6,4500,SEA@NO,NO,SEA,,,,,,,,,,,,16711-6823:John Phillips,16711-6823,TE,John,Phillips,4.166666667,3,4500,SD@DEN,DEN,SD,,,,,,,,,,,,16711-40843:Alex Collins,16711-40843,RB,Alex,Collins,2.4,5,4500,SEA@NO,SEA,NO,,,,,,,,,,,,16711-33403:Tevin Jones,16711-33403,WR,Tevin,Jones,0,0,4500,DET@HOU,HOU,DET,,,,,,,,,,,,16711-40857:Peyton Barber,16711-40857,RB,Peyton,Barber,7.5,2,4500,OAK@TB,TB,OAK,,,,,,,,,,,,16711-26057:Michael Burton,16711-26057,RB,Michael,Burton,1.637500048,8,4500,DET@HOU,DET,HOU,,,,,,,,,,,,16711-28815:Akeem Hunt,16711-28815,RB,Akeem,Hunt,2.357142857,7,4500,DET@HOU,HOU,DET,,,,,,,,,,,,16711-7856:Matthew Slater,16711-7856,WR,Matthew,Slater,0.25,2,4500,NE@BUF,NE,BUF,,,,,,,,,,,,16711-28807:Gabe Holmes,16711-28807,TE,Gabe,Holmes,0,0,4500,OAK@TB,OAK,TB,IR,Ankle,,,,,,,,,,16711-11766:Jeff Cumberland,16711-11766,TE,Jeff,Cumberland,1.45714283,7,4500,SD@DEN,SD,DEN,IR,Achilles,,,,,,,,,,16711-26934:Toben Opurum,16711-26934,RB,Toben,Opurum,0,2,4500,SD@DEN,DEN,SD,,,,,,,,,,,,16711-12305:Will Tukuafu,16711-12305,RB,Will,Tukuafu,0,1,4500,SEA@NO,SEA,NO,,,,,,,,,,,,16711-28021:Sione Houma,16711-28021,RB,Sione,Houma,0,0,4500,SEA@NO,NO,SEA,,,,,,,,,,,,16711-25886:Devin Street,16711-25886,WR,Devin,Street,2.5,1,4500,KC@IND,IND,KC,,,,,,,,,,,,16711-7761:Jared Cook,16711-7761,TE,Jared,Cook,2.76666673,3,4500,GB@ATL,GB,ATL,O,Ankle,,,,,,,,,,16711-11522:Marcus Easley,16711-11522,WR,Marcus,Easley,4.100000064,3,4500,NE@BUF,BUF,NE,NA,Kneecap,,,,,,,,,,16711-12541:New England Patriots,16711-12541,D,New England,Patriots,7.142857143,7,4500,NE@BUF,NE,BUF,,,,,,,,,,,,16711-6660:Donald Brown,16711-6660,RB,Donald,Brown,6.950000127,6,4500,NE@BUF,NE,BUF,,,,,,,,,,,,16711-12537:Oakland Raiders,16711-12537,D,Oakland,Raiders,4.857142857,7,4500,OAK@TB,OAK,TB,,,,,,,,,,,,16711-12536:Kansas City Chiefs,16711-12536,D,Kansas City,Chiefs,10.33333333,6,4500,KC@IND,KC,IND,,,,,,,,,,,,16711-11538:Garrett Graham,16711-11538,TE,Garrett,Graham,1.571428571,7,4500,SD@DEN,DEN,SD,,,,,,,,,,,,16711-11543:Clay Harbor,16711-11543,TE,Clay,Harbor,1.700000048,2,4500,DET@HOU,DET,HOU,,,,,,,,,,,,16711-11562:Andrew Quarless,16711-11562,TE,Andrew,Quarless,1.699999968,3,4500,DET@HOU,DET,HOU,,,,,,,,,,,,16711-7801:Brandon Myers,16711-7801,TE,Brandon,Myers,3.26666673,3,4500,OAK@TB,TB,OAK,,,,,,,,,,,,16711-22123:James Hanna,16711-22123,TE,James,Hanna,1.549999952,8,4500,PHI@DAL,DAL,PHI,NA,Knee,,,,,,,,,,16711-7806:Darren McFadden,16711-7806,RB,Darren,McFadden,10.98124981,16,4500,PHI@DAL,DAL,PHI,O,Elbow,,,,,,,,,,16711-19342:Demetrius Harris,16711-19342,TE,Demetrius,Harris,1.699999968,6,4500,KC@IND,KC,IND,,,,,,,,,,,,16711-22116:Cyrus Gray,16711-22116,RB,Cyrus,Gray,0,0,4500,GB@ATL,ATL,GB,,,,,,,,,,,,16711-11556:Michael Hoomanawanui,16711-11556,TE,Michael,Hoomanawanui,2.910000038,10,4500,SEA@NO,NO,SEA,IR,Lower leg,,,,,,,,,,16711-29725:Levine Toilolo,16711-29725,TE,Levine,Toilolo,3.7,5,4500,GB@ATL,ATL,GB,,,,,,,,,,,,16711-31874:Kenneth Farrow,16711-31874,RB,Kenneth,Farrow,1.033333302,3,4500,SD@DEN,SD,DEN,,,,,,,,,,,,16711-33424:Mose Frazier,16711-33424,WR,Mose,Frazier,0,0,4500,NE@BUF,BUF,NE,,,,,,,,,,,,16711-29723:Stepfan Taylor,16711-29723,RB,Stepfan,Taylor,0.600000024,2,4500,ARI@CAR,ARI,CAR,,,,,,,,,,,,16711-27020:Glenn Gronkowski,16711-27020,RB,Glenn,Gronkowski,0,0,4500,NE@BUF,NE,BUF,,,,,,,,,,,,16711-22029:Bernard Pierce,16711-22029,RB,Bernard,Pierce,0.824999988,4,4500,NYJ@CLE,NYJ,CLE,,,,,,,,,,,,16711-7706:Chase Coffman,16711-7706,TE,Chase,Coffman,8.550000191,2,4500,KC@IND,IND,KC,,,,,,,,,,,,16711-6742:Brent Celek,16711-6742,TE,Brent,Celek,2.599999905,4,4500,PHI@DAL,PHI,DAL,,,,,,,,,,,,16711-57348:Glenn Winston,16711-57348,RB,Glenn,Winston,-2.799999952,1,4500,NYJ@CLE,CLE,NYJ,IR,Shoulder,,,,,,,,,,16711-14394:Virgil Green,16711-14394,TE,Virgil,Green,4.833333333,3,4500,SD@DEN,DEN,SD,,,,,,,,,,,,16711-14369:Jordan Todman,16711-14369,RB,Jordan,Todman,0,5,4500,KC@IND,IND,KC,,,,,,,,,,,,16711-45472:Garrett Griffin,16711-45472,TE,Garrett,Griffin,0,0,4500,SEA@NO,NO,SEA,,,,,,,,,,,,16711-11609:James Starks,16711-11609,RB,James,Starks,3.049999952,4,4500,GB@ATL,GB,ATL,O,Knee,,,,,,,,,,16711-14372:Aldrick Robinson,16711-14372,WR,Aldrick,Robinson,3.23333327,6,4500,GB@ATL,ATL,GB,,,,,,,,,,,,16711-28721:Brandon Cottom,16711-28721,RB,Brandon,Cottom,0,0,4500,SEA@NO,SEA,NO,IR,Achilles,,,,,,,,,,16711-29821:Jordan Payton,16711-29821,WR,Jordan,Payton,0,1,4500,NYJ@CLE,CLE,NYJ,,,,,,,,,,,,16711-38790:Jalin Marshall,16711-38790,WR,Jalin,Marshall,1.3,5,4500,NYJ@CLE,NYJ,CLE,,,,,,,,,,,,16711-22034:Chris Givens,16711-22034,WR,Chris,Givens,3.792857034,14,4500,PHI@DAL,PHI,DAL,,,,,,,,,,,,16711-28735:Daniel Anthrop,16711-28735,WR,Daniel,Anthrop,0,0,4500,KC@IND,IND,KC,,,,,,,,,,,,16711-28131:Keith Mumphery,16711-28131,WR,Keith,Mumphery,1.421428544,14,4500,DET@HOU,HOU,DET,,,,,,,,,,,,16711-33473:Chris Brown,16711-33473,WR,Chris,Brown,0,0,4500,PHI@DAL,DAL,PHI,,,,,,,,,,,,16711-10531:Jordan Norwood,16711-10531,WR,Jordan,Norwood,2.642857143,7,4500,SD@DEN,DEN,SD,,,,,,,,,,,,16711-29768:Patrick Skov,16711-29768,RB,Patrick,Skov,0,0,4500,NYJ@CLE,CLE,NYJ,,,,,,,,,,,,16711-24882:Roberto Aguayo,16711-24882,K,Roberto,Aguayo,5.166666667,6,4500,OAK@TB,TB,OAK,,,,,,,,,,,,16711-22051:Orson Charles,16711-22051,TE,Orson,Charles,0,0,4500,DET@HOU,DET,HOU,,,,,,,,,,,,16711-22048:Robert Turbin,16711-22048,RB,Robert,Turbin,4.23333327,6,4500,KC@IND,IND,KC,,,,,,,,,,,,16711-6782:Matt Prater,16711-6782,K,Matt,Prater,8.285714286,7,4500,DET@HOU,DET,HOU,,,,,,,,,,,,16711-14339:Dion Lewis,16711-14339,RB,Dion,Lewis,14.59999956,7,4500,NE@BUF,NE,BUF,NA,Knee,,,,,,,,,,16711-33488:Troy Niklas,16711-33488,TE,Troy,Niklas,0.25,2,4500,ARI@CAR,ARI,CAR,IR,Wrist,,,,,,,,,,16711-14348:Lee Smith,16711-14348,TE,Lee,Smith,1.966666698,3,4500,OAK@TB,OAK,TB,IR,Ankle,,,,,,,,,,16711-12525:Atlanta Falcons,16711-12525,D,Atlanta,Falcons,6.857142857,7,4400,GB@ATL,ATL,GB,,,,,,,,,,,,16711-12526:Buffalo Bills,16711-12526,D,Buffalo,Bills,10.71428571,7,4400,NE@BUF,BUF,NE,,,,,,,,,,,,16711-12532:Detroit Lions,16711-12532,D,Detroit,Lions,4.857142857,7,4400,DET@HOU,DET,HOU,,,,,,,,,,,,16711-12556:Houston Texans,16711-12556,D,Houston,Texans,5.714285714,7,4300,DET@HOU,HOU,DET,,,,,,,,,,,,16711-12533:Green Bay Packers,16711-12533,D,Green Bay,Packers,6.833333333,6,4300,GB@ATL,GB,ATL,,,,,,,,,,,,16711-12535:Indianapolis Colts,16711-12535,D,Indianapolis,Colts,4.142857143,7,4300,KC@IND,IND,KC,,,,,,,,,,,,16711-12548:San Diego Chargers,16711-12548,D,San Diego,Chargers,6.857142857,7,4200,SD@DEN,SD,DEN,,,,,,,,,,,,16711-12551:Tampa Bay Buccaneers,16711-12551,D,Tampa Bay,Buccaneers,6.166666667,6,4200,OAK@TB,TB,OAK,,,,,,,,,,,,16711-12529:Cleveland Browns,16711-12529,D,Cleveland,Browns,4.142857143,7,4200,NYJ@CLE,CLE,NYJ,,,,,,,,,,,,16711-12542:New Orleans Saints,16711-12542,D,New Orleans,Saints,2.666666667,6,4000,SEA@NO,NO,SEA,,