QB,RB,RB,WR,WR,WR,TE,K,D,,Instructions,,,,,,,,,,,,,a,,,,,,,,,,1) Create a lineup by inserting any player from this list into their appropriate position columns,,,,,,,,,,,,,a,,,,,,,,,,2) You can paste either the Player ID + Name OR ID from their respective columns,,,,,,,,,,,,,a,,,,,,,,,,3) Any information to the right of the last position column will be ignored in the upload,,,,,,,,,,,,,a,,,,,,,,,,4) Maximum of 250 lineups per upload,,,,,,,,,,,,,a,,,,,,,,,,,,,,,,,,,,,,,a,,,,,,,,,,Player ID + Player Name,Id,Position,First Name,Nickname,Last Name,FPPG,Played,Salary,Game,Team,Opponent,Injury Indicator,Injury Details,,,,,,,,,,16864-62497:David Johnson,16864-62497,RB,David,,Johnson,21.83749962,8,9400,SF@ARI,ARI,SF,,,,,,,,,,,,16864-6894:Aaron Rodgers,16864-6894,QB,Aaron,,Rodgers,23.05750084,8,9000,GB@TEN,GB,TEN,,,,,,,,,,,,16864-38791:Ezekiel Elliott,16864-38791,RB,Ezekiel,,Elliott,19.07500076,8,8900,DAL@PIT,DAL,PIT,,,,,,,,,,,,16864-14190:Julio Jones,16864-14190,WR,Julio,,Jones,16.94444444,9,8800,ATL@PHI,ATL,PHI,,,,,,,,,,,,16864-6616:Matt Ryan,16864-6616,QB,Matt,,Ryan,23.78888957,9,8600,ATL@PHI,ATL,PHI,,,,,,,,,,,,16864-11612:Antonio Brown,16864-11612,WR,Antonio,,Brown,16.63750076,8,8600,DAL@PIT,PIT,DAL,,,,,,,,,,,,16864-32384:Mike Evans,16864-32384,WR,Mike,,Evans,19,8,8500,CHI@TB,TB,CHI,,,,,,,,,,,,16864-6498:Tom Brady,16864-6498,QB,Tom,,Brady,26.29000092,4,8300,SEA@NE,NE,SEA,,,,,,,,,,,,16864-28900:Melvin Gordon,16864-28900,RB,Melvin,,Gordon,20.13333299,9,8300,MIA@SD,SD,MIA,,,,,,,,,,,,16864-6504:Drew Brees,16864-6504,QB,Drew,,Brees,23.93250084,8,8200,DEN@NO,NO,DEN,,,,,,,,,,,,16864-28181:Le'Veon Bell,16864-28181,RB,Le'Veon,,Bell,17.18000031,5,8100,DAL@PIT,PIT,DAL,,,,,,,,,,,,16864-7968:Philip Rivers,16864-7968,QB,Philip,,Rivers,17.66666667,9,8100,MIA@SD,SD,MIA,,,,,,,,,,,,16864-11460:Rob Gronkowski,16864-11460,TE,Rob,,Gronkowski,12.90000025,6,8000,SEA@NE,NE,SEA,,,,,,,,,,,,16864-6748:Carson Palmer,16864-6748,QB,Carson,,Palmer,16.21714238,7,7900,SF@ARI,ARI,SF,,,,,,,,,,,,16864-14185:Cam Newton,16864-14185,QB,Cam,,Newton,20.00285775,7,7800,KC@CAR,CAR,KC,,,,,,,,,,,,16864-46882:Jay Ajayi,16864-46882,RB,Jay,,Ajayi,15.84285736,7,7800,MIA@SD,MIA,SD,,,,,,,,,,,,16864-39580:Devontae Booker,16864-39580,RB,Devontae,,Booker,6.466666751,9,7800,DEN@NO,DEN,NO,,,,,,,,,,,,16864-24849:Jameis Winston,16864-24849,QB,Jameis,,Winston,19.01000023,8,7800,CHI@TB,TB,CHI,,,,,,,,,,,,16864-6589:Ben Roethlisberger,16864-6589,QB,Ben,,Roethlisberger,21.00857108,7,7700,DAL@PIT,PIT,DAL,,,,,,,,,,,,16864-31716:Dak Prescott,16864-31716,QB,Dak,,Prescott,19.91250038,8,7700,DAL@PIT,DAL,PIT,,,,,,,,,,,,16864-6893:Jordy Nelson,16864-6893,WR,Jordy,,Nelson,13.73750019,8,7700,GB@TEN,GB,TEN,,,,,,,,,,,,16864-11432:Demaryius Thomas,16864-11432,WR,Demaryius,,Thomas,11.62222205,9,7500,DEN@NO,DEN,NO,,,,,,,,,,,,16864-11435:Dez Bryant,16864-11435,WR,Dez,,Bryant,9.640000153,5,7500,DAL@PIT,DAL,PIT,Q,Knee,,,,,,,,,,16864-22037:Lamar Miller,16864-22037,RB,Lamar,,Miller,13.13749981,8,7500,HOU@JAC,HOU,JAC,,,,,,,,,,,,16864-22015:Russell Wilson,16864-22015,QB,Russell,,Wilson,14.94499969,8,7400,SEA@NE,SEA,NE,,,,,,,,,,,,16864-16606:DeAndre Hopkins,16864-16606,WR,DeAndre,,Hopkins,10.17500019,8,7400,HOU@JAC,HOU,JAC,,,,,,,,,,,,16864-14254:DeMarco Murray,16864-14254,RB,DeMarco,,Murray,19.20000034,9,7400,GB@TEN,TEN,GB,,,,,,,,,,,,16864-29358:Marcus Mariota,16864-29358,QB,Marcus,,Mariota,19.44222175,9,7400,GB@TEN,TEN,GB,,,,,,,,,,,,16864-14231:Colin Kaepernick,16864-14231,QB,Colin,,Kaepernick,18.80666606,3,7300,SF@ARI,SF,ARI,,,,,,,,,,,,16864-29501:Brandin Cooks,16864-29501,WR,Brandin,,Cooks,14,8,7300,DEN@NO,NO,DEN,,,,,,,,,,,,16864-31459:Spencer Ware,16864-31459,RB,Spencer,,Ware,14.70000022,7,7300,KC@CAR,KC,CAR,,,,,,,,,,,,16864-34308:Blake Bortles,16864-34308,QB,Blake,,Bortles,19.51749992,8,7300,HOU@JAC,JAC,HOU,,,,,,,,,,,,16864-7659:Ryan Fitzpatrick,16864-7659,QB,Ryan,,Fitzpatrick,12.16888852,9,7200,LA@NYJ,NYJ,LA,Q,Knee,,,,,,,,,,16864-21980:Alshon Jeffery,16864-21980,WR,Alshon,,Jeffery,10.28750038,8,7200,CHI@TB,CHI,TB,,,,,,,,,,,,16864-21948:Ryan Tannehill,16864-21948,QB,Ryan,,Tannehill,13.94750023,8,7200,MIA@SD,MIA,SD,,,,,,,,,,,,16864-45889:Davante Adams,16864-45889,WR,Davante,,Adams,12.8125,8,7200,GB@TEN,GB,TEN,,,,,,,,,,,,16864-28434:Trevor Siemian,16864-28434,QB,Trevor,,Siemian,13.35000038,8,7200,DEN@NO,DEN,NO,,,,,,,,,,,,16864-6914:Greg Olsen,16864-6914,TE,Greg,,Olsen,13.72500038,8,7200,KC@CAR,CAR,KC,,,,,,,,,,,,16864-6883:Larry Fitzgerald,16864-6883,WR,Larry,,Fitzgerald,14.23750019,8,7200,SF@ARI,ARI,SF,,,,,,,,,,,,16864-6899:Matt Forte,16864-6899,RB,Matt,,Forte,15.18888855,9,7100,LA@NYJ,NYJ,LA,,,,,,,,,,,,16864-22038:Kirk Cousins,16864-22038,QB,Kirk,,Cousins,18.44499969,8,7100,MIN@WAS,WAS,MIN,,,,,,,,,,,,16864-6759:Brandon Marshall,16864-6759,WR,Brandon,,Marshall,10.01111094,9,7100,LA@NYJ,NYJ,LA,,,,,,,,,,,,16864-30447:Todd Gurley,16864-30447,RB,Todd,,Gurley,11.625,8,7000,LA@NYJ,LA,NYJ,Q,Thigh,,,,,,,,,,16864-32418:Christine Michael,16864-32418,RB,Christine,,Michael,12.92500019,8,7000,SEA@NE,SEA,NE,Q,Hamstring,,,,,,,,,,16864-28643:Allen Robinson,16864-28643,WR,Allen,,Robinson,10.96249962,8,7000,HOU@JAC,JAC,HOU,,,,,,,,,,,,16864-30298:Jordan Reed,16864-30298,TE,Jordan,,Reed,13.41666667,6,7000,MIN@WAS,WAS,MIN,,,,,,,,,,,,16864-11414:Sam Bradford,16864-11414,QB,Sam,,Bradford,14.34285736,7,7000,MIN@WAS,MIN,WAS,,,,,,,,,,,,16864-6898:Jay Cutler,16864-6898,QB,Jay,,Cutler,10.13333321,3,7000,CHI@TB,CHI,TB,,,,,,,,,,,,16864-24920:Devonta Freeman,16864-24920,RB,Devonta,,Freeman,14.22222222,9,7000,ATL@PHI,ATL,PHI,,,,,,,,,,,,16864-24929:Kelvin Benjamin,16864-24929,WR,Kelvin,,Benjamin,12.03750038,8,7000,KC@CAR,CAR,KC,,,,,,,,,,,,16864-21994:Brock Osweiler,16864-21994,QB,Brock,,Osweiler,12.30749989,8,6900,HOU@JAC,HOU,JAC,,,,,,,,,,,,16864-11505:Emmanuel Sanders,16864-11505,WR,Emmanuel,,Sanders,11.54444461,9,6900,DEN@NO,DEN,NO,,,,,,,,,,,,16864-14626:Doug Baldwin,16864-14626,WR,Doug,,Baldwin,11.32499981,8,6900,SEA@NE,SEA,NE,,,,,,,,,,,,16864-42142:Jordan Howard,16864-42142,RB,Jordan,,Howard,13.59999956,7,6900,CHI@TB,CHI,TB,,,,,,,,,,,,16864-28473:Carlos Hyde,16864-28473,RB,Carlos,,Hyde,15.33333333,6,6800,SF@ARI,SF,ARI,Q,Shoulder - ac joint,,,,,,,,,,16864-70324:Carson Wentz,16864-70324,QB,Carson,,Wentz,13.77499962,8,6800,ATL@PHI,PHI,ATL,,,,,,,,,,,,16864-31394:Jarvis Landry,16864-31394,WR,Jarvis,,Landry,11.60000038,8,6800,MIA@SD,MIA,SD,Q,Shoulder,,,,,,,,,,16864-6733:Jonathan Stewart,16864-6733,RB,Jonathan,,Stewart,11.24000015,5,6800,KC@CAR,CAR,KC,,,,,,,,,,,,16864-6639:Tony Romo,16864-6639,QB,Tony,,Romo,11.91499996,4,6700,DAL@PIT,DAL,PIT,Q,Back,,,,,,,,,,16864-8005:Alex Smith,16864-8005,QB,Alex,,Smith,14.37428611,7,6700,KC@CAR,KC,CAR,,,,,,,,,,,,16864-25079:Stefon Diggs,16864-25079,WR,Stefon,,Diggs,13.08571407,7,6700,MIN@WAS,MIN,WAS,,,,,,,,,,,,16864-14336:Jacquizz Rodgers,16864-14336,RB,Jacquizz,,Rodgers,9.266666412,6,6700,CHI@TB,TB,CHI,O,Foot,,,,,,,,,,16864-14257:Randall Cobb,16864-14257,WR,Randall,,Cobb,11.71428571,7,6600,GB@TEN,GB,TEN,,,,,,,,,,,,16864-22994:Case Keenum,16864-22994,QB,Case,,Keenum,14.14500046,8,6600,LA@NYJ,LA,NYJ,,,,,,,,,,,,16864-11512:Jimmy Graham,16864-11512,TE,Jimmy,,Graham,11.1875,8,6600,SEA@NE,SEA,NE,,,,,,,,,,,,16864-21970:Doug Martin,16864-21970,RB,Doug,,Martin,7.199999809,2,6500,CHI@TB,TB,CHI,Q,Hamstring,,,,,,,,,,16864-7283:Jeremy Maclin,16864-7283,WR,Jeremy,,Maclin,8.0625,8,6500,KC@CAR,KC,CAR,O,Groin,,,,,,,,,,16864-22288:Cole Beasley,16864-22288,WR,Cole,,Beasley,12.01249981,8,6500,DAL@PIT,DAL,PIT,,,,,,,,,,,,16864-22027:Nick Foles,16864-22027,QB,Nick,,Foles,14,2,6500,KC@CAR,KC,CAR,,,,,,,,,,,,16864-6535:Kenny Britt,16864-6535,WR,Kenny,,Britt,11.61250019,8,6400,LA@NYJ,LA,NYJ,,,,,,,,,,,,16864-11779:LeGarrette Blount,16864-11779,RB,LeGarrette,,Blount,14.875,8,6400,SEA@NE,NE,SEA,,,,,,,,,,,,16864-28573:Michael Thomas,16864-28573,WR,Michael,,Thomas,13.85000038,8,6400,DEN@NO,NO,DEN,,,,,,,,,,,,16864-44449:Willie Snead,16864-44449,WR,Willie,,Snead,11.14285714,7,6400,DEN@NO,NO,DEN,,,,,,,,,,,,16864-33076:Travis Kelce,16864-33076,TE,Travis,,Kelce,10.125,8,6300,KC@CAR,KC,CAR,,,,,,,,,,,,16864-14211:Mark Ingram,16864-14211,RB,Mark,,Ingram,13.30000019,8,6300,DEN@NO,NO,DEN,,,,,,,,,,,,16864-42028:Will Fuller,16864-42028,WR,Will,,Fuller,9.671428135,7,6300,HOU@JAC,HOU,JAC,Q,Knee,,,,,,,,,,16864-54606:John Brown,16864-54606,WR,John,,Brown,7.857142857,7,6200,SF@ARI,ARI,SF,,,,,,,,,,,,16864-6828:Tim Hightower,16864-6828,RB,Tim,,Hightower,4.712500095,8,6200,DEN@NO,NO,DEN,,,,,,,,,,,,16864-6863:Delanie Walker,16864-6863,TE,Delanie,,Walker,10.6875,8,6200,GB@TEN,TEN,GB,,,,,,,,,,,,16864-29734:Ty Montgomery,16864-29734,RB,Ty,,Montgomery,5.942856925,7,6200,GB@TEN,GB,TEN,,,,,,,,,,,,16864-6739:DeSean Jackson,16864-6739,WR,DeSean,,Jackson,7.824999809,8,6100,MIN@WAS,WAS,MIN,D,Shoulder,,,,,,,,,,16864-32514:Trevone Boykin,16864-32514,QB,Trevone,,Boykin,5.400000095,1,6000,SEA@NE,SEA,NE,,,,,,,,,,,,16864-21959:Brandon Weeden,16864-21959,QB,Brandon,,Weeden,11.40333303,6,6000,HOU@JAC,HOU,JAC,,,,,,,,,,,,16864-14194:Blaine Gabbert,16864-14194,QB,Blaine,,Gabbert,15.53999939,5,6000,SF@ARI,SF,ARI,,,,,,,,,,,,16864-29605:Matt Barkley,16864-29605,QB,Matt,,Barkley,1.139999986,1,6000,CHI@TB,CHI,TB,,,,,,,,,,,,16864-54687:Charcandrick West,16864-54687,RB,Charcandrick,,West,4.82857132,7,6000,KC@CAR,KC,CAR,,,,,,,,,,,,16864-27405:Landry Jones,16864-27405,QB,Landry,,Jones,3.484999895,4,6000,DAL@PIT,PIT,DAL,,,,,,,,,,,,16864-30231:Jacoby Brissett,16864-30231,QB,Jacoby,,Brissett,9.433333079,3,6000,SEA@NE,NE,SEA,IR,Thumb,,,,,,,,,,16864-25410:Mike Glennon,16864-25410,QB,Mike,,Glennon,9,1,6000,CHI@TB,TB,CHI,,,,,,,,,,,,16864-54604:Jimmy Garoppolo,16864-54604,QB,Jimmy,,Garoppolo,8.859999657,4,6000,SEA@NE,NE,SEA,,,,,,,,,,,,16864-38435:Jared Goff,16864-38435,QB,Jared,,Goff,0,0,6000,LA@NYJ,LA,NYJ,,,,,,,,,,,,16864-24755:Jamison Crowder,16864-24755,WR,Jamison,,Crowder,12.36250019,8,6000,MIN@WAS,WAS,MIN,,,,,,,,,,,,16864-7872:Brian Hoyer,16864-7872,QB,Brian,,Hoyer,13.26666641,6,6000,CHI@TB,CHI,TB,IR,Forearm,,,,,,,,,,16864-6844:Shaun Hill,16864-6844,QB,Shaun,,Hill,10.23999977,1,6000,MIN@WAS,MIN,WAS,,,,,,,,,,,,16864-7859:Julian Edelman,16864-7859,WR,Julian,,Edelman,8.024999619,8,6000,SEA@NE,NE,SEA,Q,Foot,,,,,,,,,,16864-6679:Matt Schaub,16864-6679,QB,Matt,,Schaub,-0.200000003,1,6000,ATL@PHI,ATL,PHI,,,,,,,,,,,,16864-33463:Paxton Lynch,16864-33463,QB,Paxton,,Lynch,12.06000042,2,6000,DEN@NO,DEN,NO,,,,,,,,,,,,16864-7744:Drew Stanton,16864-7744,QB,Drew,,Stanton,3.265000105,4,6000,SF@ARI,ARI,SF,,,,,,,,,,,,16864-7778:Matt Cassel,16864-7778,QB,Matt,,Cassel,0.25,2,6000,GB@TEN,TEN,GB,,,,,,,,,,,,16864-14704:Chris Hogan,16864-14704,WR,Chris,,Hogan,7.349999905,8,5900,SEA@NE,NE,SEA,Q,Back,,,,,,,,,,16864-62535:Tyrell Williams,16864-62535,WR,Tyrell,,Williams,10.72222222,9,5900,MIA@SD,SD,MIA,Q,Knee,,,,,,,,,,16864-30837:Jordan Matthews,16864-30837,WR,Jordan,,Matthews,11.21249962,8,5900,ATL@PHI,PHI,ATL,,,,,,,,,,,,16864-27266:Quincy Enunwa,16864-27266,WR,Quincy,,Enunwa,9.911110772,9,5800,LA@NYJ,NYJ,LA,,,,,,,,,,,,16864-30244:Matt Jones,16864-30244,RB,Matt,,Jones,10.18571472,7,5800,MIN@WAS,WAS,MIN,,,,,,,,,,,,16864-14757:Matt Asiata,16864-14757,RB,Matt,,Asiata,7.25,8,5800,MIN@WAS,MIN,WAS,,,,,,,,,,,,16864-27776:Tevin Coleman,16864-27776,RB,Tevin,,Coleman,14.55714308,7,5800,ATL@PHI,ATL,PHI,O,Hamstring,,,,,,,,,,16864-22163:Rishard Matthews,16864-22163,WR,Rishard,,Matthews,9.833333333,9,5800,GB@TEN,TEN,GB,,,,,,,,,,,,16864-27457:Kenny Stills,16864-27457,WR,Kenny,,Stills,7.412499905,8,5700,MIA@SD,MIA,SD,Q,Calf,,,,,,,,,,16864-54608:Jerick McKinnon,16864-54608,RB,Jerick,,McKinnon,5.342857361,7,5700,MIN@WAS,MIN,WAS,,,,,,,,,,,,16864-7965:Antonio Gates,16864-7965,TE,Antonio,,Gates,8.242857252,7,5700,MIA@SD,SD,MIA,,,,,,,,,,,,16864-40857:Peyton Barber,16864-40857,RB,Peyton,,Barber,5.650000095,4,5700,CHI@TB,TB,CHI,,,,,,,,,,,,16864-22035:Travis Benjamin,16864-22035,WR,Travis,,Benjamin,9.200000339,9,5700,MIA@SD,SD,MIA,D,Knee,,,,,,,,,,16864-21971:Coby Fleener,16864-21971,TE,Coby,,Fleener,8.512499809,8,5600,DEN@NO,NO,DEN,,,,,,,,,,,,16864-34154:J.J. Nelson,16864-34154,WR,J.J.,,Nelson,7.266666412,6,5600,SF@ARI,ARI,SF,,,,,,,,,,,,16864-33260:DeVante Parker,16864-33260,WR,DeVante,,Parker,6.971428462,7,5600,MIA@SD,MIA,SD,,,,,,,,,,,,16864-25760:Allen Hurns,16864-25760,WR,Allen,,Hurns,8.975000381,8,5600,HOU@JAC,JAC,HOU,Q,Concussion,,,,,,,,,,16864-39716:Adam Thielen,16864-39716,WR,Adam,,Thielen,7.962500095,8,5600,MIN@WAS,MIN,WAS,,,,,,,,,,,,16864-22018:Mohamed Sanu,16864-22018,WR,Mohamed,,Sanu,8.677777608,9,5600,ATL@PHI,ATL,PHI,,,,,,,,,,,,16864-22848:Austin Davis,16864-22848,QB,Austin,,Davis,7.393333435,3,5500,DEN@NO,DEN,NO,,,,,,,,,,,,16864-14317:Julius Thomas,16864-14317,TE,Julius,,Thomas,7.571428571,7,5500,HOU@JAC,JAC,HOU,,,,,,,,,,,,16864-11425:Ryan Mathews,16864-11425,RB,Ryan,,Mathews,8.949999809,8,5500,ATL@PHI,PHI,ATL,,,,,,,,,,,,16864-31061:T.J. Yeldon,16864-31061,RB,T.J.,,Yeldon,8.399999619,8,5500,HOU@JAC,JAC,HOU,,,,,,,,,,,,16864-11500:Colt McCoy,16864-11500,QB,Colt,,McCoy,8.819999695,1,5500,MIN@WAS,WAS,MIN,,,,,,,,,,,,16864-6808:Matt Moore,16864-6808,QB,Matt,,Moore,0.360000014,1,5500,MIA@SD,MIA,SD,,,,,,,,,,,,16864-7844:Chad Henne,16864-7844,QB,Chad,,Henne,0,0,5500,HOU@JAC,JAC,HOU,,,,,,,,,,,,16864-30733:Cordarrelle Patterson,16864-30733,WR,Cordarrelle,,Patterson,6.362500191,8,5500,MIN@WAS,MIN,WAS,,,,,,,,,,,,16864-29683:Nelson Agholor,16864-29683,WR,Nelson,,Agholor,5.587500095,8,5400,ATL@PHI,PHI,ATL,,,,,,,,,,,,16864-6641:Jason Witten,16864-6641,TE,Jason,,Witten,9.175000191,8,5400,DAL@PIT,DAL,PIT,,,,,,,,,,,,16864-14320:Bilal Powell,16864-14320,RB,Bilal,,Powell,6.755555471,9,5400,LA@NYJ,NYJ,LA,,,,,,,,,,,,16864-10046:Antone Smith,16864-10046,RB,Antone,,Smith,4.46666654,3,5400,CHI@TB,TB,CHI,IR,Knee,,,,,,,,,,16864-54782:Cameron Brate,16864-54782,TE,Cameron,,Brate,8.387499809,8,5400,CHI@TB,TB,CHI,,,,,,,,,,,,16864-31241:Sammie Coates,16864-31241,WR,Sammie,,Coates,8.125,8,5400,DAL@PIT,PIT,DAL,,,,,,,,,,,,16864-26458:Tavon Austin,16864-26458,WR,Tavon,,Austin,8.550000191,8,5400,LA@NYJ,LA,NYJ,,,,,,,,,,,,16864-8050:Zach Miller,16864-8050,TE,Zach,,Miller,9.662500381,8,5400,CHI@TB,CHI,TB,,,,,,,,,,,,16864-28930:James White,16864-28930,RB,James,,White,8.625,8,5400,SEA@NE,NE,SEA,,,,,,,,,,,,16864-40845:Hunter Henry,16864-40845,TE,Hunter,,Henry,8.714285714,7,5400,MIA@SD,SD,MIA,Q,Knee,,,,,,,,,,16864-6774:Pierre Garcon,16864-6774,WR,Pierre,,Garcon,7.949999809,8,5400,MIN@WAS,WAS,MIN,,,,,,,,,,,,16864-6627:Ted Ginn Jr.,16864-6627,WR,Ted,,Ginn Jr.,5,8,5300,KC@CAR,CAR,KC,,,,,,,,,,,,16864-6448:Martellus Bennett,16864-6448,TE,Martellus,,Bennett,10.03750038,8,5300,SEA@NE,NE,SEA,Q,Ankle,,,,,,,,,,16864-39280:Derrick Henry,16864-39280,RB,Derrick,,Henry,5.412499905,8,5300,GB@TEN,TEN,GB,,,,,,,,,,,,16864-33766:Rob Kelley,16864-33766,RB,Rob,,Kelley,5.26666673,6,5300,MIN@WAS,WAS,MIN,,,,,,,,,,,,16864-14645:Dontrelle Inman,16864-14645,WR,Dontrelle,,Inman,6.222222222,9,5300,MIA@SD,SD,MIA,,,,,,,,,,,,16864-62538:Cameron Meredith,16864-62538,WR,Cameron,,Meredith,8.28333346,6,5300,CHI@TB,CHI,TB,,,,,,,,,,,,16864-11609:James Starks,16864-11609,RB,James,,Starks,3.049999952,4,5300,GB@TEN,GB,TEN,Q,Knee,,,,,,,,,,16864-52560:Geronimo Allison,16864-52560,WR,Geronimo,,Allison,4.550000191,2,5200,GB@TEN,GB,TEN,,,,,,,,,,,,16864-14198:Christian Ponder,16864-14198,QB,Christian,,Ponder,0,0,5200,SF@ARI,SF,ARI,,,,,,,,,,,,16864-29540:Terron Ward,16864-29540,RB,Terron,,Ward,4.599999905,2,5200,ATL@PHI,ATL,PHI,,,,,,,,,,,,16864-14288:Torrey Smith,16864-14288,WR,Torrey,,Smith,5.150000095,8,5200,SF@ARI,SF,ARI,Q,Back,,,,,,,,,,16864-11864:Chris Ivory,16864-11864,RB,Chris,,Ivory,5.53333346,6,5200,HOU@JAC,JAC,HOU,,,,,,,,,,,,16864-43504:Don Jackson,16864-43504,RB,Don,,Jackson,1.066666683,3,5200,GB@TEN,GB,TEN,,,,,,,,,,,,16864-12546:Arizona Cardinals,16864-12546,D,Arizona,,Cardinals,10,8,5200,SF@ARI,ARI,SF,,,,,,,,,,,,16864-24671:Adam Humphries,16864-24671,WR,Adam,,Humphries,7.25,8,5200,CHI@TB,TB,CHI,,,,,,,,,,,,16864-14643:DuJuan Harris,16864-14643,RB,DuJuan,,Harris,13.69999981,2,5200,SF@ARI,SF,ARI,,,,,,,,,,,,16864-27908:C.J. Fiedorowicz,16864-27908,TE,C.J.,,Fiedorowicz,7.362500191,8,5200,HOU@JAC,HOU,JAC,,,,,,,,,,,,16864-31836:Terrance Williams,16864-31836,WR,Terrance,,Williams,7.357142857,7,5200,DAL@PIT,DAL,PIT,,,,,,,,,,,,16864-7784:Darrius Heyward-Bey,16864-7784,WR,Darrius,,Heyward-Bey,5.549999873,6,5200,DAL@PIT,PIT,DAL,O,Foot,,,,,,,,,,16864-39445:Brice Butler,16864-39445,WR,Brice,,Butler,3.75,8,5100,DAL@PIT,DAL,PIT,,,,,,,,,,,,16864-41370:Trevor Davis,16864-41370,WR,Trevor,,Davis,1.41428566,7,5100,GB@TEN,GB,TEN,,,,,,,,,,,,16864-7972:Darren Sproles,16864-7972,RB,Darren,,Sproles,8.887499809,8,5100,ATL@PHI,PHI,ATL,,,,,,,,,,,,16864-7900:Stephen Gostkowski,16864-7900,K,Stephen,,Gostkowski,7.875,8,5100,SEA@NE,NE,SEA,,,,,,,,,,,,16864-10647:Matt Bryant,16864-10647,K,Matt,,Bryant,11,9,5100,ATL@PHI,ATL,PHI,,,,,,,,,,,,16864-6768:Eddie Royal,16864-6768,WR,Eddie,,Royal,11.05000051,6,5100,CHI@TB,CHI,TB,Q,Toe,,,,,,,,,,16864-14349:Jeremy Kerley,16864-14349,WR,Jeremy,,Kerley,7.974999905,8,5100,SF@ARI,SF,ARI,,,,,,,,,,,,16864-8803:Chase Daniel,16864-8803,QB,Chase,,Daniel,-0.02,2,5000,ATL@PHI,PHI,ATL,,,,,,,,,,,,16864-30652:Tanner McEvoy,16864-30652,WR,Tanner,,McEvoy,3.224000168,5,5000,SEA@NE,SEA,NE,,,,,,,,,,,,16864-21952:Michael Floyd,16864-21952,WR,Michael,,Floyd,7.600000109,7,5000,SF@ARI,ARI,SF,,,,,,,,,,,,16864-29593:Marqise Lee,16864-29593,WR,Marqise,,Lee,7.537499905,8,5000,HOU@JAC,JAC,HOU,,,,,,,,,,,,16864-47772:Brandon Doughty,16864-47772,QB,Brandon,,Doughty,0,0,5000,MIA@SD,MIA,SD,,,,,,,,,,,,16864-41732:Christian Hackenberg,16864-41732,QB,Christian,,Hackenberg,0,0,5000,LA@NYJ,NYJ,LA,,,,,,,,,,,,16864-14237:Kyle Rudolph,16864-14237,TE,Kyle,,Rudolph,9.037500381,8,5000,MIN@WAS,MIN,WAS,,,,,,,,,,,,16864-45797:Garrett Grayson,16864-45797,QB,Garrett,,Grayson,0,1,5000,DEN@NO,NO,DEN,,,,,,,,,,,,16864-29445:Sean Mannion,16864-29445,QB,Sean,,Mannion,1.24000001,1,5000,LA@NYJ,LA,NYJ,,,,,,,,,,,,16864-53331:Taylor Heinicke,16864-53331,QB,Taylor,,Heinicke,0,0,5000,MIN@WAS,MIN,WAS,,,,,,,,,,,,16864-54705:Dustin Vaughan,16864-54705,QB,Dustin,,Vaughan,0,0,5000,DAL@PIT,PIT,DAL,,,,,,,,,,,,16864-6373:Derek Anderson,16864-6373,QB,Derek,,Anderson,7.506666819,3,5000,KC@CAR,CAR,KC,,,,,,,,,,,,16864-32366:Jameill Showers,16864-32366,QB,Jameill,,Showers,0,0,5000,DAL@PIT,DAL,PIT,,,,,,,,,,,,16864-31421:Zach Mettenberger,16864-31421,QB,Zach,,Mettenberger,7.028571538,7,5000,DAL@PIT,PIT,DAL,,,,,,,,,,,,16864-12553:Carolina Panthers,16864-12553,D,Carolina,,Panthers,7.875,8,5000,KC@CAR,CAR,KC,,,,,,,,,,,,16864-27801:Nate Sudfeld,16864-27801,QB,Nate,,Sudfeld,0,0,5000,MIN@WAS,WAS,MIN,,,,,,,,,,,,16864-33702:Ryan Griffin,16864-33702,QB,Ryan,,Griffin,0,0,5000,CHI@TB,TB,CHI,,,,,,,,,,,,16864-26877:Jake Heaps,16864-26877,QB,Jake,,Heaps,0,0,5000,SEA@NE,SEA,NE,,,,,,,,,,,,16864-31170:Brandon Allen,16864-31170,QB,Brandon,,Allen,0,0,5000,HOU@JAC,JAC,HOU,,,,,,,,,,,,16864-8051:Luke McCown,16864-8051,QB,Luke,,McCown,6.199999809,2,5000,DEN@NO,NO,DEN,,,,,,,,,,,,16864-70127:Griffin Neal,16864-70127,QB,Griffin,,Neal,0,0,5000,DEN@NO,NO,DEN,,,,,,,,,,,,16864-31798:Bryce Petty,16864-31798,QB,Bryce,,Petty,0.75999999,1,5000,LA@NYJ,NYJ,LA,,,,,,,,,,,,16864-23075:Alex Tanney,16864-23075,QB,Alex,,Tanney,7.960000038,1,5000,GB@TEN,TEN,GB,,,,,,,,,,,,16864-10744:Graham Gano,16864-10744,K,Graham,,Gano,8.75,8,5000,KC@CAR,CAR,KC,,,,,,,,,,,,16864-30788:Tyler Bray,16864-30788,QB,Tyler,,Bray,0,0,5000,KC@CAR,KC,CAR,,,,,,,,,,,,16864-7919:Kellen Clemens,16864-7919,QB,Kellen,,Clemens,-0.100000001,1,5000,MIA@SD,SD,MIA,,,,,,,,,,,,16864-29915:Brett Hundley,16864-29915,QB,Brett,,Hundley,0,0,5000,GB@TEN,GB,TEN,,,,,,,,,,,,16864-24912:Dustin Hopkins,16864-24912,K,Dustin,,Hopkins,9.875,8,5000,MIN@WAS,WAS,MIN,,,,,,,,,,,,16864-6687:Mark Sanchez,16864-6687,QB,Mark,,Sanchez,0.119999997,1,5000,DAL@PIT,DAL,PIT,,,,,,,,,,,,16864-6664:Jacob Tamme,16864-6664,TE,Jacob,,Tamme,6.25,8,5000,ATL@PHI,ATL,PHI,O,Shoulder,,,,,,,,,,16864-11615:Joe Webb,16864-11615,QB,Joe,,Webb,0.266666671,3,5000,KC@CAR,CAR,KC,,,,,,,,,,,,16864-25969:Tom Savage,16864-25969,QB,Tom,,Savage,0,0,5000,HOU@JAC,HOU,JAC,,,,,,,,,,,,16864-34459:B.J. Daniels,16864-34459,QB,B.J.,,Daniels,0.920000017,4,5000,CHI@TB,CHI,TB,,,,,,,,,,,,16864-28202:Jeremy Langford,16864-28202,RB,Jeremy,,Langford,7.099999905,4,4900,CHI@TB,CHI,TB,,,,,,,,,,,,16864-30635:Mike Davis,16864-30635,RB,Mike,,Davis,1.857142857,7,4900,SF@ARI,SF,ARI,,,,,,,,,,,,16864-33244:Eli Rogers,16864-33244,WR,Eli,,Rogers,7.859999847,5,4900,DAL@PIT,PIT,DAL,,,,,,,,,,,,16864-29500:Markus Wheaton,16864-29500,WR,Markus,,Wheaton,5.03333346,3,4900,DAL@PIT,PIT,DAL,O,Shoulder,,,,,,,,,,16864-14952:Dan Bailey,16864-14952,K,Dan,,Bailey,9.25,8,4900,DAL@PIT,DAL,PIT,,,,,,,,,,,,16864-31073:Knile Davis,16864-31073,RB,Knile,,Davis,1.260000038,5,4900,KC@CAR,KC,CAR,,,,,,,,,,,,16864-48344:Albert Wilson,16864-48344,WR,Albert,,Wilson,4.433333397,6,4900,KC@CAR,KC,CAR,,,,,,,,,,,,16864-12540:Minnesota Vikings,16864-12540,D,Minnesota,,Vikings,12.125,8,4900,MIN@WAS,MIN,WAS,,,,,,,,,,,,16864-27134:Dorial Green-Beckham,16864-27134,WR,Dorial,,Green-Beckham,4.300000191,8,4900,ATL@PHI,PHI,ATL,,,,,,,,,,,,16864-27050:Tyler Lockett,16864-27050,WR,Tyler,,Lockett,3.987499952,8,4900,SEA@NE,SEA,NE,,,,,,,,,,,,16864-24891:Chris Thompson,16864-24891,RB,Chris,,Thompson,8.412500381,8,4900,MIN@WAS,WAS,MIN,,,,,,,,,,,,16864-28694:Jesse James,16864-28694,TE,Jesse,,James,5.900000095,8,4900,DAL@PIT,PIT,DAL,,,,,,,,,,,,16864-21957:Kendall Wright,16864-21957,WR,Kendall,,Wright,9.099999746,6,4800,GB@TEN,TEN,GB,,,,,,,,,,,,16864-15006:Shaun Draughn,16864-15006,RB,Shaun,,Draughn,3.942857197,7,4800,SF@ARI,SF,ARI,,,,,,,,,,,,16864-29357:Kenjon Barner,16864-29357,RB,Kenjon,,Barner,3.899999936,6,4800,ATL@PHI,PHI,ATL,,,,,,,,,,,,16864-28486:Corey Brown,16864-28486,WR,Corey,,Brown,4.074999809,8,4800,KC@CAR,CAR,KC,,,,,,,,,,,,16864-54623:Jeff Janis,16864-54623,WR,Jeff,,Janis,3.659999847,5,4800,GB@TEN,GB,TEN,,,,,,,,,,,,16864-32045:Vance McDonald,16864-32045,TE,Vance,,McDonald,7.683333079,6,4800,SF@ARI,SF,ARI,,,,,,,,,,,,16864-25783:Mike James,16864-25783,RB,Mike,,James,3.5,1,4800,CHI@TB,TB,CHI,,,,,,,,,,,,16864-12544:New York Jets,16864-12544,D,New York,,Jets,4.333333333,9,4800,LA@NYJ,NYJ,LA,,,,,,,,,,,,16864-22433:Dominique Jones,16864-22433,TE,Dominique,,Jones,4.799999873,3,4800,MIA@SD,MIA,SD,,,,,,,,,,,,16864-33714:Cairo Santos,16864-33714,K,Cairo,,Santos,10,8,4800,KC@CAR,KC,CAR,,,,,,,,,,,,16864-7953:Vincent Jackson,16864-7953,WR,Vincent,,Jackson,4.959999847,5,4800,CHI@TB,TB,CHI,IR,Knee,,,,,,,,,,16864-28080:Devin Funchess,16864-28080,WR,Devin,,Funchess,5.32857132,7,4800,KC@CAR,CAR,KC,,,,,,,,,,,,16864-6724:Steven Hauschka,16864-6724,K,Steven,,Hauschka,8.375,8,4800,SEA@NE,SEA,NE,,,,,,,,,,,,16864-26247:Brandon McManus,16864-26247,K,Brandon,,McManus,9,9,4700,DEN@NO,DEN,NO,,,,,,,,,,,,16864-26251:Robby Anderson,16864-26251,WR,Robby,,Anderson,4.657142639,7,4700,LA@NYJ,NYJ,LA,,,,,,,,,,,,16864-53681:Tyreek Hill,16864-53681,WR,Tyreek,,Hill,7.862500191,8,4700,KC@CAR,KC,CAR,,,,,,,,,,,,16864-39373:Jaelen Strong,16864-39373,WR,Jaelen,,Strong,3.350000064,6,4700,HOU@JAC,HOU,JAC,O,Ankle,,,,,,,,,,16864-27411:Aaron Ripkowski,16864-27411,RB,Aaron,,Ripkowski,1.9,5,4700,GB@TEN,GB,TEN,,,,,,,,,,,,16864-32429:Josh Lambo,16864-32429,K,Josh,,Lambo,10,9,4700,MIA@SD,SD,MIA,,,,,,,,,,,,16864-12556:Houston Texans,16864-12556,D,Houston,,Texans,5.625,8,4700,HOU@JAC,HOU,JAC,,,,,,,,,,,,16864-12536:Kansas City Chiefs,16864-12536,D,Kansas City,,Chiefs,10.5,8,4700,KC@CAR,KC,CAR,,,,,,,,,,,,16864-29725:Levine Toilolo,16864-29725,TE,Levine,,Toilolo,4.028571538,7,4700,ATL@PHI,ATL,PHI,,,,,,,,,,,,16864-33472:C.J. Prosise,16864-33472,RB,C.J.,,Prosise,4.650000095,4,4700,SEA@NE,SEA,NE,,,,,,,,,,,,16864-45683:Kapri Bibbs,16864-45683,RB,Kapri,,Bibbs,3.620000076,5,4600,DEN@NO,DEN,NO,,,,,,,,,,,,16864-6642:Nick Folk,16864-6642,K,Nick,,Folk,7.444444444,9,4600,LA@NYJ,NYJ,LA,,,,,,,,,,,,16864-6427:Connor Barth,16864-6427,K,Connor,,Barth,6,8,4600,CHI@TB,CHI,TB,,,,,,,,,,,,16864-54753:Taylor Gabriel,16864-54753,WR,Taylor,,Gabriel,7.516666412,6,4600,ATL@PHI,ATL,PHI,,,,,,,,,,,,16864-37245:Fozzy Whittaker,16864-37245,RB,Fozzy,,Whittaker,5.675000191,8,4600,KC@CAR,CAR,KC,,,,,,,,,,,,16864-29314:Richard Rodgers,16864-29314,TE,Richard,,Rodgers,4.042857034,7,4600,GB@TEN,GB,TEN,,,,,,,,,,,,16864-30261:Caleb Sturgis,16864-30261,K,Caleb,,Sturgis,10.625,8,4600,ATL@PHI,PHI,ATL,,,,,,,,,,,,16864-32058:Chris Boswell,16864-32058,K,Chris,,Boswell,6,8,4600,DAL@PIT,PIT,DAL,,,,,,,,,,,,16864-38509:Wendell Smallwood,16864-38509,RB,Wendell,,Smallwood,3.628571374,7,4600,ATL@PHI,PHI,ATL,,,,,,,,,,,,16864-62619:Andrew Franks,16864-62619,K,Andrew,,Franks,6.5,8,4600,MIA@SD,MIA,SD,,,,,,,,,,,,16864-8117:Danny Amendola,16864-8117,WR,Danny,,Amendola,5.362500191,8,4600,SEA@NE,NE,SEA,,,,,,,,,,,,16864-12548:San Diego Chargers,16864-12548,D,San Diego,,Chargers,8.333333333,9,4600,MIA@SD,SD,MIA,,,,,,,,,,,,16864-39449:Charles Johnson,16864-39449,WR,Charles,,Johnson,1.700000048,8,4600,MIN@WAS,MIN,WAS,,,,,,,,,,,,16864-47523:Tajae Sharpe,16864-47523,WR,Tajae,,Sharpe,5.033333249,9,4600,GB@TEN,TEN,GB,,,,,,,,,,,,16864-11712:Joique Bell,16864-11712,RB,Joique,,Bell,0.600000024,1,4600,CHI@TB,CHI,TB,,,,,,,,,,,,16864-6897:Mason Crosby,16864-6897,K,Mason,,Crosby,8.5,8,4600,GB@TEN,GB,TEN,,,,,,,,,,,,16864-12525:Atlanta Falcons,16864-12525,D,Atlanta,,Falcons,6.111111111,9,4600,ATL@PHI,ATL,PHI,,,,,,,,,,,,16864-22109:Greg Zuerlein,16864-22109,K,Greg,,Zuerlein,7.285714286,7,4600,LA@NYJ,LA,NYJ,,,,,,,,,,,,16864-12538:Los Angeles Rams,16864-12538,D,Los Angeles,,Rams,7.5,8,4600,LA@NYJ,LA,NYJ,,,,,,,,,,,,16864-12531:Denver Broncos,16864-12531,D,Denver,,Broncos,10.55555556,9,4600,DEN@NO,DEN,NO,,,,,,,,,,,,16864-12530:Dallas Cowboys,16864-12530,D,Dallas,,Cowboys,5.875,8,4600,DAL@PIT,DAL,PIT,,,,,,,,,,,,16864-6732:DeAngelo Williams,16864-6732,RB,DeAngelo,,Williams,9.742856707,7,4600,DAL@PIT,PIT,DAL,O,Knee,,,,,,,,,,16864-29780:Zach Ertz,16864-29780,TE,Zach,,Ertz,6.03333346,6,4600,ATL@PHI,PHI,ATL,,,,,,,,,,,,16864-28157:Bennie Fowler,16864-28157,WR,Bennie,,Fowler,2.271428517,7,4600,DEN@NO,DEN,NO,,,,,,,,,,,,16864-22003:Ronnie Hillman,16864-22003,RB,Ronnie,,Hillman,3.399999936,3,4500,MIN@WAS,MIN,WAS,,,,,,,,,,,,16864-47828:Antonio Andrews,16864-47828,RB,Antonio,,Andrews,0.5,3,4500,GB@TEN,TEN,GB,,,,,,,,,,,,16864-29655:Soma Vainuku,16864-29655,RB,Soma,,Vainuku,0,0,4500,HOU@JAC,HOU,JAC,,,,,,,,,,,,16864-22010:DeVier Posey,16864-22010,WR,DeVier,,Posey,0,0,4500,DEN@NO,DEN,NO,,,,,,,,,,,,16864-6566:Chris Johnson,16864-6566,RB,Chris,,Johnson,3.875,4,4500,SF@ARI,ARI,SF,IR,Groin,,,,,,,,,,16864-6567:David Johnson,16864-6567,TE,David,,Johnson,1.419999981,5,4500,DAL@PIT,PIT,DAL,,,,,,,,,,,,16864-70423:Anthony Norris,16864-70423,TE,Anthony,,Norris,0,0,4500,DEN@NO,DEN,NO,,,,,,,,,,,,16864-21984:Isaiah Pead,16864-21984,RB,Isaiah,,Pead,1.649999976,2,4500,MIA@SD,MIA,SD,,,,,,,,,,,,16864-30598:Busta Anderson,16864-30598,TE,Busta,,Anderson,0,0,4500,CHI@TB,CHI,TB,,,,,,,,,,,,16864-33037:Kenbrell Thompkins,16864-33037,WR,Kenbrell,,Thompkins,4.166666667,6,4500,LA@NYJ,NYJ,LA,,,,,,,,,,,,16864-21972:Brian Quick,16864-21972,WR,Brian,,Quick,8.8125,8,4500,LA@NYJ,LA,NYJ,,,,,,,,,,,,16864-70444:Paul McRoberts,16864-70444,WR,Paul,,McRoberts,0,0,4500,LA@NYJ,LA,NYJ,,,,,,,,,,,,16864-47870:Tyler Higbee,16864-47870,TE,Tyler,,Higbee,1.039999962,5,4500,LA@NYJ,LA,NYJ,,,,,,,,,,,,16864-64104:Terrell Watson,16864-64104,RB,Terrell,,Watson,0,0,4500,DEN@NO,DEN,NO,,,,,,,,,,,,16864-41806:Laquon Treadwell,16864-41806,WR,Laquon,,Treadwell,0.666666667,3,4500,MIN@WAS,MIN,WAS,Q,Hamstring,,,,,,,,,,16864-29672:Silas Redd Jr.,16864-29672,RB,Silas,,Redd Jr.,0,0,4500,MIN@WAS,WAS,MIN,O,Suspension,,,,,,,,,,16864-32564:Josh Doctson,16864-32564,WR,Josh,,Doctson,3.799999952,2,4500,MIN@WAS,WAS,MIN,IR,Achilles,,,,,,,,,,16864-29592:Xavier Grimble,16864-29592,TE,Xavier,,Grimble,3.299999873,6,4500,DAL@PIT,PIT,DAL,,,,,,,,,,,,16864-30678:Damiere Byrd,16864-30678,WR,Damiere,,Byrd,0,0,4500,KC@CAR,CAR,KC,,,,,,,,,,,,16864-40126:Austin Hooper,16864-40126,TE,Austin,,Hooper,7.183333079,6,4500,ATL@PHI,ATL,PHI,,,,,,,,,,,,16864-39153:Ifeanyi Momah,16864-39153,TE,Ifeanyi,,Momah,2,3,4500,SF@ARI,ARI,SF,IR,Wrist,,,,,,,,,,16864-30684:Brandon Wilds,16864-30684,RB,Brandon,,Wilds,0,0,4500,LA@NYJ,NYJ,LA,,,,,,,,,,,,16864-34073:Ryan Griffin,16864-34073,TE,Ryan,,Griffin,4.175000191,8,4500,HOU@JAC,HOU,JAC,,,,,,,,,,,,16864-27199:Marcus Murphy,16864-27199,RB,Marcus,,Murphy,0,1,4500,DEN@NO,NO,DEN,,,,,,,,,,,,16864-34051:Deshon Foxx,16864-34051,WR,Deshon,,Foxx,0,0,4500,SEA@NE,SEA,NE,,,,,,,,,,,,16864-22898:Brandon Bolden,16864-22898,RB,Brandon,,Bolden,0.966666698,3,4500,SEA@NE,NE,SEA,,,,,,,,,,,,16864-70489:Ben Braunecker,16864-70489,TE,Ben,,Braunecker,1.299999952,1,4500,CHI@TB,CHI,TB,,,,,,,,,,,,16864-43961:Tyler Ervin,16864-43961,RB,Tyler,,Ervin,0.200000003,8,4500,HOU@JAC,HOU,JAC,,,,,,,,,,,,16864-30667:Justice Cunningham,16864-30667,TE,Justice,,Cunningham,0,2,4500,LA@NYJ,LA,NYJ,,,,,,,,,,,,16864-22849:Cory Harkey,16864-22849,TE,Cory,,Harkey,0.849999984,6,4500,LA@NYJ,LA,NYJ,,,,,,,,,,,,16864-29624:Tre Madden,16864-29624,RB,Tre,,Madden,0,0,4500,SEA@NE,SEA,NE,IR,Undisclosed,,,,,,,,,,16864-70501:C.J. Ham,16864-70501,RB,C.J.,,Ham,0,0,4500,MIN@WAS,MIN,WAS,,,,,,,,,,,,16864-28249:David Cobb,16864-28249,RB,David,,Cobb,2.985714231,7,4500,CHI@TB,CHI,TB,,,,,,,,,,,,16864-28246:Isaac Fruechte,16864-28246,WR,Isaac,,Fruechte,0,0,4500,MIN@WAS,MIN,WAS,,,,,,,,,,,,16864-33137:Justin Hardy,16864-33137,WR,Justin,,Hardy,3.614285605,7,4500,ATL@PHI,ATL,PHI,,,,,,,,,,,,16864-6595:Matt Spaeth,16864-6595,TE,Matt,,Spaeth,0.666666667,3,4500,DAL@PIT,PIT,DAL,,,,,,,,,,,,16864-6622:Eric Weems,16864-6622,WR,Eric,,Weems,0,9,4500,ATL@PHI,ATL,PHI,,,,,,,,,,,,16864-32632:Bradley Marquez,16864-32632,WR,Bradley,,Marquez,0.74000001,5,4500,LA@NYJ,LA,NYJ,,,,,,,,,,,,16864-28226:Aaron Burbridge,16864-28226,WR,Aaron,,Burbridge,0.25,4,4500,SF@ARI,SF,ARI,,,,,,,,,,,,16864-72676:Troymaine Pope,16864-72676,RB,Troymaine,,Pope,0.100000001,1,4500,SEA@NE,SEA,NE,,,,,,,,,,,,16864-22959:Deonte Thompson,16864-22959,WR,Deonte,,Thompson,0.128571425,7,4500,CHI@TB,CHI,TB,,,,,,,,,,,,16864-15178:Chase Reynolds,16864-15178,RB,Chase,,Reynolds,0,2,4500,LA@NYJ,LA,NYJ,,,,,,,,,,,,16864-70557:Jake Lampman,16864-70557,WR,Jake,,Lampman,0,0,4500,DEN@NO,NO,DEN,,,,,,,,,,,,16864-70553:Kieran Duncan,16864-70553,WR,Kieran,,Duncan,0,0,4500,CHI@TB,CHI,TB,,,,,,,,,,,,16864-32674:Jace Amaro,16864-32674,TE,Jace,,Amaro,7.400000095,1,4500,GB@TEN,TEN,GB,,,,,,,,,,,,16864-46767:Je'Ron Hamm,16864-46767,TE,Je'Ron,,Hamm,0,1,4500,SF@ARI,SF,ARI,,,,,,,,,,,,16864-28311:MarQueis Gray,16864-28311,TE,MarQueis,,Gray,3.866666794,3,4500,MIA@SD,MIA,SD,Q,Ankle,,,,,,,,,,16864-22920:Derek Carrier,16864-22920,TE,Derek,,Carrier,2.600000035,11,4500,MIN@WAS,WAS,MIN,,,,,,,,,,,,16864-14268:Stevan Ridley,16864-14268,RB,Stevan,,Ridley,0.699999988,1,4500,ATL@PHI,ATL,PHI,,,,,,,,,,,,16864-14266:Daniel Thomas,16864-14266,RB,Daniel,,Thomas,0,0,4500,MIA@SD,MIA,SD,,,,,,,,,,,,16864-45809:Kivon Cartwright,16864-45809,TE,Kivon,,Cartwright,0,0,4500,CHI@TB,TB,CHI,,,,,,,,,,,,16864-22938:Rod Streater,16864-22938,WR,Rod,,Streater,1.260000038,5,4500,SF@ARI,SF,ARI,,,,,,,,,,,,16864-14240:Lance Kendricks,16864-14240,TE,Lance,,Kendricks,6.887499809,8,4500,LA@NYJ,LA,NYJ,,,,,,,,,,,,16864-45821:Isaiah Burse,16864-45821,WR,Isaiah,,Burse,0,1,4500,MIA@SD,SD,MIA,,,,,,,,,,,,16864-32703:Jakeem Grant,16864-32703,WR,Jakeem,,Grant,0.857142857,7,4500,MIA@SD,MIA,SD,,,,,,,,,,,,16864-14292:Jordan Cameron,16864-14292,TE,Jordan,,Cameron,5.333333333,3,4500,MIA@SD,MIA,SD,IR,Concussion,,,,,,,,,,16864-11890:Bryan Walters,16864-11890,WR,Bryan,,Walters,2.133333365,3,4500,HOU@JAC,JAC,HOU,O,Concussion,,,,,,,,,,16864-28408:Kyle Prater,16864-28408,WR,Kyle,,Prater,0,0,4500,DEN@NO,NO,DEN,,,,,,,,,,,,16864-14274:Rob Housler,16864-14274,TE,Rob,,Housler,1.060000038,5,4500,CHI@TB,CHI,TB,,,,,,,,,,,,16864-33218:Bryce Williams,16864-33218,TE,Bryce,,Williams,0,0,4500,LA@NYJ,LA,NYJ,,,,,,,,,,,,16864-14277:Vincent Brown,16864-14277,WR,Vincent,,Brown,2.700000048,1,4500,DEN@NO,NO,DEN,,,,,,,,,,,,16864-43826:Tommylee Lewis,16864-43826,WR,Tommylee,,Lewis,1.916666667,6,4500,DEN@NO,NO,DEN,,,,,,,,,,,,16864-14327:Anthony Sherman,16864-14327,RB,Anthony,,Sherman,0.600000024,4,4500,KC@CAR,KC,CAR,,,,,,,,,,,,16864-22991:Jonathan Grimes,16864-22991,RB,Jonathan,,Grimes,2.533333302,3,4500,HOU@JAC,HOU,JAC,O,Illness,,,,,,,,,,16864-34224:Kennard Backman,16864-34224,TE,Kennard,,Backman,0,7,4500,SEA@NE,NE,SEA,,,,,,,,,,,,16864-54280:Duke Williams,16864-54280,WR,Duke,,Williams,0,0,4500,LA@NYJ,LA,NYJ,,,,,,,,,,,,16864-23003:Phillip Supernaw,16864-23003,TE,Phillip,,Supernaw,2.049999952,4,4500,GB@TEN,TEN,GB,,,,,,,,,,,,16864-14307:Cecil Shorts III,16864-14307,WR,Cecil,,Shorts III,1.399999936,3,4500,CHI@TB,TB,CHI,,,,,,,,,,,,16864-14304:Luke Stocker,16864-14304,TE,Luke,,Stocker,1.799999952,1,4500,CHI@TB,TB,CHI,,,,,,,,,,,,16864-27273:Andy Janovich,16864-27273,RB,Andy,,Janovich,2.879999924,5,4500,DEN@NO,DEN,NO,,,,,,,,,,,,16864-44893:Roosevelt Nix,16864-44893,RB,Roosevelt,,Nix,0.866666635,3,4500,DAL@PIT,PIT,DAL,,,,,,,,,,,,16864-32287:Cayleb Jones,16864-32287,WR,Cayleb,,Jones,0,0,4500,ATL@PHI,PHI,ATL,,,,,,,,,,,,16864-38269:Cameron Artis-Payne,16864-38269,RB,Cameron,,Artis-Payne,9.333333333,3,4500,KC@CAR,CAR,KC,,,,,,,,,,,,16864-12872:James Develin,16864-12872,RB,James,,Develin,0,0,4500,SEA@NE,NE,SEA,,,,,,,,,,,,16864-38264:Demarcus Robinson,16864-38264,WR,Demarcus,,Robinson,0,0,4500,KC@CAR,KC,CAR,,,,,,,,,,,,16864-31321:Jay Prosch,16864-31321,RB,Jay,,Prosch,0.433333317,3,4500,HOU@JAC,HOU,JAC,,,,,,,,,,,,16864-10030:Harry Douglas,16864-10030,WR,Harry,,Douglas,3.96666654,3,4500,GB@TEN,TEN,GB,,,,,,,,,,,,16864-29404:Byron Marshall,16864-29404,RB,Byron,,Marshall,0,0,4500,ATL@PHI,PHI,ATL,,,,,,,,,,,,16864-39305:A.J. Derby,16864-39305,TE,A.J.,,Derby,0,1,4500,DEN@NO,DEN,NO,,,,,,,,,,,,16864-54742:Scott Simonson,16864-54742,TE,Scott,,Simonson,1.5,1,4500,KC@CAR,CAR,KC,,,,,,,,,,,,16864-32807:Anthony Denham,16864-32807,TE,Anthony,,Denham,0,0,4500,ATL@PHI,PHI,ATL,,,,,,,,,,,,16864-32309:M.J. McFarland,16864-32309,TE,M.J.,,McFarland,0,0,4500,ATL@PHI,PHI,ATL,,,,,,,,,,,,16864-30385:Marlon Brown,16864-30385,WR,Marlon,,Brown,2.022222307,9,4500,DEN@NO,DEN,NO,,,,,,,,,,,,16864-31329:Russell Shepard,16864-31329,WR,Russell,,Shepard,6.040000153,5,4500,CHI@TB,TB,CHI,O,Hip,,,,,,,,,,16864-55577:Hunter Sharp,16864-55577,WR,Hunter,,Sharp,0,0,4500,ATL@PHI,PHI,ATL,,,,,,,,,,,,16864-28525:Braxton Miller,16864-28525,WR,Braxton,,Miller,1.5,6,4500,HOU@JAC,HOU,JAC,,,,,,,,,,,,16864-26610:Paul Richardson,16864-26610,WR,Paul,,Richardson,2.514285769,7,4500,SEA@NE,SEA,NE,,,,,,,,,,,,16864-29327:Bralon Addison,16864-29327,WR,Bralon,,Addison,0,0,4500,DEN@NO,DEN,NO,,,,,,,,,,,,16864-30403:Chris Conley,16864-30403,WR,Chris,,Conley,5.550000191,8,4500,KC@CAR,KC,CAR,,,,,,,,,,,,16864-44784:Darius Jackson,16864-44784,RB,Darius,,Jackson,0,0,4500,DAL@PIT,DAL,PIT,,,,,,,,,,,,16864-27439:Durron Neal,16864-27439,WR,Durron,,Neal,0,0,4500,DEN@NO,DEN,NO,,,,,,,,,,,,16864-44791:Bronson Hill,16864-44791,RB,Bronson,,Hill,0,0,4500,HOU@JAC,JAC,HOU,,,,,,,,,,,,16864-31261:Tre Mason,16864-31261,RB,Tre,,Mason,3.269230769,13,4500,LA@NYJ,LA,NYJ,O,Personal,,,,,,,,,,16864-26598:Nelson Spruce,16864-26598,WR,Nelson,,Spruce,0,0,4500,LA@NYJ,LA,NYJ,O,Calf,,,,,,,,,,16864-27441:Damien Williams,16864-27441,RB,Damien,,Williams,6.642857143,7,4500,MIA@SD,MIA,SD,,,,,,,,,,,,16864-39411:Gavin Escobar,16864-39411,TE,Gavin,,Escobar,6.699999809,1,4500,DAL@PIT,DAL,PIT,,,,,,,,,,,,16864-29340:Josh Huff,16864-29340,WR,Josh,,Huff,3.814285823,7,4500,CHI@TB,TB,CHI,,,,,,,,,,,,16864-54694:Justin Perillo,16864-54694,TE,Justin,,Perillo,1.833333333,3,4500,GB@TEN,GB,TEN,,,,,,,,,,,,16864-30428:Malcolm Mitchell,16864-30428,WR,Malcolm,,Mitchell,2.239999962,5,4500,SEA@NE,NE,SEA,,,,,,,,,,,,16864-16078:Ross Travis,16864-16078,TE,Ross,,Travis,0.666666667,3,4500,KC@CAR,KC,CAR,,,,,,,,,,,,16864-54690:Freddie Martino,16864-54690,WR,Freddie,,Martino,0.699999988,2,4500,CHI@TB,TB,CHI,,,,,,,,,,,,16864-27403:Blake Bell,16864-27403,TE,Blake,,Bell,0.666666667,3,4500,SF@ARI,SF,ARI,,,,,,,,,,,,16864-28487:Jeff Heuerman,16864-28487,TE,Jeff,,Heuerman,1.933333397,3,4500,DEN@NO,DEN,NO,,,,,,,,,,,,16864-29351:De'Anthony Thomas,16864-29351,WR,De'Anthony,,Thomas,1.200000048,4,4500,KC@CAR,KC,CAR,,,,,,,,,,,,16864-33840:Keyarris Garrett,16864-33840,WR,Keyarris,,Garrett,0,0,4500,KC@CAR,CAR,KC,,,,,,,,,,,,16864-31269:Corey Grant,16864-31269,RB,Corey,,Grant,2,4,4500,HOU@JAC,JAC,HOU,,,,,,,,,,,,16864-28502:Devin Smith,16864-28502,WR,Devin,,Smith,2.857142857,7,4500,LA@NYJ,NYJ,LA,,,,,,,,,,,,16864-54659:Tony Washington,16864-54659,WR,Tony,,Washington,0.800000012,1,4500,HOU@JAC,JAC,HOU,,,,,,,,,,,,16864-25463:Canaan Severin,16864-25463,WR,Canaan,,Severin,0,0,4500,DAL@PIT,PIT,DAL,IR,Undisclosed,,,,,,,,,,16864-54651:Dominique Williams,16864-54651,RB,Dominique,,Williams,0,0,4500,LA@NYJ,NYJ,LA,,,,,,,,,,,,16864-12090:Nick Novak,16864-12090,K,Nick,,Novak,10.14285714,7,4500,HOU@JAC,HOU,JAC,,,,,,,,,,,,16864-47953:Lucky Whitehead,16864-47953,WR,Lucky,,Whitehead,1.3125,8,4500,DAL@PIT,DAL,PIT,,,,,,,,,,,,16864-29277:Stephen Anderson,16864-29277,TE,Stephen,,Anderson,2.299999952,4,4500,HOU@JAC,HOU,JAC,,,,,,,,,,,,16864-30228:Tyler Murphy,16864-30228,WR,Tyler,,Murphy,2.099999905,1,4500,MIA@SD,MIA,SD,,,,,,,,,,,,16864-28545:Rod Smith,16864-28545,RB,Rod,,Smith,0.449999988,2,4500,DAL@PIT,DAL,PIT,,,,,,,,,,,,16864-55694:Mike Thomas,16864-55694,WR,Mike,,Thomas,0,3,4500,LA@NYJ,LA,NYJ,,,,,,,,,,,,16864-29290:Bryce Treggs,16864-29290,WR,Bryce,,Treggs,7.900000095,1,4500,ATL@PHI,PHI,ATL,,,,,,,,,,,,16864-7244:John Kuhn,16864-7244,RB,John,,Kuhn,4.82857132,7,4500,DEN@NO,NO,DEN,,,,,,,,,,,,16864-28562:Jake Stoneburner,16864-28562,TE,Jake,,Stoneburner,6.400000254,3,4500,DEN@NO,NO,DEN,,,,,,,,,,,,16864-12055:Logan Paulsen,16864-12055,TE,Logan,,Paulsen,0.75,4,4500,CHI@TB,CHI,TB,,,,,,,,,,,,16864-28570:Nick Vannett,16864-28570,TE,Nick,,Vannett,0.600000024,2,4500,SEA@NE,SEA,NE,,,,,,,,,,,,16864-29304:Daniel Lasco,16864-29304,RB,Daniel,,Lasco,1.76666673,3,4500,DEN@NO,NO,DEN,Q,Hamstring,,,,,,,,,,16864-32957:Eric Tomlinson,16864-32957,TE,Eric,,Tomlinson,0,0,4500,LA@NYJ,NYJ,LA,,,,,,,,,,,,16864-22774:Jonas Gray,16864-22774,RB,Jonas,,Gray,4.100000109,7,4500,HOU@JAC,JAC,HOU,,,,,,,,,,,,16864-30297:Trey Burton,16864-30297,TE,Trey,,Burton,3.800000054,7,4500,ATL@PHI,PHI,ATL,Q,Hamstring,,,,,,,,,,16864-22754:Garrett Celek,16864-22754,TE,Garrett,,Celek,4.214285714,7,4500,SF@ARI,SF,ARI,,,,,,,,,,,,16864-70342:Temarrick Hemingway,16864-70342,TE,Temarrick,,Hemingway,0,0,4500,LA@NYJ,LA,NYJ,,,,,,,,,,,,16864-22746:Kashif Moore,16864-22746,WR,Kashif,,Moore,0,0,4500,KC@CAR,KC,CAR,,,,,,,,,,,,16864-46001:Joey Iosefa,16864-46001,RB,Joey,,Iosefa,2.549999952,2,4500,SEA@NE,NE,SEA,,,,,,,,,,,,16864-38301:Darren Fells,16864-38301,TE,Darren,,Fells,2.650000095,4,4500,SF@ARI,ARI,SF,,,,,,,,,,,,16864-30307:Mack Brown,16864-30307,RB,Mack,,Brown,0,0,4500,MIN@WAS,WAS,MIN,,,,,,,,,,,,16864-33978:Devon Johnson,16864-33978,RB,Devon,,Johnson,0,0,4500,KC@CAR,CAR,KC,IR,Undisclosed,,,,,,,,,,16864-29237:Chris Harper,16864-29237,WR,Chris,,Harper,-0.299999992,3,4500,SF@ARI,SF,ARI,,,,,,,,,,,,16864-31406:Alfred Blue,16864-31406,RB,Alfred,,Blue,2.387500048,8,4500,HOU@JAC,HOU,JAC,,,,,,,,,,,,16864-30326:Keith Marshall,16864-30326,RB,Keith,,Marshall,0,0,4500,MIN@WAS,WAS,MIN,IR,Elbow,,,,,,,,,,16864-25356:Benson Browne,16864-25356,TE,Benson,,Browne,0,0,4500,LA@NYJ,LA,NYJ,,,,,,,,,,,,16864-61666:Jared Dangerfield,16864-61666,WR,Jared,,Dangerfield,0,0,4500,DEN@NO,NO,DEN,,,,,,,,,,,,16864-29183:D.J. Foster,16864-29183,RB,D.J.,,Foster,1.033333302,3,4500,SEA@NE,NE,SEA,,,,,,,,,,,,16864-62633:Matt Lengel,16864-62633,TE,Matt,,Lengel,0,0,4500,SEA@NE,NE,SEA,,,,,,,,,,,,16864-62628:DeAndre Carter,16864-62628,WR,DeAndre,,Carter,0,0,4500,SEA@NE,NE,SEA,,,,,,,,,,,,16864-11419:C.J. Spiller,16864-11419,RB,C.J.,,Spiller,4.566666603,3,4500,LA@NYJ,NYJ,LA,,,,,,,,,,,,16864-62631:Gus Johnson,16864-62631,RB,Gus,,Johnson,0,0,4500,ATL@PHI,ATL,PHI,,,,,,,,,,,,16864-25751:Chris Pantale,16864-25751,TE,Chris,,Pantale,0,0,4500,ATL@PHI,PHI,ATL,,,,,,,,,,,,16864-24797:Juwan Thompson,16864-24797,RB,Juwan,,Thompson,6.099999905,1,4500,DEN@NO,DEN,NO,,,,,,,,,,,,16864-39615:Brandon Williams,16864-39615,TE,Brandon,,Williams,2.099999905,1,4500,SEA@NE,SEA,NE,,,,,,,,,,,,16864-30108:Marquess Wilson,16864-30108,WR,Marquess,,Wilson,6.036363775,11,4500,CHI@TB,CHI,TB,NA,Foot,,,,,,,,,,16864-46088:Jhurell Pressley,16864-46088,RB,Jhurell,,Pressley,0,0,4500,ATL@PHI,ATL,PHI,,,,,,,,,,,,16864-32000:Luke Willson,16864-32000,TE,Luke,,Willson,1.6,5,4500,SEA@NE,SEA,NE,Q,Knee,,,,,,,,,,16864-11454:Dexter McCluster,16864-11454,RB,Dexter,,McCluster,1.216666698,6,4500,MIA@SD,SD,MIA,O,Forearm,,,,,,,,,,16864-62623:John Crockett,16864-62623,RB,John,,Crockett,1.049999952,2,4500,GB@TEN,GB,TEN,IR,Shoulder,,,,,,,,,,16864-11431:Jermaine Gresham,16864-11431,TE,Jermaine,,Gresham,2.012500048,8,4500,SF@ARI,ARI,SF,,,,,,,,,,,,16864-38517:Dreamius Smith,16864-38517,RB,Dreamius,,Smith,0,2,4500,MIA@SD,SD,MIA,,,,,,,,,,,,16864-38523:Geoff Swaim,16864-38523,TE,Geoff,,Swaim,1.649999936,6,4500,DAL@PIT,DAL,PIT,,,,,,,,,,,,16864-25789:Rashawn Scott,16864-25789,WR,Rashawn,,Scott,0,0,4500,MIA@SD,MIA,SD,,,,,,,,,,,,16864-31015:DeAndrew White,16864-31015,WR,DeAndrew,,White,1.399999976,2,4500,SEA@NE,NE,SEA,,,,,,,,,,,,16864-48380:Wil Lutz,16864-48380,K,Wil,,Lutz,9.5,8,4500,DEN@NO,NO,DEN,,,,,,,,,,,,16864-60745:Jason Myers,16864-60745,K,Jason,,Myers,6.875,8,4500,HOU@JAC,JAC,HOU,,,,,,,,,,,,16864-11457:Arrelious Benn,16864-11457,WR,Arrelious,,Benn,2.871428626,7,4500,HOU@JAC,JAC,HOU,,,,,,,,,,,,16864-24720:Braxton Deaver,16864-24720,TE,Braxton,,Deaver,0,0,4500,KC@CAR,CAR,KC,,,,,,,,,,,,16864-29084:Rashad Ross,16864-29084,WR,Rashad,,Ross,1.299999952,1,4500,MIN@WAS,WAS,MIN,,,,,,,,,,,,16864-25827:Asante Cleveland,16864-25827,TE,Asante,,Cleveland,0.600000024,1,4500,MIA@SD,SD,MIA,,,,,,,,,,,,16864-27771:Cody Latimer,16864-27771,WR,Cody,,Latimer,0.925000012,4,4500,DEN@NO,DEN,NO,,,,,,,,,,,,16864-11511:Tony Moeaki,16864-11511,TE,Tony,,Moeaki,4.433333397,3,4500,CHI@TB,CHI,TB,,,,,,,,,,,,16864-30989:Kenyan Drake,16864-30989,RB,Kenyan,,Drake,5.240000153,5,4500,MIA@SD,MIA,SD,,,,,,,,,,,,16864-30990:Jalston Fowler,16864-30990,RB,Jalston,,Fowler,1.899999976,1,4500,GB@TEN,TEN,GB,,,,,,,,,,,,16864-62680:Donteea Dye,16864-62680,WR,Donteea,,Dye,2.470000076,10,4500,CHI@TB,TB,CHI,,,,,,,,,,,,16864-39649:Benny Cunningham,16864-39649,RB,Benny,,Cunningham,2.642857143,7,4500,LA@NYJ,LA,NYJ,,,,,,,,,,,,16864-11488:Ed Dickson,16864-11488,TE,Ed,,Dickson,3.6,5,4500,KC@CAR,CAR,KC,,,,,,,,,,,,16864-26657:Christian Powell,16864-26657,RB,Christian,,Powell,0,0,4500,DAL@PIT,PIT,DAL,,,,,,,,,,,,16864-12550:Seattle Seahawks,16864-12550,D,Seattle,,Seahawks,9,8,4500,SEA@NE,SEA,NE,,,,,,,,,,,,16864-32082:Jordan Taylor,16864-32082,WR,Jordan,,Taylor,1.519999981,5,4500,DEN@NO,DEN,NO,,,,,,,,,,,,16864-22447:Griff Whalen,16864-22447,WR,Griff,,Whalen,0.566666683,3,4500,MIA@SD,SD,MIA,,,,,,,,,,,,16864-23435:Andrew DePaola,16864-23435,TE,Andrew,,DePaola,0,16,4500,CHI@TB,TB,CHI,,,,,,,,,,,,16864-30012:Kevin Smith,16864-30012,WR,Kevin,,Smith,1.933333397,3,4500,SEA@NE,SEA,NE,,,,,,,,,,,,16864-39455:Kerwynn Williams,16864-39455,RB,Kerwynn,,Williams,3.46666654,6,4500,SF@ARI,ARI,SF,,,,,,,,,,,,16864-62508:James O'Shaughnessy,16864-62508,TE,James,,O'Shaughnessy,0.5,1,4500,KC@CAR,KC,CAR,,,,,,,,,,,,16864-62505:MyCole Pruitt,16864-62505,TE,MyCole,,Pruitt,1.200000048,1,4500,MIN@WAS,MIN,WAS,,,,,,,,,,,,16864-33703:Ryan Grant,16864-33703,WR,Ryan,,Grant,0.699999968,6,4500,MIN@WAS,WAS,MIN,,,,,,,,,,,,16864-62515:Neal Sterling,16864-62515,TE,Neal,,Sterling,1.5,1,4500,HOU@JAC,JAC,HOU,,,,,,,,,,,,16864-29991:Bishop Sankey,16864-29991,RB,Bishop,,Sankey,4.183333397,12,4500,KC@CAR,KC,CAR,,,,,,,,,,,,16864-39427:Quinton Patton,16864-39427,WR,Quinton,,Patton,5.224999905,8,4500,SF@ARI,SF,ARI,,,,,,,,,,,,16864-32185:Zach Line,16864-32185,RB,Zach,,Line,0.266666671,3,4500,MIN@WAS,MIN,WAS,,,,,,,,,,,,16864-22336:Joshua Bellamy,16864-22336,WR,Joshua,,Bellamy,1.539999962,5,4500,CHI@TB,CHI,TB,,,,,,,,,,,,16864-24679:Zac Brooks,16864-24679,RB,Zac,,Brooks,0,0,4500,KC@CAR,KC,CAR,,,,,,,,,,,,16864-24682:Andre Ellington,16864-24682,RB,Andre,,Ellington,1.4375,8,4500,SF@ARI,ARI,SF,,,,,,,,,,,,16864-38651:Beau Sandland,16864-38651,TE,Beau,,Sandland,0,0,4500,GB@TEN,GB,TEN,,,,,,,,,,,,16864-18009:Chris Manhertz,16864-18009,TE,Chris,,Manhertz,0,0,4500,KC@CAR,CAR,KC,,,,,,,,,,,,16864-16923:Austin Seferian-Jenkins,16864-16923,TE,Austin,,Seferian-Jenkins,3.650000095,4,4500,LA@NYJ,NYJ,LA,,,,,,,,,,,,16864-29003:Ka'Deem Carey,16864-29003,RB,Ka'Deem,,Carey,2.533333302,6,4500,CHI@TB,CHI,TB,,,,,,,,,,,,16864-24569:Chandler Catanzaro,16864-24569,K,Chandler,,Catanzaro,6,8,4500,SF@ARI,ARI,SF,,,,,,,,,,,,16864-14683:Patrick DiMarco,16864-14683,RB,Patrick,,DiMarco,2.26666673,6,4500,ATL@PHI,ATL,PHI,,,,,,,,,,,,16864-39512:Kendall Gaskins,16864-39512,RB,Kendall,,Gaskins,3.674999952,4,4500,SF@ARI,SF,ARI,,,,,,,,,,,,16864-32234:Malcolm Brown,16864-32234,RB,Malcolm,,Brown,1.699999968,3,4500,LA@NYJ,LA,NYJ,,,,,,,,,,,,16864-24589:Jaron Brown,16864-24589,WR,Jaron,,Brown,5.03333346,6,4500,SF@ARI,ARI,SF,IR,Knee,,,,,,,,,,16864-22292:Lance Dunbar,16864-22292,RB,Lance,,Dunbar,3.75,4,4500,DAL@PIT,DAL,PIT,,,,,,,,,,,,16864-48224:Wes Saxton,16864-48224,TE,Wes,,Saxton,0,1,4500,MIN@WAS,WAS,MIN,,,,,,,,,,,,16864-25694:Andre Williams,16864-25694,RB,Andre,,Williams,2.181250095,16,4500,MIA@SD,SD,MIA,,,,,,,,,,,,16864-31157:Cobi Hamilton,16864-31157,WR,Cobi,,Hamilton,5.23333327,3,4500,DAL@PIT,PIT,DAL,,,,,,,,,,,,16864-7001:Kellen Davis,16864-7001,TE,Kellen,,Davis,0,1,4500,LA@NYJ,NYJ,LA,,,,,,,,,,,,16864-39492:Josh Hill,16864-39492,TE,Josh,,Hill,4.300000191,4,4500,DEN@NO,NO,DEN,,,,,,,,,,,,16864-24621:Charone Peake,16864-24621,WR,Charone,,Peake,4.3,5,4500,LA@NYJ,NYJ,LA,,,,,,,,,,,,16864-7975:Mike Tolbert,16864-7975,RB,Mike,,Tolbert,1.087499976,8,4500,KC@CAR,CAR,KC,,,,,,,,,,,,16864-28933:Jared Abbrederis,16864-28933,WR,Jared,,Abbrederis,0.649999976,2,4500,GB@TEN,GB,TEN,,,,,,,,,,,,16864-62544:Brandon Wegher,16864-62544,RB,Brandon,,Wegher,0,1,4500,KC@CAR,CAR,KC,,,,,,,,,,,,16864-22317:Brenton Bersin,16864-22317,WR,Brenton,,Bersin,2.879999924,5,4500,KC@CAR,CAR,KC,,,,,,,,,,,,16864-33733:Xavier Rush,16864-33733,WR,Xavier,,Rush,0,0,4500,ATL@PHI,PHI,ATL,,,,,,,,,,,,16864-27918:Henry Krieger-Coble,16864-27918,TE,Henry,,Krieger-Coble,0,0,4500,DEN@NO,DEN,NO,,,,,,,,,,,,16864-25052:Zach Laskey,16864-25052,RB,Zach,,Laskey,0,0,4500,LA@NYJ,LA,NYJ,IR,Undisclosed,,,,,,,,,,16864-22220:Sean McGrath,16864-22220,TE,Sean,,McGrath,0.899999976,2,4500,MIA@SD,SD,MIA,,,,,,,,,,,,16864-10695:Darrel Young,16864-10695,RB,Darrel,,Young,0.688888868,9,4500,CHI@TB,CHI,TB,,,,,,,,,,,,16864-22219:Jermaine Kearse,16864-22219,WR,Jermaine,,Kearse,5.012499809,8,4500,SEA@NE,SEA,NE,,,,,,,,,,,,16864-57556:Jerome Cunningham,16864-57556,TE,Jerome,,Cunningham,1.649999936,6,4500,GB@TEN,TEN,GB,,,,,,,,,,,,16864-40913:Thomas Duarte,16864-40913,TE,Thomas,,Duarte,0,0,4500,MIA@SD,MIA,SD,,,,,,,,,,,,16864-23055:Brandon Bostick,16864-23055,TE,Brandon,,Bostick,0.574999988,4,4500,LA@NYJ,NYJ,LA,,,,,,,,,,,,16864-29830:Shaq Evans,16864-29830,WR,Shaq,,Evans,0,0,4500,SEA@NE,NE,SEA,,,,,,,,,,,,16864-22244:Beau Brinkley,16864-22244,TE,Beau,,Brinkley,0,16,4500,GB@TEN,TEN,GB,,,,,,,,,,,,16864-26045:Leonte Carroo,16864-26045,WR,Leonte,,Carroo,0.800000032,3,4500,MIA@SD,MIA,SD,Q,Shoulder,,,,,,,,,,16864-40932:Pharoh Cooper,16864-40932,WR,Pharoh,,Cooper,0.400000006,2,4500,LA@NYJ,LA,NYJ,,,,,,,,,,,,16864-28890:Derek Watt,16864-28890,RB,Derek,,Watt,2.099999905,4,4500,MIA@SD,SD,MIA,,,,,,,,,,,,16864-22258:Travaris Cadet,16864-22258,RB,Travaris,,Cadet,3.337500095,8,4500,DEN@NO,NO,DEN,,,,,,,,,,,,16864-6823:John Phillips,16864-6823,TE,John,,Phillips,4.166666667,3,4500,DEN@NO,NO,DEN,,,,,,,,,,,,16864-29854:Kevin McDermott,16864-29854,TE,Kevin,,McDermott,0,16,4500,MIN@WAS,MIN,WAS,,,,,,,,,,,,16864-31748:Levi Norwood,16864-31748,WR,Levi,,Norwood,0,0,4500,DAL@PIT,PIT,DAL,,,,,,,,,,,,16864-40843:Alex Collins,16864-40843,RB,Alex,,Collins,2.4,5,4500,SEA@NE,SEA,NE,,,,,,,,,,,,16864-26076:Sam Bergen,16864-26076,RB,Sam,,Bergen,0,0,4500,GB@TEN,TEN,GB,,,,,,,,,,,,16864-6870:Vernon Davis,16864-6870,TE,Vernon,,Davis,7.014285496,7,4500,MIN@WAS,WAS,MIN,,,,,,,,,,,,16864-33403:Tevin Jones,16864-33403,WR,Tevin,,Jones,0,0,4500,HOU@JAC,HOU,JAC,,,,,,,,,,,,16864-28815:Akeem Hunt,16864-28815,RB,Akeem,,Hunt,2.357142857,7,4500,HOU@JAC,HOU,JAC,,,,,,,,,,,,16864-45343:Daniel Braverman,16864-45343,WR,Daniel,,Braverman,0,0,4500,CHI@TB,CHI,TB,,,,,,,,,,,,16864-7856:Matthew Slater,16864-7856,WR,Matthew,,Slater,0.166666667,3,4500,SEA@NE,NE,SEA,,,,,,,,,,,,16864-22188:Daryl Richardson,16864-22188,RB,Daryl,,Richardson,0.349999994,2,4500,DAL@PIT,PIT,DAL,,,,,,,,,,,,16864-11766:Jeff Cumberland,16864-11766,TE,Jeff,,Cumberland,1.45714283,7,4500,MIA@SD,SD,MIA,IR,Achilles,,,,,,,,,,16864-26934:Toben Opurum,16864-26934,RB,Toben,,Opurum,0,2,4500,DEN@NO,DEN,NO,,,,,,,,,,,,16864-12305:Will Tukuafu,16864-12305,RB,Will,,Tukuafu,0,1,4500,SEA@NE,SEA,NE,,,,,,,,,,,,16864-22198:Brittan Golden,16864-22198,WR,Brittan,,Golden,1.300000032,3,4500,SF@ARI,ARI,SF,,,,,,,,,,,,16864-28030:Fitzgerald Toussaint,16864-28030,RB,Fitzgerald,,Toussaint,0.480000019,5,4500,DAL@PIT,PIT,DAL,,,,,,,,,,,,16864-26094:Brandon Coleman,16864-26094,WR,Brandon,,Coleman,4.857142857,7,4500,DEN@NO,NO,DEN,,,,,,,,,,,,16864-28021:Sione Houma,16864-28021,RB,Sione,,Houma,0,0,4500,DEN@NO,NO,DEN,,,,,,,,,,,,16864-6672:Marcedes Lewis,16864-6672,TE,Marcedes,,Lewis,3.612499952,8,4500,HOU@JAC,JAC,HOU,,,,,,,,,,,,16864-7761:Jared Cook,16864-7761,TE,Jared,,Cook,2.76666673,3,4500,GB@TEN,GB,TEN,D,Ankle,,,,,,,,,,16864-45562:Paul Lasike,16864-45562,RB,Paul,,Lasike,0.150000006,2,4500,CHI@TB,CHI,TB,,,,,,,,,,,,16864-6681:Andre Johnson,16864-6681,WR,Andre,,Johnson,4.166666667,6,4500,GB@TEN,TEN,GB,,,,,,,,,,,,16864-12541:New England Patriots,16864-12541,D,New England,,Patriots,6.5,8,4500,SEA@NE,NE,SEA,,,,,,,,,,,,16864-6660:Donald Brown,16864-6660,RB,Donald,,Brown,6.950000127,6,4500,SEA@NE,NE,SEA,,,,,,,,,,,,16864-22110:Blair Walsh,16864-22110,K,Blair,,Walsh,6.875,8,4500,MIN@WAS,MIN,WAS,,,,,,,,,,,,16864-12539:Miami Dolphins,16864-12539,D,Miami,,Dolphins,6.875,8,4500,MIA@SD,MIA,SD,,,,,,,,,,,,16864-12533:Green Bay Packers,16864-12533,D,Green Bay,,Packers,6,8,4500,GB@TEN,GB,TEN,,,,,,,,,,,,16864-11538:Garrett Graham,16864-11538,TE,Garrett,,Graham,1.571428571,7,4500,DEN@NO,DEN,NO,,,,,,,,,,,,16864-7801:Brandon Myers,16864-7801,TE,Brandon,,Myers,2.950000048,4,4500,CHI@TB,TB,CHI,,,,,,,,,,,,16864-7806:Darren McFadden,16864-7806,RB,Darren,,McFadden,10.98124981,16,4500,DAL@PIT,DAL,PIT,O,Elbow,,,,,,,,,,16864-22123:James Hanna,16864-22123,TE,James,,Hanna,1.549999952,8,4500,DAL@PIT,DAL,PIT,NA,Knee,,,,,,,,,,16864-19342:Demetrius Harris,16864-19342,TE,Demetrius,,Harris,1.625,8,4500,KC@CAR,KC,CAR,,,,,,,,,,,,16864-22116:Cyrus Gray,16864-22116,RB,Cyrus,,Gray,0,0,4500,ATL@PHI,ATL,PHI,,,,,,,,,,,,16864-28744:Raheem Mostert,16864-28744,RB,Raheem,,Mostert,-0.25,8,4500,CHI@TB,CHI,TB,,,,,,,,,,,,16864-11556:Michael Hoomanawanui,16864-11556,TE,Michael,,Hoomanawanui,2.910000038,10,4500,DEN@NO,NO,DEN,IR,Lower leg,,,,,,,,,,16864-22113:Alfred Morris,16864-22113,RB,Alfred,,Morris,3.987499952,8,4500,DAL@PIT,DAL,PIT,,,,,,,,,,,,16864-33418:Alan Cross,16864-33418,TE,Alan,,Cross,0.333333333,3,4500,CHI@TB,TB,CHI,,,,,,,,,,,,16864-14406:Bruce Miller,16864-14406,RB,Bruce,,Miller,2.589999962,10,4500,SF@ARI,SF,ARI,,,,,,,,,,,,16864-31874:Kenneth Farrow,16864-31874,RB,Kenneth,,Farrow,1.339999962,5,4500,MIA@SD,SD,MIA,,,,,,,,,,,,16864-29723:Stepfan Taylor,16864-29723,RB,Stepfan,,Taylor,0.600000024,2,4500,SF@ARI,ARI,SF,,,,,,,,,,,,16864-6702:Phil Dawson,16864-6702,K,Phil,,Dawson,7,8,4500,SF@ARI,SF,ARI,,,,,,,,,,,,16864-28095:Thomas Rawls,16864-28095,RB,Thomas,,Rawls,4.800000191,2,4500,SEA@NE,SEA,NE,O,Lower leg,,,,,,,,,,16864-28088:Denard Robinson,16864-28088,RB,Denard,,Robinson,1.299999952,2,4500,HOU@JAC,JAC,HOU,,,,,,,,,,,,16864-27020:Glenn Gronkowski,16864-27020,RB,Glenn,,Gronkowski,0,0,4500,SEA@NE,NE,SEA,,,,,,,,,,,,16864-22029:Bernard Pierce,16864-22029,RB,Bernard,,Pierce,0.824999988,4,4500,LA@NYJ,NYJ,LA,,,,,,,,,,,,16864-48482:David Morgan,16864-48482,TE,David,,Morgan,0,0,4500,MIN@WAS,MIN,WAS,,,,,,,,,,,,16864-6742:Brent Celek,16864-6742,TE,Brent,,Celek,2.599999905,4,4500,ATL@PHI,PHI,ATL,Q,Ribs,,,,,,,,,,16864-14394:Virgil Green,16864-14394,TE,Virgil,,Green,5.340000153,5,4500,DEN@NO,DEN,NO,,,,,,,,,,,,16864-24862:Rashad Greene Sr.,16864-24862,WR,Rashad,,Greene Sr.,0.74000001,5,4500,HOU@JAC,JAC,HOU,,,,,,,,,,,,16864-45472:Garrett Griffin,16864-45472,TE,Garrett,,Griffin,0,0,4500,DEN@NO,NO,DEN,,,,,,,,,,,,16864-14372:Aldrick Robinson,16864-14372,WR,Aldrick,,Robinson,2.771428517,7,4500,ATL@PHI,ATL,PHI,,,,,,,,,,,,16864-28721:Brandon Cottom,16864-28721,RB,Brandon,,Cottom,0,0,4500,SEA@NE,SEA,NE,IR,Achilles,,,,,,,,,,16864-22047:Ladarius Green,16864-22047,TE,Ladarius,,Green,6.876923194,13,4500,DAL@PIT,PIT,DAL,,,,,,,,,,,,16864-38790:Jalin Marshall,16864-38790,WR,Jalin,,Marshall,2.842857088,7,4500,LA@NYJ,NYJ,LA,,,,,,,,,,,,16864-33531:Ben Koyack,16864-33531,TE,Ben,,Koyack,6.599999905,1,4500,HOU@JAC,JAC,HOU,,,,,,,,,,,,16864-22034:Chris Givens,16864-22034,WR,Chris,,Givens,3.792857034,14,4500,ATL@PHI,PHI,ATL,,,,,,,,,,,,16864-28126:Paul Lang,16864-28126,TE,Paul,,Lang,0,0,4500,DAL@PIT,PIT,DAL,,,,,,,,,,,,16864-33473:Chris Brown,16864-33473,WR,Chris,,Brown,0,0,4500,DAL@PIT,DAL,PIT,,,,,,,,,,,,16864-28131:Keith Mumphery,16864-28131,WR,Keith,,Mumphery,1.421428544,14,4500,HOU@JAC,HOU,JAC,,,,,,,,,,,,16864-14355:Niles Paul,16864-14355,TE,Niles,,Paul,1.850000024,2,4500,MIN@WAS,WAS,MIN,IR,Shoulder,,,,,,,,,,16864-10531:Jordan Norwood,16864-10531,WR,Jordan,,Norwood,3.611111111,9,4500,DEN@NO,DEN,NO,,,,,,,,,,,,16864-22063:Keshawn Martin,16864-22063,WR,Keshawn,,Martin,-2,1,4500,SF@ARI,SF,ARI,,,,,,,,,,,,16864-24882:Roberto Aguayo,16864-24882,K,Roberto,,Aguayo,4.75,8,4500,CHI@TB,TB,CHI,,,,,,,,,,,,16864-6778:Anthony Fasano,16864-6778,TE,Anthony,,Fasano,2.166666667,6,4500,GB@TEN,TEN,GB,,,,,,,,,,,,16864-22054:Jarius Wright,16864-22054,WR,Jarius,,Wright,5.199999809,1,4500,MIN@WAS,MIN,WAS,,,,,,,,,,,,16864-33488:Troy Niklas,16864-33488,TE,Troy,,Niklas,0.25,2,4500,SF@ARI,ARI,SF,IR,Wrist,,,,,,,,,,16864-14339:Dion Lewis,16864-14339,RB,Dion,,Lewis,14.59999956,7,4500,SEA@NE,NE,SEA,,,,,,,,,,,,16864-28144:Dion Sims,16864-28144,TE,Dion,,Sims,2.679999924,5,4500,MIA@SD,MIA,SD,Q,Concussion,,,,,,,,,,16864-22065:Rhett Ellison,16864-22065,TE,Rhett,,Ellison,3.333333333,3,4500,MIN@WAS,MIN,WAS,,,,,,,,,,,,16864-11635:Marc Mariani,16864-11635,WR,Marc,,Mariani,0,9,4500,GB@TEN,TEN,GB,,,,,,,,,,,,16864-6767:Ryan Succop,16864-6767,K,Ryan,,Succop,6.666666667,9,4500,GB@TEN,TEN,GB,,,,,,,,,,,,16864-12545:Philadelphia Eagles,16864-12545,D,Philadelphia,,Eagles,11.5,8,4400,ATL@PHI,PHI,ATL,,,,,,,,,,,,16864-12552:Washington Redskins,16864-12552,D,Washington,,Redskins,7,8,4400,MIN@WAS,WAS,MIN,,,,,,,,,,,,16864-12547:Pittsburgh Steelers,16864-12547,D,Pittsburgh,,Steelers,4.625,8,4300,DAL@PIT,PIT,DAL,,,,,,,,,,,,16864-12551:Tampa Bay Buccaneers,16864-12551,D,Tampa Bay,,Buccaneers,5,8,4300,CHI@TB,TB,CHI,,,,,,,,,,,,16864-12527:Chicago Bears,16864-12527,D,Chicago,,Bears,6.75,8,4200,CHI@TB,CHI,TB,,,,,,,,,,,,16864-12542:New Orleans Saints,16864-12542,D,New Orleans,,Saints,3.625,8,4200,DEN@NO,NO,DEN,,,,,,,,,,,,16864-12554:Jacksonville Jaguars,16864-12554,D,Jacksonville,,Jaguars,2.375,8,4100,HOU@JAC,JAC,HOU,,,,,,,,,,,,16864-12549:San Francisco 49ers,16864-12549,D,San Francisco,,49ers,3.75,8,4000,SF@ARI,SF,ARI,,,,,,,,,,,,16864-12534:Tennessee Titans,16864-12534,D,Tennessee,,Titans,5.333333333,9,4000,GB@TEN,TEN,GB,,