QB,RB,RB,WR,WR,WR,TE,K,D,,Instructions,,,,,,,,,,,,,,,,,,,,,,1) Create a lineup by inserting any player from this list into their appropriate position columns,,,,,,,,,,,,,,,,,,,,,,2) You can paste either the Player ID + Name OR ID from their respective columns,,,,,,,,,,,,,,,,,,,,,,3) Any information to the right of the last position column will be ignored in the upload,,,,,,,,,,,,,,,,,,,,,,4) Maximum of 250 lineups per upload,,,,,,,,,,,,,,,,,,,,,,,,,,,,,,,,,,,,,,,,,,,,Player ID + Player Name,Id,Position,First Name,Last Name,FPPG,Played,Salary,Game,Team,Opponent,Injury Indicator,Injury Details,,,,,,,,,,16449-11612:Antonio Brown,16449-11612,WR,Antonio,Brown,18.16666667,3,9400,KC@PIT,PIT,KC,,,,,,,,,,,,16449-14185:Cam Newton,16449-14185,QB,Cam,Newton,23.01999919,3,9300,CAR@ATL,CAR,ATL,,,,,,,,,,,,16449-62497:David Johnson,16449-62497,RB,David,Johnson,20.53333282,3,8700,LA@ARI,ARI,LA,,,,,,,,,,,,16449-16606:DeAndre Hopkins,16449-16606,WR,DeAndre,Hopkins,14.09999975,3,8600,TEN@HOU,HOU,TEN,,,,,,,,,,,,16449-6504:Drew Brees,16449-6504,QB,Drew,Brees,24.29333242,3,8600,NO@SD,NO,SD,,,,,,,,,,,,16449-14190:Julio Jones,16449-14190,WR,Julio,Jones,11.93333308,3,8500,CAR@ATL,ATL,CAR,Q,Calf,,,,,,,,,,16449-7968:Philip Rivers,16449-7968,QB,Philip,Rivers,16.55333328,3,8500,NO@SD,SD,NO,,,,,,,,,,,,16449-22015:Russell Wilson,16449-22015,QB,Russell,Wilson,12.83333333,3,8400,SEA@NYJ,SEA,NYJ,,,,,,,,,,,,16449-6589:Ben Roethlisberger,16449-6589,QB,Ben,Roethlisberger,17.51333364,3,8400,KC@PIT,PIT,KC,,,,,,,,,,,,16449-28181:Le'Veon Bell,16449-28181,RB,Le'Veon,Bell,16.53333282,6,8300,KC@PIT,PIT,KC,,,,,,,,,,,,16449-6654:Matthew Stafford,16449-6654,QB,Matthew,Stafford,23.36666616,3,8300,DET@CHI,DET,CHI,,,,,,,,,,,,16449-21980:Alshon Jeffery,16449-21980,WR,Alshon,Jeffery,11.36666616,3,8200,DET@CHI,CHI,DET,Q,Knee,,,,,,,,,,16449-29501:Brandin Cooks,16449-29501,WR,Brandin,Cooks,14.53333282,3,8200,NO@SD,NO,SD,,,,,,,,,,,,16449-22037:Lamar Miller,16449-22037,RB,Lamar,Miller,12.36666616,3,8200,TEN@HOU,HOU,TEN,,,,,,,,,,,,16449-38791:Ezekiel Elliott,16449-38791,RB,Ezekiel,Elliott,14.13333384,3,8100,DAL@SF,DAL,SF,,,,,,,,,,,,16449-45859:Derek Carr,16449-45859,QB,Derek,Carr,20.0600001,3,8000,OAK@BAL,OAK,BAL,,,,,,,,,,,,16449-32384:Mike Evans,16449-32384,WR,Mike,Evans,19.53333282,3,8000,DEN@TB,TB,DEN,,,,,,,,,,,,16449-6748:Carson Palmer,16449-6748,QB,Carson,Palmer,16.86000061,3,8000,LA@ARI,ARI,LA,,,,,,,,,,,,16449-6616:Matt Ryan,16449-6616,QB,Matt,Ryan,24.36666616,3,7900,CAR@ATL,ATL,CAR,,,,,,,,,,,,16449-29249:C.J. Anderson,16449-29249,RB,C.J.,Anderson,16.43333308,3,7900,DEN@TB,DEN,TB,,,,,,,,,,,,16449-11432:Demaryius Thomas,16449-11432,WR,Demaryius,Thomas,12.43333308,3,7900,DEN@TB,DEN,TB,,,,,,,,,,,,16449-6914:Greg Olsen,16449-6914,TE,Greg,Olsen,13.63333384,3,7900,CAR@ATL,CAR,ATL,,,,,,,,,,,,16449-11435:Dez Bryant,16449-11435,WR,Dez,Bryant,8.833333333,3,7800,DAL@SF,DAL,SF,Q,Knee,,,,,,,,,,16449-30447:Todd Gurley,16449-30447,RB,Todd,Gurley,10.90000025,3,7700,LA@ARI,LA,ARI,,,,,,,,,,,,16449-6714:Joe Flacco,16449-6714,QB,Joe,Flacco,14.65333303,3,7700,OAK@BAL,BAL,OAK,,,,,,,,,,,,16449-24929:Kelvin Benjamin,16449-24929,WR,Kelvin,Benjamin,14.80000051,3,7700,CAR@ATL,CAR,ATL,,,,,,,,,,,,16449-54604:Jimmy Garoppolo,16449-54604,QB,Jimmy,Garoppolo,17.92000008,2,7600,BUF@NE,NE,BUF,Q,Shoulder,,,,,,,,,,16449-31001:Amari Cooper,16449-31001,WR,Amari,Cooper,12.16666667,3,7600,OAK@BAL,OAK,BAL,,,,,,,,,,,,16449-28900:Melvin Gordon,16449-28900,RB,Melvin,Gordon,17.66666667,3,7600,NO@SD,SD,NO,,,,,,,,,,,,16449-22103:Marvin Jones Jr.,16449-22103,WR,Marvin,Jones Jr.,20.59999975,3,7600,DET@CHI,DET,CHI,,,,,,,,,,,,16449-14377:Tyrod Taylor,16449-14377,QB,Tyrod,Taylor,16.09333293,3,7600,BUF@NE,BUF,NE,,,,,,,,,,,,16449-22038:Kirk Cousins,16449-22038,QB,Kirk,Cousins,16.95333354,3,7600,CLE@WAS,WAS,CLE,,,,,,,,,,,,16449-6779:LeSean McCoy,16449-6779,RB,LeSean,McCoy,17.03333282,3,7600,BUF@NE,BUF,NE,,,,,,,,,,,,16449-11779:LeGarrette Blount,16449-11779,RB,LeGarrette,Blount,17.26666641,3,7500,BUF@NE,NE,BUF,,,,,,,,,,,,16449-32418:Christine Michael,16449-32418,RB,Christine,Michael,13.43333308,3,7500,SEA@NYJ,SEA,NYJ,,,,,,,,,,,,16449-30298:Jordan Reed,16449-30298,TE,Jordan,Reed,9,3,7500,CLE@WAS,WAS,CLE,,,,,,,,,,,,16449-44449:Willie Snead,16449-44449,WR,Willie,Snead,20.79999924,2,7500,NO@SD,NO,SD,Q,Toe,,,,,,,,,,16449-6883:Larry Fitzgerald,16449-6883,WR,Larry,Fitzgerald,16.73333359,3,7500,LA@ARI,ARI,LA,,,,,,,,,,,,16449-6759:Brandon Marshall,16449-6759,WR,Brandon,Marshall,7.333333333,3,7500,SEA@NYJ,NYJ,SEA,,,,,,,,,,,,16449-28434:Trevor Siemian,16449-28434,QB,Trevor,Siemian,17.47999954,3,7400,DEN@TB,DEN,TB,,,,,,,,,,,,16449-29358:Marcus Mariota,16449-29358,QB,Marcus,Mariota,14.03999964,3,7400,TEN@HOU,TEN,HOU,,,,,,,,,,,,16449-11460:Rob Gronkowski,16449-11460,TE,Rob,Gronkowski,0,1,7400,BUF@NE,NE,BUF,Q,Hamstring,,,,,,,,,,16449-14626:Doug Baldwin,16449-14626,WR,Doug,Baldwin,16.40000025,3,7400,SEA@NYJ,SEA,NYJ,,,,,,,,,,,,16449-21994:Brock Osweiler,16449-21994,QB,Brock,Osweiler,12.73333359,3,7300,TEN@HOU,HOU,TEN,,,,,,,,,,,,16449-14254:DeMarco Murray,16449-14254,RB,DeMarco,Murray,20.73333359,3,7300,TEN@HOU,TEN,HOU,,,,,,,,,,,,16449-31716:Dak Prescott,16449-31716,QB,Dak,Prescott,17.36000061,3,7200,DAL@SF,DAL,SF,,,,,,,,,,,,16449-7859:Julian Edelman,16449-7859,WR,Julian,Edelman,10,3,7200,BUF@NE,NE,BUF,,,,,,,,,,,,16449-24920:Devonta Freeman,16449-24920,RB,Devonta,Freeman,14.83333333,3,7200,CAR@ATL,ATL,CAR,,,,,,,,,,,,16449-34331:Latavius Murray,16449-34331,RB,Latavius,Murray,14.36666616,3,7100,OAK@BAL,OAK,BAL,,,,,,,,,,,,16449-24849:Jameis Winston,16449-24849,QB,Jameis,Winston,20.55333328,3,7100,DEN@TB,TB,DEN,,,,,,,,,,,,16449-15212:Terrelle Pryor Sr.,16449-15212,WR,Terrelle,Pryor Sr.,13.63333384,3,7000,CLE@WAS,CLE,WAS,,,,,,,,,,,,16449-6728:Jamaal Charles,16449-6728,RB,Jamaal,Charles,18.11999969,5,7000,KC@PIT,KC,PIT,Q,Knee,,,,,,,,,,16449-7659:Ryan Fitzpatrick,16449-7659,QB,Ryan,Fitzpatrick,13.61333338,3,6900,SEA@NYJ,NYJ,SEA,,,,,,,,,,,,16449-7283:Jeremy Maclin,16449-7283,WR,Jeremy,Maclin,10,3,6900,KC@PIT,KC,PIT,,,,,,,,,,,,16449-11505:Emmanuel Sanders,16449-11505,WR,Emmanuel,Sanders,13.66666667,3,6900,DEN@TB,DEN,TB,,,,,,,,,,,,16449-8005:Alex Smith,16449-8005,QB,Alex,Smith,15.28000005,3,6900,KC@PIT,KC,PIT,,,,,,,,,,,,16449-6899:Matt Forte,16449-6899,RB,Matt,Forte,18.43333308,3,6900,SEA@NYJ,NYJ,SEA,Q,Knee,,,,,,,,,,16449-6739:DeSean Jackson,16449-6739,WR,DeSean,Jackson,12.26666641,3,6900,CLE@WAS,WAS,CLE,Q,Knee,,,,,,,,,,16449-14211:Mark Ingram,16449-14211,RB,Mark,Ingram,12.36666616,3,6800,NO@SD,NO,SD,,,,,,,,,,,,16449-28473:Carlos Hyde,16449-28473,RB,Carlos,Hyde,17.33333333,3,6800,DAL@SF,SF,DAL,,,,,,,,,,,,16449-11501:Eric Decker,16449-11501,WR,Eric,Decker,11.96666718,3,6800,SEA@NYJ,NYJ,SEA,Q,Shoulder,,,,,,,,,,16449-6803:Josh McCown,16449-6803,QB,Josh,McCown,16.39999962,1,6800,CLE@WAS,CLE,WAS,O,Collarbone,,,,,,,,,,16449-6607:Mike Wallace,16449-6607,WR,Mike,Wallace,13.73333359,3,6700,OAK@BAL,BAL,OAK,,,,,,,,,,,,16449-30231:Jacoby Brissett,16449-30231,QB,Jacoby,Brissett,9.899999619,2,6700,BUF@NE,NE,BUF,Q,Thumb,,,,,,,,,,16449-24641:Sammy Watkins,16449-24641,WR,Sammy,Watkins,4.650000095,2,6700,BUF@NE,BUF,NE,Q,Foot,,,,,,,,,,16449-42028:Will Fuller,16449-42028,WR,Will,Fuller,12.06666692,3,6700,TEN@HOU,HOU,TEN,,,,,,,,,,,,16449-6863:Delanie Walker,16449-6863,TE,Delanie,Walker,11.5,2,6700,TEN@HOU,TEN,HOU,Q,Hamstring,,,,,,,,,,16449-6898:Jay Cutler,16449-6898,QB,Jay,Cutler,8.06000042,2,6700,DET@CHI,CHI,DET,Q,Thumb,,,,,,,,,,16449-54684:Isaiah Crowell,16449-54684,RB,Isaiah,Crowell,14.66666667,3,6600,CLE@WAS,CLE,WAS,Q,Knee,,,,,,,,,,16449-30244:Matt Jones,16449-30244,RB,Matt,Jones,8.566666921,3,6600,CLE@WAS,WAS,CLE,,,,,,,,,,,,16449-33465:Theo Riddick,16449-33465,RB,Theo,Riddick,14.03333282,3,6600,DET@CHI,DET,CHI,,,,,,,,,,,,16449-22035:Travis Benjamin,16449-22035,WR,Travis,Benjamin,13.76666641,3,6600,NO@SD,SD,NO,,,,,,,,,,,,16449-33076:Travis Kelce,16449-33076,TE,Travis,Kelce,11.40000025,3,6500,KC@PIT,KC,PIT,,,,,,,,,,,,16449-21952:Michael Floyd,16449-21952,WR,Michael,Floyd,7.96666654,3,6500,LA@ARI,ARI,LA,Q,Concussion,,,,,,,,,,16449-31732:Corey Coleman,16449-31732,WR,Corey,Coleman,16.39999962,2,6500,CLE@WAS,CLE,WAS,O,Hand,,,,,,,,,,16449-6479:Anquan Boldin,16449-6479,WR,Anquan,Boldin,9.333333333,3,6500,DET@CHI,DET,CHI,,,,,,,,,,,,16449-22994:Case Keenum,16449-22994,QB,Case,Keenum,9.653333028,3,6500,LA@ARI,LA,ARI,,,,,,,,,,,,16449-9392:Michael Crabtree,16449-9392,WR,Michael,Crabtree,13.16666667,3,6500,OAK@BAL,OAK,BAL,,,,,,,,,,,,16449-31871:Charles Sims,16449-31871,RB,Charles,Sims,12.43333308,3,6500,DEN@TB,TB,DEN,,,,,,,,,,,,16449-6733:Jonathan Stewart,16449-6733,RB,Jonathan,Stewart,4.5,2,6500,CAR@ATL,CAR,ATL,O,Hamstring,,,,,,,,,,16449-21970:Doug Martin,16449-21970,RB,Doug,Martin,7.199999809,2,6400,DEN@TB,TB,DEN,O,Hamstring,,,,,,,,,,16449-14194:Blaine Gabbert,16449-14194,QB,Blaine,Gabbert,14.22666677,3,6400,DAL@SF,SF,DAL,,,,,,,,,,,,16449-11512:Jimmy Graham,16449-11512,TE,Jimmy,Graham,8.099999746,3,6400,SEA@NYJ,SEA,NYJ,Q,Knee,,,,,,,,,,16449-62535:Tyrell Williams,16449-62535,WR,Tyrell,Williams,10.53333346,3,6400,NO@SD,SD,NO,,,,,,,,,,,,16449-28202:Jeremy Langford,16449-28202,RB,Jeremy,Langford,8.933333079,3,6300,DET@CHI,CHI,DET,O,Ankle,,,,,,,,,,16449-29587:Cody Kessler,16449-29587,QB,Cody,Kessler,9.659999847,1,6300,CLE@WAS,CLE,WAS,,,,,,,,,,,,16449-6448:Martellus Bennett,16449-6448,TE,Martellus,Bennett,8.46666654,3,6300,BUF@NE,NE,BUF,,,,,,,,,,,,16449-32514:Trevone Boykin,16449-32514,QB,Trevone,Boykin,5.400000095,1,6200,SEA@NYJ,SEA,NYJ,,,,,,,,,,,,16449-54606:John Brown,16449-54606,WR,John,Brown,4.399999936,3,6200,LA@ARI,ARI,LA,,,,,,,,,,,,16449-31459:Spencer Ware,16449-31459,RB,Spencer,Ware,15.23333359,3,6200,KC@PIT,KC,PIT,,,,,,,,,,,,16449-11485:Golden Tate,16449-11485,WR,Golden,Tate,5.100000064,3,6200,DET@CHI,DET,CHI,,,,,,,,,,,,16449-22018:Mohamed Sanu,16449-22018,WR,Mohamed,Sanu,8.833333333,3,6200,CAR@ATL,ATL,CAR,Q,Shoulder,,,,,,,,,,16449-27050:Tyler Lockett,16449-27050,WR,Tyler,Lockett,5.03333346,3,6200,SEA@NYJ,SEA,NYJ,Q,Knee,,,,,,,,,,16449-27776:Tevin Coleman,16449-27776,RB,Tevin,Coleman,18.90000025,3,6100,CAR@ATL,ATL,CAR,Q,Ankle,,,,,,,,,,16449-6735:Steve Smith Sr.,16449-6735,WR,Steve,Smith Sr.,8.333333333,3,6100,OAK@BAL,BAL,OAK,,,,,,,,,,,,16449-21959:Brandon Weeden,16449-21959,QB,Brandon,Weeden,11.40333303,6,6000,TEN@HOU,HOU,TEN,,,,,,,,,,,,16449-6639:Tony Romo,16449-6639,QB,Tony,Romo,11.91499996,4,6000,DAL@SF,DAL,SF,O,Back,,,,,,,,,,16449-6641:Jason Witten,16449-6641,TE,Jason,Witten,7.066666921,3,6000,DAL@SF,DAL,SF,,,,,,,,,,,,16449-14231:Colin Kaepernick,16449-14231,QB,Colin,Kaepernick,12.79999966,9,6000,DAL@SF,SF,DAL,,,,,,,,,,,,16449-14267:Ryan Mallett,16449-14267,QB,Ryan,Mallett,10.99142892,7,6000,OAK@BAL,BAL,OAK,,,,,,,,,,,,16449-25410:Mike Glennon,16449-25410,QB,Mike,Glennon,0,0,6000,DEN@TB,TB,DEN,,,,,,,,,,,,16449-38435:Jared Goff,16449-38435,QB,Jared,Goff,0,0,6000,LA@ARI,LA,ARI,,,,,,,,,,,,16449-24755:Jamison Crowder,16449-24755,WR,Jamison,Crowder,12.5,3,6000,CLE@WAS,WAS,CLE,,,,,,,,,,,,16449-7970:Charlie Whitehurst,16449-7970,QB,Charlie,Whitehurst,1.274999976,4,6000,CLE@WAS,CLE,WAS,,,,,,,,,,,,16449-7872:Brian Hoyer,16449-7872,QB,Brian,Hoyer,11,2,6000,DET@CHI,CHI,DET,,,,,,,,,,,,16449-6679:Matt Schaub,16449-6679,QB,Matt,Schaub,15.30000019,2,6000,CAR@ATL,ATL,CAR,,,,,,,,,,,,16449-7778:Matt Cassel,16449-7778,QB,Matt,Cassel,-0.100000001,1,6000,TEN@HOU,TEN,HOU,,,,,,,,,,,,16449-22027:Nick Foles,16449-22027,QB,Nick,Foles,9.64363653,11,6000,KC@PIT,KC,PIT,,,,,,,,,,,,16449-6774:Pierre Garcon,16449-6774,WR,Pierre,Garcon,6.666666667,3,6000,CLE@WAS,WAS,CLE,,,,,,,,,,,,16449-6627:Ted Ginn Jr.,16449-6627,WR,Ted,Ginn Jr.,5.26666673,3,5900,CAR@ATL,CAR,ATL,,,,,,,,,,,,16449-6422:Gary Barnidge,16449-6422,TE,Gary,Barnidge,5.599999746,3,5900,CLE@WAS,CLE,WAS,,,,,,,,,,,,16449-6732:DeAngelo Williams,16449-6732,RB,DeAngelo,Williams,19.90000025,3,5900,KC@PIT,PIT,KC,,,,,,,,,,,,16449-25272:Eric Ebron,16449-25272,TE,Eric,Ebron,9.933333079,3,5800,DET@CHI,DET,CHI,Q,Ankle,,,,,,,,,,16449-29500:Markus Wheaton,16449-29500,WR,Markus,Wheaton,0.699999988,1,5800,KC@PIT,PIT,KC,,,,,,,,,,,,16449-37245:Fozzy Whittaker,16449-37245,RB,Fozzy,Whittaker,7.633333206,3,5800,CAR@ATL,CAR,ATL,,,,,,,,,,,,16449-26458:Tavon Austin,16449-26458,WR,Tavon,Austin,10.16666667,3,5800,LA@ARI,LA,ARI,Q,Shoulder,,,,,,,,,,16449-7965:Antonio Gates,16449-7965,TE,Antonio,Gates,6.25,2,5800,NO@SD,SD,NO,Q,Hamstring,,,,,,,,,,16449-6857:Justin Forsett,16449-6857,RB,Justin,Forsett,6.299999873,3,5800,OAK@BAL,BAL,OAK,,,,,,,,,,,,16449-28095:Thomas Rawls,16449-28095,RB,Thomas,Rawls,4.800000191,2,5800,SEA@NYJ,SEA,NYJ,O,Lower leg,,,,,,,,,,16449-38269:Cameron Artis-Payne,16449-38269,RB,Cameron,Artis-Payne,6.300000191,1,5700,CAR@ATL,CAR,ATL,,,,,,,,,,,,16449-14645:Dontrelle Inman,16449-14645,WR,Dontrelle,Inman,2.333333333,3,5700,NO@SD,SD,NO,,,,,,,,,,,,16449-14288:Torrey Smith,16449-14288,WR,Torrey,Smith,6.766666412,3,5600,DAL@SF,SF,DAL,,,,,,,,,,,,16449-27266:Quincy Enunwa,16449-27266,WR,Quincy,Enunwa,10.93333308,3,5600,SEA@NYJ,NYJ,SEA,,,,,,,,,,,,16449-47523:Tajae Sharpe,16449-47523,WR,Tajae,Sharpe,7.566666921,3,5600,TEN@HOU,TEN,HOU,Q,Hamstring,,,,,,,,,,16449-42142:Jordan Howard,16449-42142,RB,Jordan,Howard,7.650000095,2,5600,DET@CHI,CHI,DET,,,,,,,,,,,,16449-6535:Kenny Britt,16449-6535,WR,Kenny,Britt,8.299999873,3,5500,LA@ARI,LA,ARI,,,,,,,,,,,,16449-22848:Austin Davis,16449-22848,QB,Austin,Davis,7.393333435,3,5500,DEN@TB,DEN,TB,,,,,,,,,,,,16449-27405:Landry Jones,16449-27405,QB,Landry,Jones,3.717142923,7,5500,KC@PIT,PIT,KC,,,,,,,,,,,,16449-38514:Kevin White,16449-38514,WR,Kevin,White,6.866666794,3,5500,DET@CHI,CHI,DET,,,,,,,,,,,,16449-11500:Colt McCoy,16449-11500,QB,Colt,McCoy,8.819999695,1,5500,CLE@WAS,WAS,CLE,,,,,,,,,,,,16449-33463:Paxton Lynch,16449-33463,QB,Paxton,Lynch,0,0,5500,DEN@TB,DEN,TB,,,,,,,,,,,,16449-6664:Jacob Tamme,16449-6664,TE,Jacob,Tamme,9.46666654,3,5500,CAR@ATL,ATL,CAR,,,,,,,,,,,,16449-6768:Eddie Royal,16449-6768,WR,Eddie,Royal,10.16666667,3,5500,DET@CHI,CHI,DET,,,,,,,,,,,,16449-28677:Matt McGloin,16449-28677,QB,Matt,McGloin,5.340000153,2,5500,OAK@BAL,OAK,BAL,,,,,,,,,,,,16449-14336:Jacquizz Rodgers,16449-14336,RB,Jacquizz,Rodgers,2.849999905,2,5500,DEN@TB,TB,DEN,,,,,,,,,,,,16449-21971:Coby Fleener,16449-21971,TE,Coby,Fleener,8.46666654,3,5400,NO@SD,NO,SD,,,,,,,,,,,,16449-29685:Robert Woods,16449-29685,WR,Robert,Woods,4.53333346,3,5400,BUF@NE,BUF,NE,,,,,,,,,,,,16449-33244:Eli Rogers,16449-33244,WR,Eli,Rogers,6.833333333,3,5400,KC@PIT,PIT,KC,Q,Toe,,,,,,,,,,16449-54741:Seth Roberts,16449-54741,WR,Seth,Roberts,7.53333346,3,5400,OAK@BAL,OAK,BAL,,,,,,,,,,,,16449-31241:Sammie Coates,16449-31241,WR,Sammie,Coates,8.133333206,3,5400,KC@PIT,PIT,KC,,,,,,,,,,,,16449-14905:Kamar Aiken,16449-14905,WR,Kamar,Aiken,1.133333365,3,5400,OAK@BAL,BAL,OAK,Q,Thigh,,,,,,,,,,16449-25837:Duke Johnson Jr.,16449-25837,RB,Duke,Johnson Jr.,8.233333588,3,5400,CLE@WAS,CLE,WAS,,,,,,,,,,,,16449-8117:Danny Amendola,16449-8117,WR,Danny,Amendola,8.799999873,3,5400,BUF@NE,NE,BUF,,,,,,,,,,,,16449-11532:Dennis Pitta,16449-11532,TE,Dennis,Pitta,9.099999746,3,5400,OAK@BAL,BAL,OAK,,,,,,,,,,,,16449-54782:Cameron Brate,16449-54782,TE,Cameron,Brate,8.900000254,3,5300,DEN@TB,TB,DEN,,,,,,,,,,,,16449-28573:Michael Thomas,16449-28573,WR,Michael,Thomas,11,3,5300,NO@SD,NO,SD,,,,,,,,,,,,16449-12546:Arizona Cardinals,16449-12546,D,Arizona,Cardinals,12.33333333,3,5300,LA@ARI,ARI,LA,,,,,,,,,,,,16449-32243:Marquise Goodwin,16449-32243,WR,Marquise,Goodwin,9.649999619,2,5300,BUF@NE,BUF,NE,,,,,,,,,,,,16449-28930:James White,16449-28930,RB,James,White,4.23333327,3,5300,BUF@NE,NE,BUF,,,,,,,,,,,,16449-28080:Devin Funchess,16449-28080,WR,Devin,Funchess,3.433333397,3,5300,CAR@ATL,CAR,ATL,,,,,,,,,,,,16449-14198:Christian Ponder,16449-14198,QB,Christian,Ponder,0,0,5200,DAL@SF,SF,DAL,,,,,,,,,,,,16449-39580:Devontae Booker,16449-39580,RB,Devontae,Booker,2.466666698,3,5200,DEN@TB,DEN,TB,,,,,,,,,,,,16449-14704:Chris Hogan,16449-14704,WR,Chris,Hogan,7.400000254,3,5200,BUF@NE,NE,BUF,,,,,,,,,,,,16449-22288:Cole Beasley,16449-22288,WR,Cole,Beasley,10.43333308,3,5200,DAL@SF,DAL,SF,,,,,,,,,,,,16449-7900:Stephen Gostkowski,16449-7900,K,Stephen,Gostkowski,10,3,5200,BUF@NE,NE,BUF,,,,,,,,,,,,16449-12531:Denver Broncos,16449-12531,D,Denver,Broncos,12.33333333,3,5200,DEN@TB,DEN,TB,,,,,,,,,,,,16449-22113:Alfred Morris,16449-22113,RB,Alfred,Morris,6.266666412,3,5200,DAL@SF,DAL,SF,,,,,,,,,,,,16449-24891:Chris Thompson,16449-24891,RB,Chris,Thompson,6.766666412,3,5200,CLE@WAS,WAS,CLE,,,,,,,,,,,,16449-14349:Jeremy Kerley,16449-14349,WR,Jeremy,Kerley,5.799999873,3,5200,DAL@SF,SF,DAL,,,,,,,,,,,,16449-7953:Vincent Jackson,16449-7953,WR,Vincent,Jackson,4.799999873,3,5100,DEN@TB,TB,DEN,,,,,,,,,,,,16449-23045:Justin Tucker,16449-23045,K,Justin,Tucker,13.66666667,3,5100,OAK@BAL,BAL,OAK,,,,,,,,,,,,16449-6681:Andre Johnson,16449-6681,WR,Andre,Johnson,3.96666654,3,5100,TEN@HOU,TEN,HOU,,,,,,,,,,,,16449-14362:Charles Clay,16449-14362,TE,Charles,Clay,3.399999936,3,5100,BUF@NE,BUF,NE,Q,Knee,,,,,,,,,,16449-30652:Tanner McEvoy,16449-30652,QB,Tanner,McEvoy,0,1,5000,SEA@NYJ,SEA,NYJ,,,,,,,,,,,,16449-28163:Connor Cook,16449-28163,QB,Connor,Cook,0,0,5000,OAK@BAL,OAK,BAL,,,,,,,,,,,,16449-43956:David Fales,16449-43956,QB,David,Fales,0,0,5000,OAK@BAL,BAL,OAK,,,,,,,,,,,,16449-41732:Christian Hackenberg,16449-41732,QB,Christian,Hackenberg,0,0,5000,SEA@NYJ,NYJ,SEA,,,,,,,,,,,,16449-29605:Matt Barkley,16449-29605,QB,Matt,Barkley,0,0,5000,DET@CHI,CHI,DET,,,,,,,,,,,,16449-45797:Garrett Grayson,16449-45797,QB,Garrett,Grayson,0,1,5000,NO@SD,NO,SD,,,,,,,,,,,,16449-34295:Breshad Perriman,16449-34295,WR,Breshad,Perriman,3.866666794,3,5000,OAK@BAL,BAL,OAK,,,,,,,,,,,,16449-29445:Sean Mannion,16449-29445,QB,Sean,Mannion,1.24000001,1,5000,LA@ARI,LA,ARI,,,,,,,,,,,,16449-14320:Bilal Powell,16449-14320,RB,Bilal,Powell,4.899999936,3,5000,SEA@NYJ,NYJ,SEA,,,,,,,,,,,,16449-54705:Dustin Vaughan,16449-54705,QB,Dustin,Vaughan,0,0,5000,KC@PIT,PIT,KC,,,,,,,,,,,,16449-28515:Cardale Jones,16449-28515,QB,Cardale,Jones,0,0,5000,BUF@NE,BUF,NE,Q,Shoulder,,,,,,,,,,16449-6373:Derek Anderson,16449-6373,QB,Derek,Anderson,0.119999997,1,5000,CAR@ATL,CAR,ATL,,,,,,,,,,,,16449-54687:Charcandrick West,16449-54687,RB,Charcandrick,West,4.899999936,3,5000,KC@PIT,KC,PIT,Q,Ankle,,,,,,,,,,16449-32366:Jameill Showers,16449-32366,QB,Jameill,Showers,0,0,5000,DAL@SF,DAL,SF,,,,,,,,,,,,16449-26483:Geno Smith,16449-26483,QB,Geno,Smith,21,1,5000,SEA@NYJ,NYJ,SEA,,,,,,,,,,,,16449-39280:Derrick Henry,16449-39280,RB,Derrick,Henry,5.100000064,3,5000,TEN@HOU,TEN,HOU,,,,,,,,,,,,16449-31421:Zach Mettenberger,16449-31421,QB,Zach,Mettenberger,7.028571538,7,5000,KC@PIT,PIT,KC,,,,,,,,,,,,16449-62616:Zach Zenner,16449-62616,RB,Zach,Zenner,2.025000095,4,5000,DET@CHI,DET,CHI,,,,,,,,,,,,16449-8071:Dan Orlovsky,16449-8071,QB,Dan,Orlovsky,5.519999981,2,5000,DET@CHI,DET,CHI,,,,,,,,,,,,16449-12550:Seattle Seahawks,16449-12550,D,Seattle,Seahawks,7,3,5000,SEA@NYJ,SEA,NYJ,,,,,,,,,,,,16449-27801:Nate Sudfeld,16449-27801,QB,Nate,Sudfeld,0,0,5000,CLE@WAS,WAS,CLE,,,,,,,,,,,,16449-33702:Ryan Griffin,16449-33702,QB,Ryan,Griffin,0,0,5000,DEN@TB,TB,DEN,,,,,,,,,,,,16449-24671:Adam Humphries,16449-24671,WR,Adam,Humphries,9.933333079,3,5000,DEN@TB,TB,DEN,,,,,,,,,,,,16449-26877:Jake Heaps,16449-26877,QB,Jake,Heaps,0,0,5000,SEA@NYJ,SEA,NYJ,,,,,,,,,,,,16449-8050:Zach Miller,16449-8050,TE,Zach,Miller,10.66666667,3,5000,DET@CHI,CHI,DET,,,,,,,,,,,,16449-8051:Luke McCown,16449-8051,QB,Luke,McCown,6.199999809,2,5000,NO@SD,NO,SD,,,,,,,,,,,,16449-70127:Griffin Neal,16449-70127,QB,Griffin,Neal,0,0,5000,NO@SD,NO,SD,,,,,,,,,,,,16449-31798:Bryce Petty,16449-31798,QB,Bryce,Petty,0,0,5000,SEA@NYJ,NYJ,SEA,Q,Shoulder,,,,,,,,,,16449-22258:Travaris Cadet,16449-22258,RB,Travaris,Cadet,5.96666654,3,5000,NO@SD,NO,SD,,,,,,,,,,,,16449-30788:Tyler Bray,16449-30788,QB,Tyler,Bray,0,0,5000,KC@PIT,KC,PIT,,,,,,,,,,,,16449-7919:Kellen Clemens,16449-7919,QB,Kellen,Clemens,-0.100000001,1,5000,NO@SD,SD,NO,,,,,,,,,,,,16449-27982:Jake Rudock,16449-27982,QB,Jake,Rudock,0,0,5000,DET@CHI,DET,CHI,,,,,,,,,,,,16449-22163:Rishard Matthews,16449-22163,WR,Rishard,Matthews,4.933333397,3,5000,TEN@HOU,TEN,HOU,,,,,,,,,,,,16449-6687:Mark Sanchez,16449-6687,QB,Mark,Sanchez,12.28000005,3,5000,DAL@SF,DAL,SF,,,,,,,,,,,,16449-7744:Drew Stanton,16449-7744,QB,Drew,Stanton,0.439999998,1,5000,LA@ARI,ARI,LA,,,,,,,,,,,,16449-24949:EJ Manuel,16449-24949,QB,EJ,Manuel,0.600000024,1,5000,BUF@NE,BUF,NE,,,,,,,,,,,,16449-11615:Joe Webb,16449-11615,QB,Joe,Webb,-0.02,5,5000,CAR@ATL,CAR,ATL,,,,,,,,,,,,16449-25969:Tom Savage,16449-25969,QB,Tom,Savage,0,0,5000,TEN@HOU,HOU,TEN,,,,,,,,,,,,16449-34459:B.J. Daniels,16449-34459,QB,B.J.,Daniels,0.920000017,4,5000,DET@CHI,CHI,DET,,,,,,,,,,,,16449-6566:Chris Johnson,16449-6566,RB,Chris,Johnson,4.03333346,3,4900,LA@ARI,ARI,LA,,,,,,,,,,,,16449-6643:Reggie Bush,16449-6643,RB,Reggie,Bush,-0.400000006,1,4900,BUF@NE,BUF,NE,,,,,,,,,,,,16449-33137:Justin Hardy,16449-33137,WR,Justin,Hardy,5.799999873,3,4900,CAR@ATL,ATL,CAR,,,,,,,,,,,,16449-30237:Mike Gillislee,16449-30237,RB,Mike,Gillislee,3.46666654,3,4900,BUF@NE,BUF,NE,,,,,,,,,,,,16449-54607:Terrance West,16449-54607,RB,Terrance,West,5.599999746,3,4900,OAK@BAL,BAL,OAK,,,,,,,,,,,,16449-33578:Jalen Richard,16449-33578,RB,Jalen,Richard,8.099999746,3,4900,OAK@BAL,OAK,BAL,,,,,,,,,,,,16449-25775:Clive Walford,16449-25775,TE,Clive,Walford,7.233333588,3,4900,OAK@BAL,OAK,BAL,,,,,,,,,,,,16449-12556:Houston Texans,16449-12556,D,Houston,Texans,7.666666667,3,4900,TEN@HOU,HOU,TEN,,,,,,,,,,,,16449-33714:Cairo Santos,16449-33714,K,Cairo,Santos,10.33333333,3,4900,KC@PIT,KC,PIT,,,,,,,,,,,,16449-22292:Lance Dunbar,16449-22292,RB,Lance,Dunbar,4.133333206,3,4900,DAL@SF,DAL,SF,,,,,,,,,,,,16449-7975:Mike Tolbert,16449-7975,RB,Mike,Tolbert,2.199999968,3,4900,CAR@ATL,CAR,ATL,,,,,,,,,,,,16449-22219:Jermaine Kearse,16449-22219,WR,Jermaine,Kearse,4.133333206,3,4900,SEA@NYJ,SEA,NYJ,,,,,,,,,,,,16449-14394:Virgil Green,16449-14394,TE,Virgil,Green,5.449999809,2,4900,DEN@TB,DEN,TB,Q,Calf,,,,,,,,,,16449-33472:C.J. Prosise,16449-33472,RB,C.J.,Prosise,1.600000024,1,4900,SEA@NYJ,SEA,NYJ,,,,,,,,,,,,16449-26247:Brandon McManus,16449-26247,K,Brandon,McManus,7.666666667,3,4800,DEN@TB,DEN,TB,,,,,,,,,,,,16449-21957:Kendall Wright,16449-21957,WR,Kendall,Wright,7.85,10,4800,TEN@HOU,TEN,HOU,,,,,,,,,,,,16449-32564:Josh Doctson,16449-32564,WR,Josh,Doctson,3.799999952,2,4800,CLE@WAS,WAS,CLE,Q,Achilles,,,,,,,,,,16449-32613:DeAndre Washington,16449-32613,RB,DeAndre,Washington,5.100000064,3,4800,OAK@BAL,OAK,BAL,,,,,,,,,,,,16449-15006:Shaun Draughn,16449-15006,RB,Shaun,Draughn,4.133333206,3,4800,DAL@SF,SF,DAL,,,,,,,,,,,,16449-30403:Chris Conley,16449-30403,WR,Chris,Conley,4.899999936,3,4800,KC@PIT,KC,PIT,,,,,,,,,,,,16449-28486:Corey Brown,16449-28486,WR,Corey,Brown,4.100000064,3,4800,CAR@ATL,CAR,ATL,,,,,,,,,,,,16449-29183:D.J. Foster,16449-29183,RB,D.J.,Foster,1.399999976,1,4800,BUF@NE,NE,BUF,,,,,,,,,,,,16449-32058:Chris Boswell,16449-32058,K,Chris,Boswell,6.666666667,3,4800,KC@PIT,PIT,KC,,,,,,,,,,,,16449-12547:Pittsburgh Steelers,16449-12547,D,Pittsburgh,Steelers,3.333333333,3,4800,KC@PIT,PIT,KC,,,,,,,,,,,,16449-12553:Carolina Panthers,16449-12553,D,Carolina,Panthers,8.333333333,3,4800,CAR@ATL,CAR,ATL,,,,,,,,,,,,16449-39427:Quinton Patton,16449-39427,WR,Quinton,Patton,4.600000064,3,4800,DAL@SF,SF,DAL,,,,,,,,,,,,16449-33766:Rob Kelley,16449-33766,RB,Rob,Kelley,0.699999988,1,4800,CLE@WAS,WAS,CLE,,,,,,,,,,,,16449-10744:Graham Gano,16449-10744,K,Graham,Gano,10.66666667,3,4800,CAR@ATL,CAR,ATL,,,,,,,,,,,,16449-6660:Donald Brown,16449-6660,RB,Donald,Brown,6.950000127,6,4800,BUF@NE,NE,BUF,,,,,,,,,,,,16449-6724:Steven Hauschka,16449-6724,K,Steven,Hauschka,7.333333333,3,4800,SEA@NYJ,SEA,NYJ,,,,,,,,,,,,16449-22898:Brandon Bolden,16449-22898,RB,Brandon,Bolden,0.400000006,1,4700,BUF@NE,NE,BUF,,,,,,,,,,,,16449-39373:Jaelen Strong,16449-39373,WR,Jaelen,Strong,1,2,4700,TEN@HOU,HOU,TEN,,,,,,,,,,,,16449-38301:Darren Fells,16449-38301,TE,Darren,Fells,3.799999952,2,4700,LA@ARI,ARI,LA,,,,,,,,,,,,16449-31406:Alfred Blue,16449-31406,RB,Alfred,Blue,0.900000016,3,4700,TEN@HOU,HOU,TEN,,,,,,,,,,,,16449-32045:Vance McDonald,16449-32045,TE,Vance,McDonald,7.933333079,3,4700,DAL@SF,SF,DAL,Q,Hip,,,,,,,,,,16449-48344:Albert Wilson,16449-48344,WR,Albert,Wilson,1.850000024,2,4700,KC@PIT,KC,PIT,,,,,,,,,,,,16449-39649:Benny Cunningham,16449-39649,RB,Benny,Cunningham,2.366666635,3,4700,LA@ARI,LA,ARI,,,,,,,,,,,,16449-29003:Ka'Deem Carey,16449-29003,RB,Ka'Deem,Carey,0.75,2,4700,DET@CHI,CHI,DET,Q,Hamstring,,,,,,,,,,16449-24589:Jaron Brown,16449-24589,WR,Jaron,Brown,7.833333333,3,4700,LA@ARI,ARI,LA,,,,,,,,,,,,16449-6828:Tim Hightower,16449-6828,RB,Tim,Hightower,1.433333397,3,4700,NO@SD,NO,SD,,,,,,,,,,,,16449-6823:John Phillips,16449-6823,TE,John,Phillips,7.900000095,1,4700,DEN@TB,DEN,TB,,,,,,,,,,,,16449-7831:Sebastian Janikowski,16449-7831,K,Sebastian,Janikowski,6.333333333,3,4700,OAK@BAL,OAK,BAL,,,,,,,,,,,,16449-6904:Devin Hester,16449-6904,WR,Devin,Hester,-0.666666667,3,4700,OAK@BAL,BAL,OAK,,,,,,,,,,,,16449-12530:Dallas Cowboys,16449-12530,D,Dallas,Cowboys,5,3,4700,DAL@SF,DAL,SF,,,,,,,,,,,,16449-38790:Jalin Marshall,16449-38790,WR,Jalin,Marshall,1.633333365,3,4700,SEA@NYJ,NYJ,SEA,O,Shoulder,,,,,,,,,,16449-6782:Matt Prater,16449-6782,K,Matt,Prater,9.333333333,3,4700,DET@CHI,DET,CHI,,,,,,,,,,,,16449-29645:Javorius Allen,16449-29645,RB,Javorius,Allen,7.699999809,16,4600,OAK@BAL,BAL,OAK,,,,,,,,,,,,16449-34154:J.J. Nelson,16449-34154,WR,J.J.,Nelson,1.600000024,1,4600,LA@ARI,ARI,LA,,,,,,,,,,,,16449-32674:Jace Amaro,16449-32674,TE,Jace,Amaro,7.400000095,1,4600,TEN@HOU,TEN,HOU,,,,,,,,,,,,16449-14307:Cecil Shorts III,16449-14307,WR,Cecil,Shorts III,1.700000048,1,4600,DEN@TB,TB,DEN,Q,Hamstring,,,,,,,,,,16449-31261:Tre Mason,16449-31261,RB,Tre,Mason,3.269230769,13,4600,LA@ARI,LA,ARI,O,Personal,,,,,,,,,,16449-29351:De'Anthony Thomas,16449-29351,WR,De'Anthony,Thomas,3.590000153,10,4600,KC@PIT,KC,PIT,,,,,,,,,,,,16449-14952:Dan Bailey,16449-14952,K,Dan,Bailey,11.33333333,3,4600,DAL@SF,DAL,SF,,,,,,,,,,,,16449-30108:Marquess Wilson,16449-30108,WR,Marquess,Wilson,6.036363775,11,4600,DET@CHI,CHI,DET,NA,Foot,,,,,,,,,,16449-14761:Andre Holmes,16449-14761,WR,Andre,Holmes,2.799999873,3,4600,OAK@BAL,OAK,BAL,,,,,,,,,,,,16449-12552:Washington Redskins,16449-12552,D,Washington,Redskins,4.333333333,3,4600,CLE@WAS,WAS,CLE,,,,,,,,,,,,16449-33703:Ryan Grant,16449-33703,WR,Ryan,Grant,0.333333333,3,4600,CLE@WAS,WAS,CLE,,,,,,,,,,,,16449-24682:Andre Ellington,16449-24682,RB,Andre,Ellington,1.133333365,3,4600,LA@ARI,ARI,LA,,,,,,,,,,,,16449-24569:Chandler Catanzaro,16449-24569,K,Chandler,Catanzaro,6.666666667,3,4600,LA@ARI,ARI,LA,,,,,,,,,,,,16449-10647:Matt Bryant,16449-10647,K,Matt,Bryant,9.333333333,3,4600,CAR@ATL,ATL,CAR,,,,,,,,,,,,16449-31836:Terrance Williams,16449-31836,WR,Terrance,Williams,6.849999905,2,4600,DAL@SF,DAL,SF,,,,,,,,,,,,16449-26094:Brandon Coleman,16449-26094,WR,Brandon,Coleman,6.900000095,2,4600,NO@SD,NO,SD,,,,,,,,,,,,16449-10531:Jordan Norwood,16449-10531,WR,Jordan,Norwood,1.300000032,3,4600,DEN@TB,DEN,TB,,,,,,,,,,,,16449-47828:Antonio Andrews,16449-47828,RB,Antonio,Andrews,0,1,4500,TEN@HOU,TEN,HOU,,,,,,,,,,,,16449-29655:Soma Vainuku,16449-29655,RB,Soma,Vainuku,0,0,4500,TEN@HOU,HOU,TEN,,,,,,,,,,,,16449-22010:DeVier Posey,16449-22010,WR,DeVier,Posey,0,0,4500,DEN@TB,DEN,TB,,,,,,,,,,,,16449-6567:David Johnson,16449-6567,TE,David,Johnson,1,1,4500,KC@PIT,PIT,KC,,,,,,,,,,,,16449-70423:Anthony Norris,16449-70423,TE,Anthony,Norris,0,0,4500,DEN@TB,DEN,TB,,,,,,,,,,,,16449-30598:Busta Anderson,16449-30598,TE,Busta,Anderson,0,0,4500,DAL@SF,SF,DAL,,,,,,,,,,,,16449-33037:Kenbrell Thompkins,16449-33037,WR,Kenbrell,Thompkins,4.166666667,6,4500,SEA@NYJ,NYJ,SEA,,,,,,,,,,,,16449-21972:Brian Quick,16449-21972,WR,Brian,Quick,5.799999873,3,4500,LA@ARI,LA,ARI,,,,,,,,,,,,16449-70444:Paul McRoberts,16449-70444,WR,Paul,McRoberts,0,0,4500,LA@ARI,LA,ARI,,,,,,,,,,,,16449-26251:Robby Anderson,16449-26251,WR,Robby,Anderson,4.400000095,1,4500,SEA@NYJ,NYJ,SEA,,,,,,,,,,,,16449-32551:Kolby Listenbee,16449-32551,WR,Kolby,Listenbee,0,0,4500,BUF@NE,BUF,NE,O,Pelvis,,,,,,,,,,16449-47870:Tyler Higbee,16449-47870,TE,Tyler,Higbee,0.699999988,1,4500,LA@ARI,LA,ARI,,,,,,,,,,,,16449-64104:Terrell Watson,16449-64104,RB,Terrell,Watson,0,0,4500,CLE@WAS,CLE,WAS,,,,,,,,,,,,16449-29672:Silas Redd Jr.,16449-29672,RB,Silas,Redd Jr.,0,0,4500,CLE@WAS,WAS,CLE,O,Suspension,,,,,,,,,,16449-30635:Mike Davis,16449-30635,RB,Mike,Davis,0.800000012,2,4500,DAL@SF,SF,DAL,,,,,,,,,,,,16449-45683:Kapri Bibbs,16449-45683,RB,Kapri,Bibbs,0.899999976,2,4500,DEN@TB,DEN,TB,,,,,,,,,,,,16449-70457:Cole Wick,16449-70457,TE,Cole,Wick,1.399999976,2,4500,DET@CHI,DET,CHI,,,,,,,,,,,,16449-29592:Xavier Grimble,16449-29592,TE,Xavier,Grimble,9.600000381,1,4500,KC@PIT,PIT,KC,,,,,,,,,,,,16449-30678:Damiere Byrd,16449-30678,WR,Damiere,Byrd,0,0,4500,CAR@ATL,CAR,ATL,,,,,,,,,,,,16449-40126:Austin Hooper,16449-40126,TE,Austin,Hooper,5.900000095,2,4500,CAR@ATL,ATL,CAR,,,,,,,,,,,,16449-39153:Ifeanyi Momah,16449-39153,TE,Ifeanyi,Momah,0,0,4500,LA@ARI,ARI,LA,,,,,,,,,,,,16449-30684:Brandon Wilds,16449-30684,RB,Brandon,Wilds,0,0,4500,SEA@NYJ,NYJ,SEA,,,,,,,,,,,,16449-34073:Ryan Griffin,16449-34073,TE,Ryan,Griffin,4.299999873,3,4500,TEN@HOU,HOU,TEN,,,,,,,,,,,,16449-27199:Marcus Murphy,16449-27199,RB,Marcus,Murphy,0,1,4500,NO@SD,NO,SD,,,,,,,,,,,,16449-6653:Jerome Felton,16449-6653,RB,Jerome,Felton,0,1,4500,BUF@NE,BUF,NE,,,,,,,,,,,,16449-34051:Deshon Foxx,16449-34051,WR,Deshon,Foxx,0,0,4500,SEA@NYJ,SEA,NYJ,,,,,,,,,,,,16449-29583:Randall Telfer,16449-29583,TE,Randall,Telfer,0,0,4500,CLE@WAS,CLE,WAS,,,,,,,,,,,,16449-70489:Ben Braunecker,16449-70489,TE,Ben,Braunecker,0,0,4500,DET@CHI,CHI,DET,,,,,,,,,,,,16449-43961:Tyler Ervin,16449-43961,RB,Tyler,Ervin,-0.233333329,3,4500,TEN@HOU,HOU,TEN,,,,,,,,,,,,16449-6642:Nick Folk,16449-6642,K,Nick,Folk,9,3,4500,SEA@NYJ,NYJ,SEA,,,,,,,,,,,,16449-30667:Justice Cunningham,16449-30667,TE,Justice,Cunningham,0,2,4500,LA@ARI,LA,ARI,,,,,,,,,,,,16449-22849:Cory Harkey,16449-22849,TE,Cory,Harkey,0.849999984,6,4500,LA@ARI,LA,ARI,,,,,,,,,,,,16449-25225:Quinshad Davis,16449-25225,WR,Quinshad,Davis,0,0,4500,DET@CHI,DET,CHI,,,,,,,,,,,,16449-29624:Tre Madden,16449-29624,RB,Tre,Madden,0,0,4500,SEA@NYJ,SEA,NYJ,IR,Undisclosed,,,,,,,,,,16449-28249:David Cobb,16449-28249,RB,David,Cobb,2.985714231,7,4500,KC@PIT,PIT,KC,,,,,,,,,,,,16449-70506:Ryan O'Malley,16449-70506,TE,Ryan,O'Malley,0,0,4500,OAK@BAL,OAK,BAL,,,,,,,,,,,,16449-6595:Matt Spaeth,16449-6595,TE,Matt,Spaeth,0.666666667,3,4500,KC@PIT,PIT,KC,,,,,,,,,,,,16449-6622:Eric Weems,16449-6622,WR,Eric,Weems,0,3,4500,CAR@ATL,ATL,CAR,,,,,,,,,,,,16449-32632:Bradley Marquez,16449-32632,WR,Bradley,Marquez,1.700000048,1,4500,LA@ARI,LA,ARI,,,,,,,,,,,,16449-28226:Aaron Burbridge,16449-28226,WR,Aaron,Burbridge,0,1,4500,DAL@SF,SF,DAL,,,,,,,,,,,,16449-72676:Troymaine Pope,16449-72676,RB,Troymaine,Pope,0,0,4500,SEA@NYJ,NYJ,SEA,,,,,,,,,,,,16449-22959:Deonte Thompson,16449-22959,WR,Deonte,Thompson,0,3,4500,DET@CHI,CHI,DET,,,,,,,,,,,,16449-28346:Maxx Williams,16449-28346,TE,Maxx,Williams,4.066666603,12,4500,OAK@BAL,BAL,OAK,,,,,,,,,,,,16449-15178:Chase Reynolds,16449-15178,RB,Chase,Reynolds,0,2,4500,LA@ARI,LA,ARI,,,,,,,,,,,,16449-70553:Kieran Duncan,16449-70553,WR,Kieran,Duncan,0,0,4500,DET@CHI,CHI,DET,,,,,,,,,,,,16449-31703:Malcolm Johnson,16449-31703,RB,Malcolm,Johnson,1.350000024,2,4500,CLE@WAS,CLE,WAS,,,,,,,,,,,,16449-45791:Rashard Higgins,16449-45791,WR,Rashard,Higgins,0,2,4500,CLE@WAS,CLE,WAS,,,,,,,,,,,,16449-46767:Je'Ron Hamm,16449-46767,TE,Je'Ron,Hamm,0,1,4500,DAL@SF,SF,DAL,,,,,,,,,,,,16449-22920:Derek Carrier,16449-22920,TE,Derek,Carrier,2.600000035,11,4500,CLE@WAS,WAS,CLE,NA,Knee,,,,,,,,,,16449-34288:Rannell Hall,16449-34288,WR,Rannell,Hall,0,1,4500,CLE@WAS,CLE,WAS,IR,Leg,,,,,,,,,,16449-45809:Kivon Cartwright,16449-45809,TE,Kivon,Cartwright,0,0,4500,DEN@TB,TB,DEN,,,,,,,,,,,,16449-29540:Terron Ward,16449-29540,RB,Terron,Ward,2.729999924,10,4500,CAR@ATL,ATL,CAR,,,,,,,,,,,,16449-22938:Rod Streater,16449-22938,WR,Rod,Streater,2.099999905,2,4500,DAL@SF,SF,DAL,,,,,,,,,,,,16449-14240:Lance Kendricks,16449-14240,TE,Lance,Kendricks,3.53333346,3,4500,LA@ARI,LA,ARI,,,,,,,,,,,,16449-6427:Connor Barth,16449-6427,K,Connor,Barth,3,3,4500,DET@CHI,CHI,DET,,,,,,,,,,,,16449-45821:Isaiah Burse,16449-45821,WR,Isaiah,Burse,0,0,4500,NO@SD,SD,NO,,,,,,,,,,,,16449-23023:Cooper Helfet,16449-23023,TE,Cooper,Helfet,2.785714286,7,4500,SEA@NYJ,SEA,NYJ,,,,,,,,,,,,16449-14297:Greg Salas,16449-14297,WR,Greg,Salas,8.449999809,2,4500,BUF@NE,BUF,NE,Q,Groin,,,,,,,,,,16449-28408:Kyle Prater,16449-28408,WR,Kyle,Prater,0,0,4500,NO@SD,NO,SD,,,,,,,,,,,,16449-14274:Rob Housler,16449-14274,TE,Rob,Housler,1.060000038,5,4500,DET@CHI,CHI,DET,,,,,,,,,,,,16449-33218:Bryce Williams,16449-33218,TE,Bryce,Williams,0,0,4500,LA@ARI,LA,ARI,,,,,,,,,,,,16449-14277:Vincent Brown,16449-14277,WR,Vincent,Brown,2.700000048,1,4500,NO@SD,NO,SD,,,,,,,,,,,,16449-45723:Crockett Gillmore,16449-45723,TE,Crockett,Gillmore,1.850000024,2,4500,OAK@BAL,BAL,OAK,,,,,,,,,,,,16449-43826:Tommylee Lewis,16449-43826,WR,Tommylee,Lewis,3.150000095,2,4500,NO@SD,NO,SD,,,,,,,,,,,,16449-14327:Anthony Sherman,16449-14327,RB,Anthony,Sherman,0.800000012,1,4500,KC@PIT,KC,PIT,,,,,,,,,,,,16449-22991:Jonathan Grimes,16449-22991,RB,Jonathan,Grimes,3.25,2,4500,TEN@HOU,HOU,TEN,Q,Ankle,,,,,,,,,,16449-54280:Duke Williams,16449-54280,WR,Duke,Williams,0,0,4500,LA@ARI,LA,ARI,,,,,,,,,,,,16449-23003:Phillip Supernaw,16449-23003,TE,Phillip,Supernaw,0.600000024,2,4500,TEN@HOU,TEN,HOU,,,,,,,,,,,,16449-14304:Luke Stocker,16449-14304,TE,Luke,Stocker,2.075000048,8,4500,DEN@TB,TB,DEN,Q,Ankle,,,,,,,,,,16449-27273:Andy Janovich,16449-27273,RB,Andy,Janovich,4.133333206,3,4500,DEN@TB,DEN,TB,,,,,,,,,,,,16449-14305:Roy Helu Jr.,16449-14305,RB,Roy,Helu Jr.,2.737499952,8,4500,OAK@BAL,OAK,BAL,,,,,,,,,,,,16449-29477:Connor Hamlett,16449-29477,TE,Connor,Hamlett,0,0,4500,CLE@WAS,CLE,WAS,,,,,,,,,,,,16449-44893:Roosevelt Nix,16449-44893,RB,Roosevelt,Nix,0.866666635,3,4500,KC@PIT,PIT,KC,Q,Back,,,,,,,,,,16449-14319:Taiwan Jones,16449-14319,RB,Taiwan,Jones,0.633333325,3,4500,OAK@BAL,OAK,BAL,Q,Knee,,,,,,,,,,16449-6488:Dwayne Bowe,16449-6488,WR,Dwayne,Bowe,1.114285742,7,4500,CLE@WAS,CLE,WAS,,,,,,,,,,,,16449-53681:Tyreek Hill,16449-53681,RB,Tyreek,Hill,4.299999873,3,4500,KC@PIT,KC,PIT,,,,,,,,,,,,16449-12872:James Develin,16449-12872,RB,James,Develin,0,0,4500,BUF@NE,NE,BUF,,,,,,,,,,,,16449-38264:Demarcus Robinson,16449-38264,WR,Demarcus,Robinson,0,0,4500,KC@PIT,KC,PIT,,,,,,,,,,,,16449-31321:Jay Prosch,16449-31321,RB,Jay,Prosch,0.200000003,1,4500,TEN@HOU,HOU,TEN,,,,,,,,,,,,16449-10030:Harry Douglas,16449-10030,WR,Harry,Douglas,3.049999952,2,4500,TEN@HOU,TEN,HOU,,,,,,,,,,,,16449-12903:Andrew Hawkins,16449-12903,WR,Andrew,Hawkins,2.23333327,3,4500,CLE@WAS,CLE,WAS,,,,,,,,,,,,16449-39305:A.J. Derby,16449-39305,TE,A.J.,Derby,0,0,4500,BUF@NE,NE,BUF,,,,,,,,,,,,16449-54742:Scott Simonson,16449-54742,TE,Scott,Simonson,1.5,1,4500,CAR@ATL,CAR,ATL,,,,,,,,,,,,16449-32807:Anthony Denham,16449-32807,TE,Anthony,Denham,0,0,4500,TEN@HOU,HOU,TEN,,,,,,,,,,,,16449-30385:Marlon Brown,16449-30385,WR,Marlon,Brown,2.022222307,9,4500,DEN@TB,DEN,TB,,,,,,,,,,,,16449-28525:Braxton Miller,16449-28525,WR,Braxton,Miller,0.850000024,2,4500,TEN@HOU,HOU,TEN,Q,Hamstring,,,,,,,,,,16449-26610:Paul Richardson,16449-26610,WR,Paul,Richardson,2.199999968,3,4500,SEA@NYJ,SEA,NYJ,,,,,,,,,,,,16449-29327:Bralon Addison,16449-29327,WR,Bralon,Addison,0,0,4500,DEN@TB,DEN,TB,,,,,,,,,,,,16449-44784:Darius Jackson,16449-44784,RB,Darius,Jackson,0,0,4500,DAL@SF,DAL,SF,,,,,,,,,,,,16449-27439:Durron Neal,16449-27439,WR,Durron,Neal,0,0,4500,DEN@TB,DEN,TB,,,,,,,,,,,,16449-31263:Ricardo Louis,16449-31263,WR,Ricardo,Louis,2.75,2,4500,CLE@WAS,CLE,WAS,,,,,,,,,,,,16449-26598:Nelson Spruce,16449-26598,WR,Nelson,Spruce,0,0,4500,LA@ARI,LA,ARI,,,,,,,,,,,,16449-25513:Darius Jennings,16449-25513,WR,Darius,Jennings,6.233333588,3,4500,CLE@WAS,CLE,WAS,,,,,,,,,,,,16449-39411:Gavin Escobar,16449-39411,TE,Gavin,Escobar,2.057142803,7,4500,DAL@SF,DAL,SF,,,,,,,,,,,,16449-30428:Malcolm Mitchell,16449-30428,WR,Malcolm,Mitchell,3.166666667,3,4500,BUF@NE,NE,BUF,,,,,,,,,,,,16449-31280:Cody Parkey,16449-31280,K,Cody,Parkey,12,1,4500,CLE@WAS,CLE,WAS,,,,,,,,,,,,16449-27403:Blake Bell,16449-27403,TE,Blake,Bell,0.550000012,2,4500,DAL@SF,SF,DAL,,,,,,,,,,,,16449-28487:Jeff Heuerman,16449-28487,TE,Jeff,Heuerman,3.400000095,1,4500,DEN@TB,DEN,TB,,,,,,,,,,,,16449-33840:Keyarris Garrett,16449-33840,WR,Keyarris,Garrett,0,0,4500,CAR@ATL,CAR,ATL,,,,,,,,,,,,16449-28502:Devin Smith,16449-28502,WR,Devin,Smith,2.857142857,7,4500,SEA@NYJ,NYJ,SEA,NA,Knee,,,,,,,,,,16449-25463:Canaan Severin,16449-25463,WR,Canaan,Severin,0,0,4500,KC@PIT,PIT,KC,IR,Undisclosed,,,,,,,,,,16449-54651:Dominique Williams,16449-54651,RB,Dominique,Williams,0,0,4500,SEA@NYJ,NYJ,SEA,,,,,,,,,,,,16449-34014:Aaron Dobson,16449-34014,WR,Aaron,Dobson,3.433333397,6,4500,DET@CHI,DET,CHI,,,,,,,,,,,,16449-12090:Nick Novak,16449-12090,K,Nick,Novak,12.5,2,4500,TEN@HOU,HOU,TEN,,,,,,,,,,,,16449-47953:Lucky Whitehead,16449-47953,WR,Lucky,Whitehead,0.100000004,3,4500,DAL@SF,DAL,SF,,,,,,,,,,,,16449-29277:Stephen Anderson,16449-29277,TE,Stephen,Anderson,2.166666667,3,4500,TEN@HOU,HOU,TEN,Q,Hamstring,,,,,,,,,,16449-28545:Rod Smith,16449-28545,RB,Rod,Smith,0,1,4500,DAL@SF,DAL,SF,,,,,,,,,,,,16449-70335:Seth DeValve,16449-70335,TE,Seth,DeValve,0,0,4500,CLE@WAS,CLE,WAS,,,,,,,,,,,,16449-54612:Lorenzo Taliaferro,16449-54612,RB,Lorenzo,Taliaferro,5.366666794,3,4500,OAK@BAL,BAL,OAK,NA,Foot,,,,,,,,,,16449-55694:Mike Thomas,16449-55694,WR,Mike,Thomas,0,1,4500,LA@ARI,LA,ARI,,,,,,,,,,,,16449-54621:Walt Powell,16449-54621,WR,Walt,Powell,4.300000191,1,4500,BUF@NE,BUF,NE,,,,,,,,,,,,16449-7244:John Kuhn,16449-7244,RB,John,Kuhn,2.899999936,3,4500,NO@SD,NO,SD,,,,,,,,,,,,16449-28562:Jake Stoneburner,16449-28562,TE,Jake,Stoneburner,6.400000254,3,4500,NO@SD,NO,SD,,,,,,,,,,,,16449-12055:Logan Paulsen,16449-12055,TE,Logan,Paulsen,0,1,4500,DET@CHI,CHI,DET,,,,,,,,,,,,16449-28570:Nick Vannett,16449-28570,TE,Nick,Vannett,0,0,4500,SEA@NYJ,SEA,NYJ,Q,Ankle,,,,,,,,,,16449-29304:Daniel Lasco,16449-29304,RB,Daniel,Lasco,0,0,4500,NO@SD,NO,SD,,,,,,,,,,,,16449-32429:Josh Lambo,16449-32429,K,Josh,Lambo,9.333333333,3,4500,NO@SD,SD,NO,,,,,,,,,,,,16449-32957:Eric Tomlinson,16449-32957,TE,Eric,Tomlinson,0,0,4500,TEN@HOU,HOU,TEN,,,,,,,,,,,,16449-22754:Garrett Celek,16449-22754,TE,Garrett,Celek,2.566666603,3,4500,DAL@SF,SF,DAL,Q,Back,,,,,,,,,,16449-70342:Temarrick Hemingway,16449-70342,TE,Temarrick,Hemingway,0,0,4500,LA@ARI,LA,ARI,,,,,,,,,,,,16449-22746:Kashif Moore,16449-22746,WR,Kashif,Moore,0,0,4500,KC@PIT,KC,PIT,,,,,,,,,,,,16449-46001:Joey Iosefa,16449-46001,RB,Joey,Iosefa,2.549999952,2,4500,BUF@NE,NE,BUF,,,,,,,,,,,,16449-30307:Mack Brown,16449-30307,RB,Mack,Brown,0,0,4500,CLE@WAS,WAS,CLE,,,,,,,,,,,,16449-33978:Devon Johnson,16449-33978,RB,Devon,Johnson,0,0,4500,CAR@ATL,CAR,ATL,IR,Undisclosed,,,,,,,,,,16449-29237:Chris Harper,16449-29237,WR,Chris,Harper,-0.299999992,3,4500,DAL@SF,SF,DAL,,,,,,,,,,,,16449-32483:Josh Boyce,16449-32483,WR,Josh,Boyce,0,0,4500,CLE@WAS,CLE,WAS,,,,,,,,,,,,16449-30326:Keith Marshall,16449-30326,RB,Keith,Marshall,0,0,4500,CLE@WAS,WAS,CLE,IR,Elbow,,,,,,,,,,16449-25356:Benson Browne,16449-25356,TE,Benson,Browne,0,0,4500,LA@ARI,LA,ARI,,,,,,,,,,,,16449-61666:Jared Dangerfield,16449-61666,WR,Jared,Dangerfield,0,0,4500,NO@SD,NO,SD,,,,,,,,,,,,16449-31073:Knile Davis,16449-31073,RB,Knile,Davis,0,1,4500,KC@PIT,KC,PIT,,,,,,,,,,,,16449-62628:DeAndre Carter,16449-62628,WR,DeAndre,Carter,0,0,4500,BUF@NE,NE,BUF,,,,,,,,,,,,16449-11419:C.J. Spiller,16449-11419,RB,C.J.,Spiller,4.930769113,13,4500,NO@SD,NO,SD,,,,,,,,,,,,16449-62631:Gus Johnson,16449-62631,RB,Gus,Johnson,0,0,4500,CAR@ATL,ATL,CAR,,,,,,,,,,,,16449-24797:Juwan Thompson,16449-24797,RB,Juwan,Thompson,1.612499952,8,4500,DEN@TB,DEN,TB,,,,,,,,,,,,16449-33571:George Atkinson III,16449-33571,RB,George,Atkinson III,0,2,4500,CLE@WAS,CLE,WAS,,,,,,,,,,,,16449-39615:Brandon Williams,16449-39615,TE,Brandon,Williams,0,6,4500,SEA@NYJ,SEA,NYJ,,,,,,,,,,,,16449-32000:Luke Willson,16449-32000,TE,Luke,Willson,2.199999968,3,4500,SEA@NYJ,SEA,NYJ,,,,,,,,,,,,16449-11454:Dexter McCluster,16449-11454,RB,Dexter,McCluster,1.899999976,1,4500,NO@SD,SD,NO,,,,,,,,,,,,16449-62617:Khari Lee,16449-62617,TE,Khari,Lee,0.300000012,4,4500,DET@CHI,DET,CHI,,,,,,,,,,,,16449-11431:Jermaine Gresham,16449-11431,TE,Jermaine,Gresham,2.033333302,3,4500,LA@ARI,ARI,LA,,,,,,,,,,,,16449-38517:Dreamius Smith,16449-38517,RB,Dreamius,Smith,0,2,4500,NO@SD,SD,NO,,,,,,,,,,,,16449-38523:Geoff Swaim,16449-38523,TE,Geoff,Swaim,2.166666667,3,4500,DAL@SF,DAL,SF,,,,,,,,,,,,16449-24817:Nick O'Leary,16449-24817,TE,Nick,O'Leary,1.649999976,2,4500,BUF@NE,BUF,NE,,,,,,,,,,,,16449-31015:DeAndrew White,16449-31015,WR,DeAndrew,White,1.399999976,2,4500,BUF@NE,NE,BUF,,,,,,,,,,,,16449-48380:Wil Lutz,16449-48380,K,Wil,Lutz,9,3,4500,NO@SD,NO,SD,,,,,,,,,,,,16449-43413:Kenneth Dixon,16449-43413,RB,Kenneth,Dixon,0,0,4500,OAK@BAL,BAL,OAK,Q,Knee,,,,,,,,,,16449-24720:Braxton Deaver,16449-24720,TE,Braxton,Deaver,0,0,4500,CAR@ATL,CAR,ATL,,,,,,,,,,,,16449-29084:Rashad Ross,16449-29084,WR,Rashad,Ross,2.646153964,13,4500,CLE@WAS,WAS,CLE,,,,,,,,,,,,16449-25827:Asante Cleveland,16449-25827,TE,Asante,Cleveland,0.600000024,1,4500,NO@SD,SD,NO,,,,,,,,,,,,16449-27771:Cody Latimer,16449-27771,WR,Cody,Latimer,1.850000024,2,4500,DEN@TB,DEN,TB,,,,,,,,,,,,16449-11511:Tony Moeaki,16449-11511,TE,Tony,Moeaki,4.433333397,3,4500,DET@CHI,CHI,DET,,,,,,,,,,,,16449-11504:Andre Roberts,16449-11504,WR,Andre,Roberts,0.433333317,3,4500,DET@CHI,DET,CHI,,,,,,,,,,,,16449-30990:Jalston Fowler,16449-30990,RB,Jalston,Fowler,1.899999976,1,4500,TEN@HOU,TEN,HOU,,,,,,,,,,,,16449-39678:E.J. Bibbs,16449-39678,TE,E.J.,Bibbs,0.600000024,2,4500,CLE@WAS,CLE,WAS,,,,,,,,,,,,16449-11488:Ed Dickson,16449-11488,TE,Ed,Dickson,1.399999976,2,4500,CAR@ATL,CAR,ATL,,,,,,,,,,,,16449-26657:Christian Powell,16449-26657,RB,Christian,Powell,0,0,4500,KC@PIT,PIT,KC,,,,,,,,,,,,16449-32082:Jordan Taylor,16449-32082,WR,Jordan,Taylor,2.5,1,4500,DEN@TB,DEN,TB,,,,,,,,,,,,16449-22447:Griff Whalen,16449-22447,WR,Griff,Whalen,3.555555556,9,4500,NO@SD,SD,NO,,,,,,,,,,,,16449-30012:Kevin Smith,16449-30012,WR,Kevin,Smith,1.933333397,3,4500,SEA@NYJ,SEA,NYJ,,,,,,,,,,,,16449-39455:Kerwynn Williams,16449-39455,RB,Kerwynn,Williams,3.46666654,6,4500,LA@ARI,ARI,LA,,,,,,,,,,,,16449-62508:James O'Shaughnessy,16449-62508,TE,James,O'Shaughnessy,2.339999962,5,4500,KC@PIT,KC,PIT,,,,,,,,,,,,16449-39445:Brice Butler,16449-39445,WR,Brice,Butler,0.699999968,3,4500,DAL@SF,DAL,SF,,,,,,,,,,,,16449-29991:Bishop Sankey,16449-29991,RB,Bishop,Sankey,4.183333397,12,4500,BUF@NE,NE,BUF,,,,,,,,,,,,16449-39428:Kyle Juszczyk,16449-39428,RB,Kyle,Juszczyk,1.76666673,3,4500,OAK@BAL,BAL,OAK,,,,,,,,,,,,16449-22336:Joshua Bellamy,16449-22336,WR,Joshua,Bellamy,0,1,4500,DET@CHI,CHI,DET,,,,,,,,,,,,16449-10354:Marcel Reece,16449-10354,RB,Marcel,Reece,4.233333333,15,4500,OAK@BAL,OAK,BAL,,,,,,,,,,,,16449-24679:Zac Brooks,16449-24679,RB,Zac,Brooks,0,0,4500,SEA@NYJ,SEA,NYJ,,,,,,,,,,,,16449-38651:Beau Sandland,16449-38651,TE,Beau,Sandland,0,0,4500,CAR@ATL,CAR,ATL,,,,,,,,,,,,16449-18009:Chris Manhertz,16449-18009,TE,Chris,Manhertz,0,0,4500,NO@SD,NO,SD,,,,,,,,,,,,16449-31184:Jonathan Williams,16449-31184,RB,Jonathan,Williams,0.200000003,1,4500,BUF@NE,BUF,NE,,,,,,,,,,,,16449-16923:Austin Seferian-Jenkins,16449-16923,TE,Austin,Seferian-Jenkins,5.949999809,2,4500,SEA@NYJ,NYJ,SEA,,,,,,,,,,,,16449-14683:Patrick DiMarco,16449-14683,RB,Patrick,DiMarco,1.299999952,1,4500,CAR@ATL,ATL,CAR,,,,,,,,,,,,16449-39512:Kendall Gaskins,16449-39512,RB,Kendall,Gaskins,3.674999952,4,4500,DAL@SF,SF,DAL,,,,,,,,,,,,16449-32234:Malcolm Brown,16449-32234,RB,Malcolm,Brown,1.799999952,1,4500,LA@ARI,LA,ARI,,,,,,,,,,,,16449-14643:DuJuan Harris,16449-14643,RB,DuJuan,Harris,7.775000095,4,4500,DAL@SF,SF,DAL,,,,,,,,,,,,16449-34729:Dwayne Washington,16449-34729,RB,Dwayne,Washington,4.399999936,3,4500,DET@CHI,DET,CHI,,,,,,,,,,,,16449-48224:Wes Saxton,16449-48224,TE,Wes,Saxton,0,1,4500,CLE@WAS,WAS,CLE,,,,,,,,,,,,16449-25694:Andre Williams,16449-25694,RB,Andre,Williams,2.181250095,16,4500,NO@SD,SD,NO,,,,,,,,,,,,16449-7001:Kellen Davis,16449-7001,TE,Kellen,Davis,0,1,4500,SEA@NYJ,NYJ,SEA,,,,,,,,,,,,16449-39492:Josh Hill,16449-39492,TE,Josh,Hill,2.461538462,13,4500,NO@SD,NO,SD,Q,Ankle,,,,,,,,,,16449-9442:Brandon Tate,16449-9442,WR,Brandon,Tate,0,3,4500,BUF@NE,BUF,NE,,,,,,,,,,,,16449-62538:Cameron Meredith,16449-62538,WR,Cameron,Meredith,1.399999976,1,4500,DET@CHI,CHI,DET,,,,,,,,,,,,16449-24621:Charone Peake,16449-24621,WR,Charone,Peake,0,0,4500,SEA@NYJ,NYJ,SEA,,,,,,,,,,,,16449-62544:Brandon Wegher,16449-62544,RB,Brandon,Wegher,0,1,4500,CAR@ATL,CAR,ATL,,,,,,,,,,,,16449-22317:Brenton Bersin,16449-22317,WR,Brenton,Bersin,2.879999924,5,4500,CAR@ATL,CAR,ATL,,,,,,,,,,,,16449-11648:Jim Dray,16449-11648,TE,Jim,Dray,1.011111153,9,4500,BUF@NE,BUF,NE,,,,,,,,,,,,16449-27918:Henry Krieger-Coble,16449-27918,TE,Henry,Krieger-Coble,0,0,4500,DEN@TB,DEN,TB,,,,,,,,,,,,16449-25052:Zach Laskey,16449-25052,RB,Zach,Laskey,0,0,4500,LA@ARI,LA,ARI,IR,Undisclosed,,,,,,,,,,16449-6810:Dan Carpenter,16449-6810,K,Dan,Carpenter,6,3,4500,BUF@NE,BUF,NE,,,,,,,,,,,,16449-22220:Sean McGrath,16449-22220,TE,Sean,McGrath,1.799999952,1,4500,NO@SD,SD,NO,,,,,,,,,,,,16449-27908:C.J. Fiedorowicz,16449-27908,TE,C.J.,Fiedorowicz,0.566666683,3,4500,TEN@HOU,HOU,TEN,,,,,,,,,,,,16449-10695:Darrel Young,16449-10695,RB,Darrel,Young,0.688888868,9,4500,DET@CHI,CHI,DET,,,,,,,,,,,,16449-57556:Jerome Cunningham,16449-57556,TE,Jerome,Cunningham,1.649999936,6,4500,TEN@HOU,TEN,HOU,,,,,,,,,,,,16449-23046:Jamize Olawale,16449-23046,RB,Jamize,Olawale,3.700000127,3,4500,OAK@BAL,OAK,BAL,,,,,,,,,,,,16449-23055:Brandon Bostick,16449-23055,TE,Brandon,Bostick,0,1,4500,SEA@NYJ,NYJ,SEA,,,,,,,,,,,,16449-22244:Beau Brinkley,16449-22244,TE,Beau,Brinkley,0,16,4500,TEN@HOU,TEN,HOU,,,,,,,,,,,,16449-30807:Mychal Rivera,16449-30807,TE,Mychal,Rivera,3.571428571,14,4500,OAK@BAL,OAK,BAL,,,,,,,,,,,,16449-40932:Pharoh Cooper,16449-40932,WR,Pharoh,Cooper,0,0,4500,LA@ARI,LA,ARI,,,,,,,,,,,,16449-28890:Derek Watt,16449-28890,RB,Derek,Watt,1.100000024,1,4500,NO@SD,SD,NO,,,,,,,,,,,,16449-31748:Levi Norwood,16449-31748,WR,Levi,Norwood,0,0,4500,KC@PIT,PIT,KC,,,,,,,,,,,,16449-40845:Hunter Henry,16449-40845,TE,Hunter,Henry,5.099999905,2,4500,NO@SD,SD,NO,,,,,,,,,,,,16449-40843:Alex Collins,16449-40843,RB,Alex,Collins,2.049999952,2,4500,SEA@NYJ,SEA,NYJ,,,,,,,,,,,,16449-26076:Sam Bergen,16449-26076,RB,Sam,Bergen,0,0,4500,TEN@HOU,TEN,HOU,,,,,,,,,,,,16449-6870:Vernon Davis,16449-6870,TE,Vernon,Davis,5.050000191,2,4500,CLE@WAS,WAS,CLE,,,,,,,,,,,,16449-33403:Tevin Jones,16449-33403,WR,Tevin,Jones,0,0,4500,TEN@HOU,HOU,TEN,,,,,,,,,,,,16449-40857:Peyton Barber,16449-40857,RB,Peyton,Barber,0,0,4500,DEN@TB,TB,DEN,,,,,,,,,,,,16449-26057:Michael Burton,16449-26057,RB,Michael,Burton,1.637500048,8,4500,DET@CHI,DET,CHI,,,,,,,,,,,,16449-28815:Akeem Hunt,16449-28815,RB,Akeem,Hunt,2.357142857,7,4500,TEN@HOU,HOU,TEN,,,,,,,,,,,,16449-45343:Daniel Braverman,16449-45343,WR,Daniel,Braverman,0,0,4500,DET@CHI,CHI,DET,,,,,,,,,,,,16449-7856:Matthew Slater,16449-7856,WR,Matthew,Slater,0,1,4500,BUF@NE,NE,BUF,,,,,,,,,,,,16449-28807:Gabe Holmes,16449-28807,TE,Gabe,Holmes,0,0,4500,OAK@BAL,OAK,BAL,IR,Ankle,,,,,,,,,,16449-22188:Daryl Richardson,16449-22188,RB,Daryl,Richardson,0.349999994,2,4500,KC@PIT,PIT,KC,,,,,,,,,,,,16449-11766:Jeff Cumberland,16449-11766,TE,Jeff,Cumberland,1.45714283,7,4500,NO@SD,SD,NO,IR,Achilles,,,,,,,,,,16449-26934:Toben Opurum,16449-26934,RB,Toben,Opurum,0,2,4500,DEN@TB,DEN,TB,,,,,,,,,,,,16449-12305:Will Tukuafu,16449-12305,RB,Will,Tukuafu,0,1,4500,SEA@NYJ,SEA,NYJ,,,,,,,,,,,,16449-28030:Fitzgerald Toussaint,16449-28030,RB,Fitzgerald,Toussaint,0.800000032,3,4500,KC@PIT,PIT,KC,,,,,,,,,,,,16449-28021:Sione Houma,16449-28021,RB,Sione,Houma,0,0,4500,NO@SD,NO,SD,,,,,,,,,,,,16449-24912:Dustin Hopkins,16449-24912,K,Dustin,Hopkins,13.66666667,3,4500,CLE@WAS,WAS,CLE,,,,,,,,,,,,16449-11522:Marcus Easley,16449-11522,WR,Marcus,Easley,4.100000064,3,4500,BUF@NE,BUF,NE,NA,Kneecap,,,,,,,,,,16449-45562:Paul Lasike,16449-45562,RB,Paul,Lasike,0.200000003,1,4500,DET@CHI,CHI,DET,,,,,,,,,,,,16449-12541:New England Patriots,16449-12541,D,New England,Patriots,9.666666667,3,4500,BUF@NE,NE,BUF,,,,,,,,,,,,16449-22109:Greg Zuerlein,16449-22109,K,Greg,Zuerlein,9.5,2,4500,LA@ARI,LA,ARI,,,,,,,,,,,,16449-12537:Oakland Raiders,16449-12537,D,Oakland,Raiders,4,3,4500,OAK@BAL,OAK,BAL,,,,,,,,,,,,16449-12532:Detroit Lions,16449-12532,D,Detroit,Lions,3,3,4500,DET@CHI,DET,CHI,,,,,,,,,,,,16449-11538:Garrett Graham,16449-11538,TE,Garrett,Graham,1.571428571,7,4500,DEN@TB,DEN,TB,,,,,,,,,,,,16449-11543:Clay Harbor,16449-11543,TE,Clay,Harbor,3.737499952,8,4500,BUF@NE,NE,BUF,,,,,,,,,,,,16449-11562:Andrew Quarless,16449-11562,TE,Andrew,Quarless,1.699999968,3,4500,DET@CHI,DET,CHI,,,,,,,,,,,,16449-7801:Brandon Myers,16449-7801,TE,Brandon,Myers,4.050000191,2,4500,DEN@TB,TB,DEN,,,,,,,,,,,,16449-22123:James Hanna,16449-22123,TE,James,Hanna,1.549999952,8,4500,DAL@SF,DAL,SF,NA,Knee,,,,,,,,,,16449-19342:Demetrius Harris,16449-19342,TE,Demetrius,Harris,1.800000032,3,4500,KC@PIT,KC,PIT,,,,,,,,,,,,16449-22116:Cyrus Gray,16449-22116,RB,Cyrus,Gray,0,0,4500,CAR@ATL,ATL,CAR,,,,,,,,,,,,16449-28744:Raheem Mostert,16449-28744,RB,Raheem,Mostert,-0.25,8,4500,DET@CHI,CHI,DET,,,,,,,,,,,,16449-11556:Michael Hoomanawanui,16449-11556,TE,Michael,Hoomanawanui,2.910000038,10,4500,NO@SD,NO,SD,IR,Lower leg,,,,,,,,,,16449-14406:Bruce Miller,16449-14406,RB,Bruce,Miller,2.589999962,10,4500,DAL@SF,SF,DAL,,,,,,,,,,,,16449-7784:Darrius Heyward-Bey,16449-7784,WR,Darrius,Heyward-Bey,0.600000024,2,4500,KC@PIT,PIT,KC,,,,,,,,,,,,16449-29725:Levine Toilolo,16449-29725,TE,Levine,Toilolo,3.099999905,1,4500,CAR@ATL,ATL,CAR,,,,,,,,,,,,16449-33424:Mose Frazier,16449-33424,WR,Mose,Frazier,0,0,4500,DEN@TB,DEN,TB,,,,,,,,,,,,16449-31874:Kenneth Farrow,16449-31874,RB,Kenneth,Farrow,1.299999952,1,4500,NO@SD,SD,NO,,,,,,,,,,,,16449-29723:Stepfan Taylor,16449-29723,RB,Stepfan,Taylor,1.116666635,6,4500,LA@ARI,ARI,LA,,,,,,,,,,,,16449-6702:Phil Dawson,16449-6702,K,Phil,Dawson,5.666666667,3,4500,DAL@SF,SF,DAL,,,,,,,,,,,,16449-27020:Glenn Gronkowski,16449-27020,RB,Glenn,Gronkowski,0,0,4500,BUF@NE,BUF,NE,,,,,,,,,,,,16449-22029:Bernard Pierce,16449-22029,RB,Bernard,Pierce,0.824999988,4,4500,SEA@NYJ,NYJ,SEA,,,,,,,,,,,,16449-57348:Glenn Winston,16449-57348,RB,Glenn,Winston,-2.799999952,1,4500,CLE@WAS,CLE,WAS,IR,Shoulder,,,,,,,,,,16449-45472:Garrett Griffin,16449-45472,TE,Garrett,Griffin,0,0,4500,NO@SD,NO,SD,,,,,,,,,,,,16449-14372:Aldrick Robinson,16449-14372,WR,Aldrick,Robinson,3.150000095,2,4500,CAR@ATL,ATL,CAR,,,,,,,,,,,,16449-28721:Brandon Cottom,16449-28721,RB,Brandon,Cottom,0,0,4500,SEA@NYJ,SEA,NYJ,IR,Achilles,,,,,,,,,,16449-29821:Jordan Payton,16449-29821,WR,Jordan,Payton,0,0,4500,CLE@WAS,CLE,WAS,,,,,,,,,,,,16449-22047:Ladarius Green,16449-22047,TE,Ladarius,Green,6.876923194,13,4500,KC@PIT,PIT,KC,NA,Ankle,,,,,,,,,,16449-28126:Paul Lang,16449-28126,TE,Paul,Lang,0,0,4500,KC@PIT,PIT,KC,,,,,,,,,,,,16449-33473:Chris Brown,16449-33473,WR,Chris,Brown,0,0,4500,DAL@SF,DAL,SF,,,,,,,,,,,,16449-28131:Keith Mumphery,16449-28131,WR,Keith,Mumphery,1.421428544,14,4500,TEN@HOU,HOU,TEN,,,,,,,,,,,,16449-14355:Niles Paul,16449-14355,TE,Niles,Paul,2.099999905,1,4500,CLE@WAS,WAS,CLE,,,,,,,,,,,,16449-29768:Patrick Skov,16449-29768,RB,Patrick,Skov,0,0,4500,CLE@WAS,CLE,WAS,,,,,,,,,,,,16449-22063:Keshawn Martin,16449-22063,WR,Keshawn,Martin,5.5,9,4500,DAL@SF,SF,DAL,,,,,,,,,,,,16449-24882:Roberto Aguayo,16449-24882,K,Roberto,Aguayo,3.666666667,3,4500,DEN@TB,TB,DEN,,,,,,,,,,,,16449-6778:Anthony Fasano,16449-6778,TE,Anthony,Fasano,0.600000024,1,4500,TEN@HOU,TEN,HOU,,,,,,,,,,,,16449-22051:Orson Charles,16449-22051,RB,Orson,Charles,0,0,4500,DET@CHI,DET,CHI,,,,,,,,,,,,16449-33488:Troy Niklas,16449-33488,TE,Troy,Niklas,0.25,2,4500,LA@ARI,ARI,LA,IR,Wrist,,,,,,,,,,16449-28694:Jesse James,16449-28694,TE,Jesse,James,6,3,4500,KC@PIT,PIT,KC,,,,,,,,,,,,16449-11635:Marc Mariani,16449-11635,WR,Marc,Mariani,0,3,4500,TEN@HOU,TEN,HOU,,,,,,,,,,,,16449-6767:Ryan Succop,16449-6767,K,Ryan,Succop,4.333333333,3,4500,TEN@HOU,TEN,HOU,,,,,,,,,,,,16449-14348:Lee Smith,16449-14348,TE,Lee,Smith,2.650000095,2,4500,OAK@BAL,OAK,BAL,,,,,,,,,,,,16449-28157:Bennie Fowler,16449-28157,WR,Bennie,Fowler,1.799999952,1,4500,DEN@TB,DEN,TB,,,,,,,,,,,,16449-12544:New York Jets,16449-12544,D,New York,Jets,6.333333333,3,4400,SEA@NYJ,NYJ,SEA,,,,,,,,,,,,16449-12555:Baltimore Ravens,16449-12555,D,Baltimore,Ravens,10.33333333,3,4400,OAK@BAL,BAL,OAK,,,,,,,,,,,,16449-12536:Kansas City Chiefs,16449-12536,D,Kansas City,Chiefs,14.33333333,3,4400,KC@PIT,KC,PIT,,,,,,,,,,,,16449-12538:Los Angeles Rams,16449-12538,D,Los Angeles,Rams,8,3,4400,LA@ARI,LA,ARI,,,,,,,,,,,,16449-12548:San Diego Chargers,16449-12548,D,San Diego,Chargers,8.333333333,3,4300,NO@SD,SD,NO,,,,,,,,,,,,16449-12526:Buffalo Bills,16449-12526,D,Buffalo,Bills,12.33333333,3,4300,BUF@NE,BUF,NE,,,,,,,,,,,,16449-12549:San Francisco 49ers,16449-12549,D,San Francisco,49ers,8.333333333,3,4200,DAL@SF,SF,DAL,,,,,,,,,,,,16449-12551:Tampa Bay Buccaneers,16449-12551,D,Tampa Bay,Buccaneers,4.333333333,3,4200,DEN@TB,TB,DEN,,,,,,,,,,,,16449-12527:Chicago Bears,16449-12527,D,Chicago,Bears,4,3,4200,DET@CHI,CHI,DET,,,,,,,,,,,,16449-12529:Cleveland Browns,16449-12529,D,Cleveland,Browns,6,3,4200,CLE@WAS,CLE,WAS,,,,,,,,,,,,16449-12534:Tennessee Titans,16449-12534,D,Tennessee,Titans,6,3,4100,TEN@HOU,TEN,HOU,,,,,,,,,,,,16449-12525:Atlanta Falcons,16449-12525,D,Atlanta,Falcons,4,3,4000,CAR@ATL,ATL,CAR,,,,,,,,,,,,16449-12542:New Orleans Saints,16449-12542,D,New Orleans,Saints,2,3,4000,NO@SD,NO,SD,,