QB,RB,RB,WR,WR,WR,TE,K,D,,Instructions,,,,,,,,,,,,,a,,,,,,,,,,1) Create a lineup by inserting any player from this list into their appropriate position columns,,,,,,,,,,,,,a,,,,,,,,,,2) You can paste either the Player ID + Name OR ID from their respective columns,,,,,,,,,,,,,a,,,,,,,,,,3) Any information to the right of the last position column will be ignored in the upload,,,,,,,,,,,,,a,,,,,,,,,,4) Maximum of 250 lineups per upload,,,,,,,,,,,,,a,,,,,,,,,,,,,,,,,,,,,,,a,,,,,,,,,,Player ID + Player Name,Id,Position,First Name,Nickname,Last Name,FPPG,Played,Salary,Game,Team,Opponent,Injury Indicator,Injury Details,,,,,,,,,,16789-38791:Ezekiel Elliott,16789-38791,RB,Ezekiel,,Elliott,18.62857056,7,9200,DAL@CLE,DAL,CLE,,,,,,,,,,,,16789-6894:Aaron Rodgers,16789-6894,QB,Aaron,,Rodgers,22.46857125,7,9100,IND@GB,GB,IND,,,,,,,,,,,,16789-31360:Odell Beckham Jr.,16789-31360,WR,Odell,,Beckham Jr.,14.14285714,7,8900,PHI@NYG,NYG,PHI,,,,,,,,,,,,16789-28181:Le'Veon Bell,16789-28181,RB,Le'Veon,,Bell,18.97500038,4,8700,PIT@BAL,PIT,BAL,,,,,,,,,,,,16789-11612:Antonio Brown,16789-11612,WR,Antonio,,Brown,16.44285692,7,8700,PIT@BAL,PIT,BAL,,,,,,,,,,,,16789-6504:Drew Brees,16789-6504,QB,Drew,,Brees,23.82000078,7,8600,NO@SF,NO,SF,,,,,,,,,,,,16789-7968:Philip Rivers,16789-7968,QB,Philip,,Rivers,17.53750038,8,8300,TEN@SD,SD,TEN,,,,,,,,,,,,16789-6893:Jordy Nelson,16789-6893,WR,Jordy,,Nelson,13,7,8200,IND@GB,GB,IND,,,,,,,,,,,,16789-14185:Cam Newton,16789-14185,QB,Cam,,Newton,20.90333303,6,8100,CAR@LA,CAR,LA,,,,,,,,,,,,16789-14254:DeMarco Murray,16789-14254,RB,DeMarco,,Murray,19.41250038,8,8100,TEN@SD,TEN,SD,,,,,,,,,,,,16789-21939:Andrew Luck,16789-21939,QB,Andrew,,Luck,21.65749931,8,8000,IND@GB,IND,GB,,,,,,,,,,,,16789-31459:Spencer Ware,16789-31459,RB,Spencer,,Ware,14.70000022,7,8000,JAC@KC,KC,JAC,O,Concussion,,,,,,,,,,16789-11435:Dez Bryant,16789-11435,WR,Dez,,Bryant,11.44999981,4,7800,DAL@CLE,DAL,CLE,Q,Knee,,,,,,,,,,16789-28900:Melvin Gordon,16789-28900,RB,Melvin,,Gordon,18.38750076,8,7800,TEN@SD,SD,TEN,,,,,,,,,,,,16789-45859:Derek Carr,16789-45859,QB,Derek,,Carr,20.74250031,8,7700,DEN@OAK,OAK,DEN,,,,,,,,,,,,16789-31001:Amari Cooper,16789-31001,WR,Amari,,Cooper,15.08749962,8,7700,DEN@OAK,OAK,DEN,Q,Back,,,,,,,,,,16789-31716:Dak Prescott,16789-31716,QB,Dak,,Prescott,19.34571402,7,7600,DAL@CLE,DAL,CLE,,,,,,,,,,,,16789-29501:Brandin Cooks,16789-29501,WR,Brandin,,Cooks,14.70000022,7,7600,NO@SF,NO,SF,,,,,,,,,,,,16789-29358:Marcus Mariota,16789-29358,QB,Marcus,,Mariota,18.38249969,8,7600,TEN@SD,TEN,SD,,,,,,,,,,,,16789-30447:Todd Gurley,16789-30447,RB,Todd,,Gurley,11.94285692,7,7600,CAR@LA,LA,CAR,,,,,,,,,,,,16789-31394:Jarvis Landry,16789-31394,WR,Jarvis,,Landry,12.57142857,7,7600,NYJ@MIA,MIA,NYJ,,,,,,,,,,,,16789-22031:T.Y. Hilton,16789-22031,WR,T.Y.,,Hilton,14.73750019,8,7600,IND@GB,IND,GB,,,,,,,,,,,,16789-6589:Ben Roethlisberger,16789-6589,QB,Ben,,Roethlisberger,21.19999949,6,7500,PIT@BAL,PIT,BAL,Q,Knee,,,,,,,,,,16789-6914:Greg Olsen,16789-6914,TE,Greg,,Olsen,13.72857121,7,7500,CAR@LA,CAR,LA,,,,,,,,,,,,16789-6826:Eli Manning,16789-6826,QB,Eli,,Manning,14.40857152,7,7500,PHI@NYG,NYG,PHI,,,,,,,,,,,,16789-6899:Matt Forte,16789-6899,RB,Matt,,Forte,15.0625,8,7500,NYJ@MIA,NYJ,MIA,,,,,,,,,,,,16789-6714:Joe Flacco,16789-6714,QB,Joe,,Flacco,14.18285697,7,7500,PIT@BAL,BAL,PIT,,,,,,,,,,,,16789-6759:Brandon Marshall,16789-6759,WR,Brandon,,Marshall,10.375,8,7500,NYJ@MIA,NYJ,MIA,,,,,,,,,,,,16789-7659:Ryan Fitzpatrick,16789-7659,QB,Ryan,,Fitzpatrick,12.14500046,8,7400,NYJ@MIA,NYJ,MIA,,,,,,,,,,,,16789-6654:Matthew Stafford,16789-6654,QB,Matthew,,Stafford,19.84499931,8,7400,DET@MIN,DET,MIN,,,,,,,,,,,,16789-11414:Sam Bradford,16789-11414,QB,Sam,,Bradford,14.08000056,6,7400,DET@MIN,MIN,DET,,,,,,,,,,,,16789-11432:Demaryius Thomas,16789-11432,WR,Demaryius,,Thomas,12.0625,8,7400,DEN@OAK,DEN,OAK,,,,,,,,,,,,16789-24929:Kelvin Benjamin,16789-24929,WR,Kelvin,,Benjamin,12.31428528,7,7400,CAR@LA,CAR,LA,,,,,,,,,,,,16789-21948:Ryan Tannehill,16789-21948,QB,Ryan,,Tannehill,14.55999974,7,7300,NYJ@MIA,MIA,NYJ,,,,,,,,,,,,16789-34308:Blake Bortles,16789-34308,QB,Blake,,Bortles,19.09428624,7,7300,JAC@KC,JAC,KC,,,,,,,,,,,,16789-14231:Colin Kaepernick,16789-14231,QB,Colin,,Kaepernick,16.60000038,2,7200,NO@SF,SF,NO,,,,,,,,,,,,16789-28434:Trevor Siemian,16789-28434,QB,Trevor,,Siemian,12.92571477,7,7200,DEN@OAK,DEN,OAK,,,,,,,,,,,,16789-22103:Marvin Jones Jr.,16789-22103,WR,Marvin,,Jones Jr.,13.48750019,8,7200,DET@MIN,DET,MIN,,,,,,,,,,,,16789-45889:Davante Adams,16789-45889,WR,Davante,,Adams,12.91428593,7,7100,IND@GB,GB,IND,,,,,,,,,,,,16789-46882:Jay Ajayi,16789-46882,RB,Jay,,Ajayi,15.06666692,6,7100,NYJ@MIA,MIA,NYJ,,,,,,,,,,,,16789-6803:Josh McCown,16789-6803,QB,Josh,,McCown,19.52000046,2,7100,DAL@CLE,CLE,DAL,,,,,,,,,,,,16789-6639:Tony Romo,16789-6639,QB,Tony,,Romo,11.91499996,4,7000,DAL@CLE,DAL,CLE,O,Back,,,,,,,,,,16789-15212:Terrelle Pryor Sr.,16789-15212,WR,Terrelle,,Pryor Sr.,12.93000031,8,7000,DAL@CLE,CLE,DAL,,,,,,,,,,,,16789-28473:Carlos Hyde,16789-28473,RB,Carlos,,Hyde,15.33333333,6,7000,NO@SF,SF,NO,Q,Shoulder,,,,,,,,,,16789-39580:Devontae Booker,16789-39580,RB,Devontae,,Booker,6.837500095,8,7000,DEN@OAK,DEN,OAK,,,,,,,,,,,,16789-9392:Michael Crabtree,16789-9392,WR,Michael,,Crabtree,14.80000019,8,7000,DEN@OAK,OAK,DEN,,,,,,,,,,,,16789-14257:Randall Cobb,16789-14257,WR,Randall,,Cobb,12.26666641,6,6900,IND@GB,GB,IND,Q,Hamstring,,,,,,,,,,16789-70324:Carson Wentz,16789-70324,QB,Carson,,Wentz,14.00571442,7,6900,PHI@NYG,PHI,NYG,,,,,,,,,,,,16789-11505:Emmanuel Sanders,16789-11505,WR,Emmanuel,,Sanders,12.08749962,8,6800,DEN@OAK,DEN,OAK,,,,,,,,,,,,16789-8005:Alex Smith,16789-8005,QB,Alex,,Smith,14.37428611,7,6800,JAC@KC,KC,JAC,O,Head,,,,,,,,,,16789-22027:Nick Foles,16789-22027,QB,Nick,,Foles,16.81999969,1,6800,JAC@KC,KC,JAC,,,,,,,,,,,,16789-14211:Mark Ingram,16789-14211,RB,Mark,,Ingram,10.90000044,7,6700,NO@SF,NO,SF,,,,,,,,,,,,16789-7283:Jeremy Maclin,16789-7283,WR,Jeremy,,Maclin,9.214285714,7,6700,JAC@KC,KC,JAC,Q,Groin,,,,,,,,,,16789-28643:Allen Robinson,16789-28643,WR,Allen,,Robinson,10.08571407,7,6700,JAC@KC,JAC,KC,,,,,,,,,,,,16789-33076:Travis Kelce,16789-33076,TE,Travis,,Kelce,10.38571385,7,6600,JAC@KC,KC,JAC,,,,,,,,,,,,16789-6607:Mike Wallace,16789-6607,WR,Mike,,Wallace,12.62857165,7,6600,PIT@BAL,BAL,PIT,,,,,,,,,,,,16789-33465:Theo Riddick,16789-33465,RB,Theo,,Riddick,16.06666692,6,6600,DET@MIN,DET,MIN,Q,Ankle,,,,,,,,,,16789-29249:C.J. Anderson,16789-29249,RB,C.J.,,Anderson,13.5,7,6500,DEN@OAK,DEN,OAK,IR,Knee,,,,,,,,,,16789-44449:Willie Snead,16789-44449,WR,Willie,,Snead,12.15000025,6,6500,NO@SF,NO,SF,,,,,,,,,,,,16789-25079:Stefon Diggs,16789-25079,WR,Stefon,,Diggs,12.65000025,6,6500,DET@MIN,MIN,DET,,,,,,,,,,,,16789-29734:Ty Montgomery,16789-29734,RB,Ty,,Montgomery,5.166666667,6,6500,IND@GB,GB,IND,,,,,,,,,,,,16789-6728:Jamaal Charles,16789-6728,RB,Jamaal,,Charles,4.133333206,3,6500,JAC@KC,KC,JAC,IR,Knee,,,,,,,,,,16789-27266:Quincy Enunwa,16789-27266,WR,Quincy,,Enunwa,10.77499962,8,6400,NYJ@MIA,NYJ,MIA,,,,,,,,,,,,16789-27405:Landry Jones,16789-27405,QB,Landry,,Jones,3.484999895,4,6400,PIT@BAL,PIT,BAL,,,,,,,,,,,,16789-54607:Terrance West,16789-54607,RB,Terrance,,West,10.18571472,7,6400,PIT@BAL,BAL,PIT,,,,,,,,,,,,16789-11485:Golden Tate,16789-11485,WR,Golden,,Tate,8.837499619,8,6400,DET@MIN,DET,MIN,,,,,,,,,,,,16789-6863:Delanie Walker,16789-6863,TE,Delanie,,Walker,10.40000044,7,6400,TEN@SD,TEN,SD,Q,Groin,,,,,,,,,,16789-6733:Jonathan Stewart,16789-6733,RB,Jonathan,,Stewart,13,4,6400,CAR@LA,CAR,LA,,,,,,,,,,,,16789-22994:Case Keenum,16789-22994,QB,Case,,Keenum,14.04571424,7,6300,CAR@LA,LA,CAR,,,,,,,,,,,,16789-22288:Cole Beasley,16789-22288,WR,Cole,,Beasley,11.64285714,7,6300,DAL@CLE,DAL,CLE,,,,,,,,,,,,16789-6840:Frank Gore,16789-6840,RB,Frank,,Gore,13.26249981,8,6300,IND@GB,IND,GB,,,,,,,,,,,,16789-54608:Jerick McKinnon,16789-54608,RB,Jerick,,McKinnon,6.099999746,6,6200,DET@MIN,MIN,DET,Q,Ankle,,,,,,,,,,16789-38435:Jared Goff,16789-38435,QB,Jared,,Goff,0,0,6200,CAR@LA,LA,CAR,,,,,,,,,,,,16789-31561:Donte Moncrief,16789-31561,WR,Donte,,Moncrief,9.599999746,3,6100,IND@GB,IND,GB,,,,,,,,,,,,16789-6828:Tim Hightower,16789-6828,RB,Tim,,Hightower,3,7,6100,NO@SF,NO,SF,,,,,,,,,,,,16789-6535:Kenny Britt,16789-6535,WR,Kenny,,Britt,11.42857143,7,6000,CAR@LA,LA,CAR,,,,,,,,,,,,16789-29587:Cody Kessler,16789-29587,QB,Cody,,Kessler,10.61600037,5,6000,DAL@CLE,CLE,DAL,,,,,,,,,,,,16789-14194:Blaine Gabbert,16789-14194,QB,Blaine,,Gabbert,15.53999939,5,6000,NO@SF,SF,NO,,,,,,,,,,,,16789-14267:Ryan Mallett,16789-14267,QB,Ryan,,Mallett,10.99142892,7,6000,PIT@BAL,BAL,PIT,,,,,,,,,,,,16789-27457:Kenny Stills,16789-27457,WR,Kenny,,Stills,8.242857252,7,6000,NYJ@MIA,MIA,NYJ,,,,,,,,,,,,16789-54684:Isaiah Crowell,16789-54684,RB,Isaiah,,Crowell,12.9375,8,6000,DAL@CLE,CLE,DAL,,,,,,,,,,,,16789-14757:Matt Asiata,16789-14757,RB,Matt,,Asiata,7.557143075,7,6000,DET@MIN,MIN,DET,,,,,,,,,,,,16789-7970:Charlie Whitehurst,16789-7970,QB,Charlie,,Whitehurst,10.38000011,1,6000,DAL@CLE,CLE,DAL,,,,,,,,,,,,16789-34331:Latavius Murray,16789-34331,RB,Latavius,,Murray,12.56666692,6,6000,DEN@OAK,OAK,DEN,,,,,,,,,,,,16789-33463:Paxton Lynch,16789-33463,QB,Paxton,,Lynch,12.06000042,2,6000,DEN@OAK,DEN,OAK,,,,,,,,,,,,16789-7778:Matt Cassel,16789-7778,QB,Matt,,Cassel,0.25,2,6000,TEN@SD,TEN,SD,,,,,,,,,,,,16789-29715:Kevin Hogan,16789-29715,QB,Kevin,,Hogan,9.279999733,2,6000,DAL@CLE,CLE,DAL,,,,,,,,,,,,16789-22035:Travis Benjamin,16789-22035,WR,Travis,,Benjamin,10.22500038,8,6000,TEN@SD,SD,TEN,Q,Knee - pcl,,,,,,,,,,16789-33260:DeVante Parker,16789-33260,WR,DeVante,,Parker,7.833333333,6,5900,NYJ@MIA,MIA,NYJ,Q,Hamstring,,,,,,,,,,16789-39280:Derrick Henry,16789-39280,RB,Derrick,,Henry,5.412499905,8,5900,TEN@SD,TEN,SD,,,,,,,,,,,,16789-25760:Allen Hurns,16789-25760,WR,Allen,,Hurns,10.25714329,7,5900,JAC@KC,JAC,KC,,,,,,,,,,,,16789-21971:Coby Fleener,16789-21971,TE,Coby,,Fleener,8.914285932,7,5800,NO@SF,NO,SF,,,,,,,,,,,,16789-28573:Michael Thomas,16789-28573,WR,Michael,,Thomas,12.71428571,7,5800,NO@SF,NO,SF,,,,,,,,,,,,16789-30837:Jordan Matthews,16789-30837,WR,Jordan,,Matthews,11.12857165,7,5800,PHI@NYG,PHI,NYG,,,,,,,,,,,,16789-6844:Shaun Hill,16789-6844,QB,Shaun,,Hill,10.23999977,1,5800,DET@MIN,MIN,DET,,,,,,,,,,,,16789-6479:Anquan Boldin,16789-6479,WR,Anquan,,Boldin,8.512499809,8,5700,DET@MIN,DET,MIN,,,,,,,,,,,,16789-31732:Corey Coleman,16789-31732,WR,Corey,,Coleman,16.39999962,2,5600,DAL@CLE,CLE,DAL,,,,,,,,,,,,16789-14317:Julius Thomas,16789-14317,TE,Julius,,Thomas,8.316666921,6,5600,JAC@KC,JAC,KC,,,,,,,,,,,,16789-27477:Sterling Shepard,16789-27477,WR,Sterling,,Shepard,8.700000218,7,5600,PHI@NYG,NYG,PHI,,,,,,,,,,,,16789-54687:Charcandrick West,16789-54687,RB,Charcandrick,,West,4.149999936,6,5600,JAC@KC,KC,JAC,,,,,,,,,,,,16789-26458:Tavon Austin,16789-26458,WR,Tavon,,Austin,9.442856925,7,5600,CAR@LA,LA,CAR,,,,,,,,,,,,16789-31061:T.J. Yeldon,16789-31061,RB,T.J.,,Yeldon,7.742857252,7,5600,JAC@KC,JAC,KC,,,,,,,,,,,,16789-62535:Tyrell Williams,16789-62535,WR,Tyrell,,Williams,10.125,8,5600,TEN@SD,SD,TEN,Q,Knee,,,,,,,,,,16789-6627:Ted Ginn Jr.,16789-6627,WR,Ted,,Ginn Jr.,4.785714286,7,5500,CAR@LA,CAR,LA,,,,,,,,,,,,16789-22848:Austin Davis,16789-22848,QB,Austin,,Davis,7.393333435,3,5500,DEN@OAK,DEN,OAK,,,,,,,,,,,,16789-31241:Sammie Coates,16789-31241,WR,Sammie,,Coates,9.285714286,7,5500,PIT@BAL,PIT,BAL,,,,,,,,,,,,16789-31073:Knile Davis,16789-31073,RB,Knile,,Davis,1.024999976,4,5500,JAC@KC,KC,JAC,,,,,,,,,,,,16789-43504:Don Jackson,16789-43504,RB,Don,,Jackson,0.800000012,2,5500,IND@GB,GB,IND,,,,,,,,,,,,16789-7965:Antonio Gates,16789-7965,TE,Antonio,,Gates,6.950000127,6,5500,TEN@SD,SD,TEN,,,,,,,,,,,,16789-14645:Dontrelle Inman,16789-14645,WR,Dontrelle,,Inman,5.925000191,8,5500,TEN@SD,SD,TEN,,,,,,,,,,,,16789-6808:Matt Moore,16789-6808,QB,Matt,,Moore,0.360000014,1,5500,NYJ@MIA,MIA,NYJ,,,,,,,,,,,,16789-40845:Hunter Henry,16789-40845,TE,Hunter,,Henry,8.714285714,7,5500,TEN@SD,SD,TEN,O,Knee,,,,,,,,,,16789-31836:Terrance Williams,16789-31836,WR,Terrance,,Williams,8.099999746,6,5500,DAL@CLE,DAL,CLE,,,,,,,,,,,,16789-7844:Chad Henne,16789-7844,QB,Chad,,Henne,0,0,5500,JAC@KC,JAC,KC,,,,,,,,,,,,16789-6735:Steve Smith Sr.,16789-6735,WR,Steve,,Smith Sr.,10.1,5,5500,PIT@BAL,BAL,PIT,Q,Ankle,,,,,,,,,,16789-28677:Matt McGloin,16789-28677,QB,Matt,,McGloin,5.340000153,2,5500,DEN@OAK,OAK,DEN,,,,,,,,,,,,16789-25272:Eric Ebron,16789-25272,TE,Eric,,Ebron,9.480000305,5,5400,DET@MIN,DET,MIN,,,,,,,,,,,,16789-34295:Breshad Perriman,16789-34295,WR,Breshad,,Perriman,3.642857143,7,5400,PIT@BAL,BAL,PIT,,,,,,,,,,,,16789-14320:Bilal Powell,16789-14320,RB,Bilal,,Powell,6.712500095,8,5400,NYJ@MIA,NYJ,MIA,,,,,,,,,,,,16789-54741:Seth Roberts,16789-54741,WR,Seth,,Roberts,7.4375,8,5400,DEN@OAK,OAK,DEN,,,,,,,,,,,,16789-8052:Rashad Jennings,16789-8052,RB,Rashad,,Jennings,7.675000191,4,5400,PHI@NYG,NYG,PHI,,,,,,,,,,,,16789-22163:Rishard Matthews,16789-22163,WR,Rishard,,Matthews,8.399999619,8,5400,TEN@SD,TEN,SD,,,,,,,,,,,,16789-30733:Cordarrelle Patterson,16789-30733,WR,Cordarrelle,,Patterson,6.200000218,7,5400,DET@MIN,MIN,DET,,,,,,,,,,,,16789-39716:Adam Thielen,16789-39716,WR,Adam,,Thielen,7.842857361,7,5400,DET@MIN,MIN,DET,,,,,,,,,,,,16789-22004:Dwayne Allen,16789-22004,TE,Dwayne,,Allen,7.03333346,6,5300,IND@GB,IND,GB,Q,Ankle,,,,,,,,,,16789-14288:Torrey Smith,16789-14288,WR,Torrey,,Smith,5.485714504,7,5300,NO@SF,SF,NO,,,,,,,,,,,,16789-14905:Kamar Aiken,16789-14905,WR,Kamar,,Aiken,3.028571538,7,5300,PIT@BAL,BAL,PIT,,,,,,,,,,,,16789-11425:Ryan Mathews,16789-11425,RB,Ryan,,Mathews,9.085714068,7,5300,PHI@NYG,PHI,NYG,,,,,,,,,,,,16789-39445:Brice Butler,16789-39445,WR,Brice,,Butler,4.08571434,7,5300,DAL@CLE,DAL,CLE,,,,,,,,,,,,16789-39859:Jack Doyle,16789-39859,TE,Jack,,Doyle,8.912500381,8,5300,IND@GB,IND,GB,,,,,,,,,,,,16789-12540:Minnesota Vikings,16789-12540,D,Minnesota,,Vikings,13.42857143,7,5300,DET@MIN,MIN,DET,,,,,,,,,,,,16789-14349:Jeremy Kerley,16789-14349,WR,Jeremy,,Kerley,8.585714068,7,5300,NO@SF,SF,NO,,,,,,,,,,,,16789-52560:Geronimo Allison,16789-52560,WR,Geronimo,,Allison,9.100000381,1,5200,IND@GB,GB,IND,,,,,,,,,,,,16789-29683:Nelson Agholor,16789-29683,WR,Nelson,,Agholor,5.514285496,7,5200,PHI@NYG,PHI,NYG,,,,,,,,,,,,16789-6641:Jason Witten,16789-6641,TE,Jason,,Witten,7.142857143,7,5200,DAL@CLE,DAL,CLE,,,,,,,,,,,,16789-32613:DeAndre Washington,16789-32613,RB,DeAndre,,Washington,4.737500191,8,5200,DEN@OAK,OAK,DEN,,,,,,,,,,,,16789-14198:Christian Ponder,16789-14198,QB,Christian,,Ponder,0,0,5200,NO@SF,SF,NO,,,,,,,,,,,,16789-11999:Victor Cruz,16789-11999,WR,Victor,,Cruz,7.014285496,7,5200,PHI@NYG,NYG,PHI,,,,,,,,,,,,16789-6422:Gary Barnidge,16789-6422,TE,Gary,,Barnidge,7.349999905,8,5200,DAL@CLE,CLE,DAL,,,,,,,,,,,,16789-25837:Duke Johnson Jr.,16789-25837,RB,Duke,,Johnson Jr.,8.975000381,8,5200,DAL@CLE,CLE,DAL,,,,,,,,,,,,16789-12553:Carolina Panthers,16789-12553,D,Carolina,,Panthers,7.571428571,7,5200,CAR@LA,CAR,LA,,,,,,,,,,,,16789-11532:Dennis Pitta,16789-11532,TE,Dennis,,Pitta,7.5,7,5200,PIT@BAL,BAL,PIT,,,,,,,,,,,,16789-7784:Darrius Heyward-Bey,16789-7784,WR,Darrius,,Heyward-Bey,6.659999847,5,5200,PIT@BAL,PIT,BAL,,,,,,,,,,,,16789-62616:Zach Zenner,16789-62616,RB,Zach,,Zenner,5.379999924,5,5100,DET@MIN,DET,MIN,,,,,,,,,,,,16789-41370:Trevor Davis,16789-41370,WR,Trevor,,Davis,1.649999936,6,5100,IND@GB,GB,IND,,,,,,,,,,,,16789-10744:Graham Gano,16789-10744,K,Graham,,Gano,9,7,5100,CAR@LA,CAR,LA,,,,,,,,,,,,16789-12536:Kansas City Chiefs,16789-12536,D,Kansas City,,Chiefs,10.42857143,7,5100,JAC@KC,KC,JAC,,,,,,,,,,,,16789-28694:Jesse James,16789-28694,TE,Jesse,,James,6.414285932,7,5100,PIT@BAL,PIT,BAL,,,,,,,,,,,,16789-8803:Chase Daniel,16789-8803,QB,Chase,,Daniel,-0.02,2,5000,PHI@NYG,PHI,NYG,,,,,,,,,,,,16789-70446:Joe Callahan,16789-70446,QB,Joe,,Callahan,0,0,5000,DAL@CLE,CLE,DAL,,,,,,,,,,,,16789-28163:Connor Cook,16789-28163,QB,Connor,,Cook,0,0,5000,DEN@OAK,OAK,DEN,,,,,,,,,,,,16789-70464:Josh Woodrum,16789-70464,QB,Josh,,Woodrum,0,0,5000,IND@GB,IND,GB,,,,,,,,,,,,16789-47772:Brandon Doughty,16789-47772,QB,Brandon,,Doughty,0,0,5000,NYJ@MIA,MIA,NYJ,,,,,,,,,,,,16789-43956:David Fales,16789-43956,QB,David,,Fales,0,0,5000,PIT@BAL,BAL,PIT,,,,,,,,,,,,16789-26355:Logan Thomas,16789-26355,QB,Logan,,Thomas,0,0,5000,PHI@NYG,NYG,PHI,,,,,,,,,,,,16789-41732:Christian Hackenberg,16789-41732,QB,Christian,,Hackenberg,0,0,5000,NYJ@MIA,NYJ,MIA,,,,,,,,,,,,16789-14237:Kyle Rudolph,16789-14237,TE,Kyle,,Rudolph,9.38571385,7,5000,DET@MIN,MIN,DET,,,,,,,,,,,,16789-45797:Garrett Grayson,16789-45797,QB,Garrett,,Grayson,0,1,5000,NO@SF,NO,SF,,,,,,,,,,,,16789-26141:Ryan Nassib,16789-26141,QB,Ryan,,Nassib,6.71999979,1,5000,PHI@NYG,NYG,PHI,Q,Elbow,,,,,,,,,,16789-29445:Sean Mannion,16789-29445,QB,Sean,,Mannion,1.24000001,1,5000,CAR@LA,LA,CAR,,,,,,,,,,,,16789-11864:Chris Ivory,16789-11864,RB,Chris,,Ivory,4.8,5,5000,JAC@KC,JAC,KC,,,,,,,,,,,,16789-29500:Markus Wheaton,16789-29500,WR,Markus,,Wheaton,5.03333346,3,5000,PIT@BAL,PIT,BAL,,,,,,,,,,,,16789-53331:Taylor Heinicke,16789-53331,QB,Taylor,,Heinicke,0,0,5000,DET@MIN,MIN,DET,O,Ankle,,,,,,,,,,16789-54705:Dustin Vaughan,16789-54705,QB,Dustin,,Vaughan,0,0,5000,PIT@BAL,PIT,BAL,,,,,,,,,,,,16789-6373:Derek Anderson,16789-6373,QB,Derek,,Anderson,7.506666819,3,5000,CAR@LA,CAR,LA,,,,,,,,,,,,16789-32366:Jameill Showers,16789-32366,QB,Jameill,,Showers,0,0,5000,DAL@CLE,DAL,CLE,,,,,,,,,,,,16789-31421:Zach Mettenberger,16789-31421,QB,Zach,,Mettenberger,7.028571538,7,5000,PIT@BAL,PIT,BAL,,,,,,,,,,,,16789-33578:Jalen Richard,16789-33578,RB,Jalen,,Richard,5.875,8,5000,DEN@OAK,OAK,DEN,,,,,,,,,,,,16789-8071:Dan Orlovsky,16789-8071,QB,Dan,,Orlovsky,5.519999981,2,5000,DET@MIN,DET,MIN,,,,,,,,,,,,16789-25813:Phillip Dorsett,16789-25813,WR,Phillip,,Dorsett,6.271428789,7,5000,IND@GB,IND,GB,,,,,,,,,,,,16789-14696:Scott Tolzien,16789-14696,QB,Scott,,Tolzien,-0.07,2,5000,IND@GB,IND,GB,,,,,,,,,,,,16789-8023:Josh Johnson,16789-8023,QB,Josh,,Johnson,0,0,5000,PHI@NYG,NYG,PHI,,,,,,,,,,,,16789-31170:Brandon Allen,16789-31170,QB,Brandon,,Allen,0,0,5000,JAC@KC,JAC,KC,,,,,,,,,,,,16789-8051:Luke McCown,16789-8051,QB,Luke,,McCown,6.199999809,2,5000,NO@SF,NO,SF,,,,,,,,,,,,16789-70127:Griffin Neal,16789-70127,QB,Griffin,,Neal,0,0,5000,NO@SF,NO,SF,,,,,,,,,,,,16789-31798:Bryce Petty,16789-31798,QB,Bryce,,Petty,0,0,5000,NYJ@MIA,NYJ,MIA,,,,,,,,,,,,16789-23075:Alex Tanney,16789-23075,QB,Alex,,Tanney,7.960000038,1,5000,TEN@SD,TEN,SD,,,,,,,,,,,,16789-30788:Tyler Bray,16789-30788,QB,Tyler,,Bray,0,0,5000,JAC@KC,KC,JAC,,,,,,,,,,,,16789-7919:Kellen Clemens,16789-7919,QB,Kellen,,Clemens,-0.100000001,1,5000,TEN@SD,SD,TEN,,,,,,,,,,,,16789-27982:Jake Rudock,16789-27982,QB,Jake,,Rudock,0,0,5000,DET@MIN,DET,MIN,,,,,,,,,,,,16789-29915:Brett Hundley,16789-29915,QB,Brett,,Hundley,0,0,5000,IND@GB,GB,IND,,,,,,,,,,,,16789-6687:Mark Sanchez,16789-6687,QB,Mark,,Sanchez,12.28000005,3,5000,DAL@CLE,DAL,CLE,,,,,,,,,,,,16789-6668:Adam Vinatieri,16789-6668,K,Adam,,Vinatieri,11.25,8,5000,IND@GB,IND,GB,,,,,,,,,,,,16789-12531:Denver Broncos,16789-12531,D,Denver,,Broncos,11.75,8,5000,DEN@OAK,DEN,OAK,,,,,,,,,,,,16789-27134:Dorial Green-Beckham,16789-27134,WR,Dorial,,Green-Beckham,4.914285932,7,5000,PHI@NYG,PHI,NYG,,,,,,,,,,,,16789-11615:Joe Webb,16789-11615,QB,Joe,,Webb,0.400000006,2,5000,CAR@LA,CAR,LA,,,,,,,,,,,,16789-21957:Kendall Wright,16789-21957,WR,Kendall,,Wright,9.440000153,5,4900,TEN@SD,TEN,SD,,,,,,,,,,,,16789-30635:Mike Davis,16789-30635,RB,Mike,,Davis,2.083333333,6,4900,NO@SF,SF,NO,,,,,,,,,,,,16789-43413:Kenneth Dixon,16789-43413,RB,Kenneth,,Dixon,1.033333302,3,4900,PIT@BAL,BAL,PIT,,,,,,,,,,,,16789-23045:Justin Tucker,16789-23045,K,Justin,,Tucker,11.14285714,7,4900,PIT@BAL,BAL,PIT,,,,,,,,,,,,16789-12530:Dallas Cowboys,16789-12530,D,Dallas,,Cowboys,5.571428571,7,4900,DAL@CLE,DAL,CLE,,,,,,,,,,,,16789-6732:DeAngelo Williams,16789-6732,RB,DeAngelo,,Williams,11.34999975,6,4900,PIT@BAL,PIT,BAL,Q,Knee,,,,,,,,,,16789-29780:Zach Ertz,16789-29780,TE,Zach,,Ertz,4.5,5,4900,PHI@NYG,PHI,NYG,,,,,,,,,,,,16789-26247:Brandon McManus,16789-26247,K,Brandon,,McManus,8.75,8,4800,DEN@OAK,DEN,OAK,,,,,,,,,,,,16789-29593:Marqise Lee,16789-29593,WR,Marqise,,Lee,6.971428462,7,4800,JAC@KC,JAC,KC,,,,,,,,,,,,16789-33244:Eli Rogers,16789-33244,WR,Eli,,Rogers,6.5,4,4800,PIT@BAL,PIT,BAL,,,,,,,,,,,,16789-14952:Dan Bailey,16789-14952,K,Dan,,Bailey,9.857142857,7,4800,DAL@CLE,DAL,CLE,,,,,,,,,,,,16789-38509:Wendell Smallwood,16789-38509,RB,Wendell,,Smallwood,3.816666603,6,4800,PHI@NYG,PHI,NYG,,,,,,,,,,,,16789-7972:Darren Sproles,16789-7972,RB,Darren,,Sproles,8.928571429,7,4800,PHI@NYG,PHI,NYG,,,,,,,,,,,,16789-29645:Javorius Allen,16789-29645,RB,Javorius,,Allen,3.049999952,2,4700,PIT@BAL,BAL,PIT,,,,,,,,,,,,16789-26251:Robby Anderson,16789-26251,WR,Robby,,Anderson,4.28333346,6,4700,NYJ@MIA,NYJ,MIA,,,,,,,,,,,,16789-53681:Tyreek Hill,16789-53681,WR,Tyreek,,Hill,8.314285823,7,4700,JAC@KC,KC,JAC,,,,,,,,,,,,16789-37245:Fozzy Whittaker,16789-37245,RB,Fozzy,,Whittaker,6.399999891,7,4700,CAR@LA,CAR,LA,,,,,,,,,,,,16789-15006:Shaun Draughn,16789-15006,RB,Shaun,,Draughn,3.942857197,7,4700,NO@SF,SF,NO,,,,,,,,,,,,16789-29314:Richard Rodgers,16789-29314,TE,Richard,,Rodgers,3.149999936,6,4700,IND@GB,GB,IND,,,,,,,,,,,,16789-28486:Corey Brown,16789-28486,WR,Corey,,Brown,4.428571429,7,4700,CAR@LA,CAR,LA,,,,,,,,,,,,16789-30261:Caleb Sturgis,16789-30261,K,Caleb,,Sturgis,10.57142857,7,4700,PHI@NYG,PHI,NYG,,,,,,,,,,,,16789-25775:Clive Walford,16789-25775,TE,Clive,,Walford,4.871428353,7,4700,DEN@OAK,OAK,DEN,,,,,,,,,,,,16789-62619:Andrew Franks,16789-62619,K,Andrew,,Franks,6.142857143,7,4700,NYJ@MIA,MIA,NYJ,,,,,,,,,,,,16789-39449:Charles Johnson,16789-39449,WR,Charles,,Johnson,1.742857116,7,4700,DET@MIN,MIN,DET,,,,,,,,,,,,16789-33714:Cairo Santos,16789-33714,K,Cairo,,Santos,9.285714286,7,4700,JAC@KC,KC,JAC,,,,,,,,,,,,16789-47523:Tajae Sharpe,16789-47523,WR,Tajae,,Sharpe,4.6875,8,4700,TEN@SD,TEN,SD,,,,,,,,,,,,16789-6857:Justin Forsett,16789-6857,RB,Justin,,Forsett,5.040000153,5,4700,DET@MIN,DET,MIN,,,,,,,,,,,,16789-6897:Mason Crosby,16789-6897,K,Mason,,Crosby,8.571428571,7,4700,IND@GB,GB,IND,,,,,,,,,,,,16789-12539:Miami Dolphins,16789-12539,D,Miami,,Dolphins,6,7,4700,NYJ@MIA,MIA,NYJ,,,,,,,,,,,,16789-28080:Devin Funchess,16789-28080,WR,Devin,,Funchess,5.666666667,6,4700,CAR@LA,CAR,LA,,,,,,,,,,,,16789-28157:Bennie Fowler,16789-28157,WR,Bennie,,Fowler,2.5,6,4700,DEN@OAK,DEN,OAK,,,,,,,,,,,,16789-22958:Bobby Rainey,16789-22958,RB,Bobby,,Rainey,5.520000076,5,4600,PHI@NYG,NYG,PHI,Q,Calf,,,,,,,,,,16789-38269:Cameron Artis-Payne,16789-38269,RB,Cameron,,Artis-Payne,9.333333333,3,4600,CAR@LA,CAR,LA,,,,,,,,,,,,16789-29357:Kenjon Barner,16789-29357,RB,Kenjon,,Barner,3.420000076,5,4600,PHI@NYG,PHI,NYG,,,,,,,,,,,,16789-32429:Josh Lambo,16789-32429,K,Josh,,Lambo,9.625,8,4600,TEN@SD,SD,TEN,,,,,,,,,,,,16789-32058:Chris Boswell,16789-32058,K,Chris,,Boswell,6.571428571,7,4600,PIT@BAL,PIT,BAL,,,,,,,,,,,,16789-12545:Philadelphia Eagles,16789-12545,D,Philadelphia,,Eagles,12.57142857,7,4600,PHI@NYG,PHI,NYG,,,,,,,,,,,,16789-39427:Quinton Patton,16789-39427,WR,Quinton,,Patton,4.028571538,7,4600,NO@SF,SF,NO,,,,,,,,,,,,16789-33691:Orleans Darkwa,16789-33691,RB,Orleans,,Darkwa,6.324999809,4,4600,PHI@NYG,NYG,PHI,,,,,,,,,,,,16789-16923:Austin Seferian-Jenkins,16789-16923,TE,Austin,,Seferian-Jenkins,4.866666794,3,4600,NYJ@MIA,NYJ,MIA,,,,,,,,,,,,16789-7831:Sebastian Janikowski,16789-7831,K,Sebastian,,Janikowski,8.625,8,4600,DEN@OAK,OAK,DEN,,,,,,,,,,,,16789-26094:Brandon Coleman,16789-26094,WR,Brandon,,Coleman,5.083333333,6,4600,NO@SF,NO,SF,,,,,,,,,,,,16789-22110:Blair Walsh,16789-22110,K,Blair,,Walsh,7.285714286,7,4600,DET@MIN,MIN,DET,,,,,,,,,,,,16789-22113:Alfred Morris,16789-22113,RB,Alfred,,Morris,3.757142748,7,4600,DAL@CLE,DAL,CLE,,,,,,,,,,,,16789-22003:Ronnie Hillman,16789-22003,RB,Ronnie,,Hillman,1.75,2,4500,DET@MIN,MIN,DET,,,,,,,,,,,,16789-47828:Antonio Andrews,16789-47828,RB,Antonio,,Andrews,0,2,4500,TEN@SD,TEN,SD,,,,,,,,,,,,16789-22010:DeVier Posey,16789-22010,WR,DeVier,,Posey,0,0,4500,DEN@OAK,DEN,OAK,,,,,,,,,,,,16789-33047:Chris Moore,16789-33047,WR,Chris,,Moore,1.183333317,6,4500,PIT@BAL,BAL,PIT,,,,,,,,,,,,16789-6567:David Johnson,16789-6567,TE,David,,Johnson,1.274999976,4,4500,PIT@BAL,PIT,BAL,,,,,,,,,,,,16789-70423:Anthony Norris,16789-70423,TE,Anthony,,Norris,0,0,4500,DEN@OAK,DEN,OAK,,,,,,,,,,,,16789-21984:Isaiah Pead,16789-21984,RB,Isaiah,,Pead,1.649999976,2,4500,NYJ@MIA,MIA,NYJ,,,,,,,,,,,,16789-33037:Kenbrell Thompkins,16789-33037,WR,Kenbrell,,Thompkins,4.166666667,6,4500,NYJ@MIA,NYJ,MIA,,,,,,,,,,,,16789-47861:Mitchell Henry,16789-47861,TE,Mitchell,,Henry,0,2,4500,IND@GB,GB,IND,,,,,,,,,,,,16789-21972:Brian Quick,16789-21972,WR,Brian,,Quick,9.100000109,7,4500,CAR@LA,LA,CAR,,,,,,,,,,,,16789-70444:Paul McRoberts,16789-70444,WR,Paul,,McRoberts,0,0,4500,CAR@LA,LA,CAR,,,,,,,,,,,,16789-30654:Jerell Adams,16789-30654,TE,Jerell,,Adams,2.349999905,2,4500,PHI@NYG,NYG,PHI,,,,,,,,,,,,16789-47870:Tyler Higbee,16789-47870,TE,Tyler,,Higbee,0.400000006,4,4500,CAR@LA,LA,CAR,,,,,,,,,,,,16789-64104:Terrell Watson,16789-64104,RB,Terrell,,Watson,0,0,4500,DEN@OAK,DEN,OAK,,,,,,,,,,,,16789-41806:Laquon Treadwell,16789-41806,WR,Laquon,,Treadwell,0,2,4500,DET@MIN,MIN,DET,,,,,,,,,,,,16789-45683:Kapri Bibbs,16789-45683,RB,Kapri,,Bibbs,0.899999976,4,4500,DEN@OAK,DEN,OAK,,,,,,,,,,,,16789-70457:Cole Wick,16789-70457,TE,Cole,,Wick,0.933333317,3,4500,DET@MIN,DET,MIN,IR,Knee,,,,,,,,,,16789-29592:Xavier Grimble,16789-29592,TE,Xavier,,Grimble,3.659999847,5,4500,PIT@BAL,PIT,BAL,,,,,,,,,,,,16789-30678:Damiere Byrd,16789-30678,WR,Damiere,,Byrd,0,0,4500,CAR@LA,CAR,LA,,,,,,,,,,,,16789-30684:Brandon Wilds,16789-30684,RB,Brandon,,Wilds,0,0,4500,NYJ@MIA,NYJ,MIA,,,,,,,,,,,,16789-27199:Marcus Murphy,16789-27199,RB,Marcus,,Murphy,0,1,4500,NO@SF,NO,SF,,,,,,,,,,,,16789-29583:Randall Telfer,16789-29583,TE,Randall,,Telfer,0,2,4500,DAL@CLE,CLE,DAL,,,,,,,,,,,,16789-6642:Nick Folk,16789-6642,K,Nick,,Folk,7,8,4500,NYJ@MIA,NYJ,MIA,,,,,,,,,,,,16789-30667:Justice Cunningham,16789-30667,TE,Justice,,Cunningham,0,2,4500,CAR@LA,LA,CAR,,,,,,,,,,,,16789-22849:Cory Harkey,16789-22849,TE,Cory,,Harkey,0.849999984,6,4500,CAR@LA,LA,CAR,,,,,,,,,,,,16789-25225:Quinshad Davis,16789-25225,WR,Quinshad,,Davis,0,0,4500,DET@MIN,DET,MIN,,,,,,,,,,,,16789-70501:C.J. Ham,16789-70501,RB,C.J.,,Ham,0,0,4500,DET@MIN,MIN,DET,,,,,,,,,,,,16789-28246:Isaac Fruechte,16789-28246,WR,Isaac,,Fruechte,0,0,4500,DET@MIN,MIN,DET,,,,,,,,,,,,16789-70506:Ryan O'Malley,16789-70506,TE,Ryan,,O'Malley,0,0,4500,DEN@OAK,OAK,DEN,,,,,,,,,,,,16789-6595:Matt Spaeth,16789-6595,TE,Matt,,Spaeth,0.666666667,3,4500,PIT@BAL,PIT,BAL,,,,,,,,,,,,16789-32632:Bradley Marquez,16789-32632,WR,Bradley,,Marquez,0.925000012,4,4500,CAR@LA,LA,CAR,,,,,,,,,,,,16789-28226:Aaron Burbridge,16789-28226,WR,Aaron,,Burbridge,0.333333333,3,4500,NO@SF,SF,NO,,,,,,,,,,,,16789-28346:Maxx Williams,16789-28346,TE,Maxx,,Williams,4.066666603,12,4500,PIT@BAL,BAL,PIT,IR,Knee,,,,,,,,,,16789-15178:Chase Reynolds,16789-15178,RB,Chase,,Reynolds,0,2,4500,CAR@LA,LA,CAR,,,,,,,,,,,,16789-70557:Jake Lampman,16789-70557,WR,Jake,,Lampman,0,0,4500,NO@SF,NO,SF,Q,Knee,,,,,,,,,,16789-31703:Malcolm Johnson,16789-31703,RB,Malcolm,,Johnson,1.019999981,5,4500,DAL@CLE,CLE,DAL,,,,,,,,,,,,16789-45791:Rashard Higgins,16789-45791,WR,Rashard,,Higgins,1.050000032,6,4500,DAL@CLE,CLE,DAL,,,,,,,,,,,,16789-32674:Jace Amaro,16789-32674,TE,Jace,,Amaro,7.400000095,1,4500,TEN@SD,TEN,SD,,,,,,,,,,,,16789-46767:Je'Ron Hamm,16789-46767,TE,Je'Ron,,Hamm,0,1,4500,NO@SF,SF,NO,,,,,,,,,,,,16789-28311:MarQueis Gray,16789-28311,TE,MarQueis,,Gray,4.800000191,2,4500,NYJ@MIA,MIA,NYJ,,,,,,,,,,,,16789-34288:Rannell Hall,16789-34288,WR,Rannell,,Hall,0,1,4500,DAL@CLE,CLE,DAL,IR,Leg,,,,,,,,,,16789-14266:Daniel Thomas,16789-14266,RB,Daniel,,Thomas,0,0,4500,NYJ@MIA,MIA,NYJ,,,,,,,,,,,,16789-22938:Rod Streater,16789-22938,WR,Rod,,Streater,1.260000038,5,4500,NO@SF,SF,NO,,,,,,,,,,,,16789-14240:Lance Kendricks,16789-14240,TE,Lance,,Kendricks,6.085714068,7,4500,CAR@LA,LA,CAR,,,,,,,,,,,,16789-45821:Isaiah Burse,16789-45821,WR,Isaiah,,Burse,0,0,4500,TEN@SD,SD,TEN,,,,,,,,,,,,16789-32703:Jakeem Grant,16789-32703,WR,Jakeem,,Grant,1,6,4500,NYJ@MIA,MIA,NYJ,,,,,,,,,,,,16789-14292:Jordan Cameron,16789-14292,TE,Jordan,,Cameron,5.333333333,3,4500,NYJ@MIA,MIA,NYJ,IR,Concussion,,,,,,,,,,16789-23023:Cooper Helfet,16789-23023,TE,Cooper,,Helfet,2.785714286,7,4500,DEN@OAK,OAK,DEN,,,,,,,,,,,,16789-11890:Bryan Walters,16789-11890,WR,Bryan,,Walters,4.199999809,2,4500,JAC@KC,JAC,KC,,,,,,,,,,,,16789-28408:Kyle Prater,16789-28408,WR,Kyle,,Prater,0,0,4500,NO@SF,NO,SF,,,,,,,,,,,,16789-25135:Marcus Leak,16789-25135,WR,Marcus,,Leak,0,0,4500,IND@GB,IND,GB,,,,,,,,,,,,16789-33218:Bryce Williams,16789-33218,TE,Bryce,,Williams,0,0,4500,CAR@LA,LA,CAR,,,,,,,,,,,,16789-14277:Vincent Brown,16789-14277,WR,Vincent,,Brown,2.700000048,1,4500,NO@SF,NO,SF,,,,,,,,,,,,16789-45723:Crockett Gillmore,16789-45723,TE,Crockett,,Gillmore,3.420000076,5,4500,PIT@BAL,BAL,PIT,O,Thigh,,,,,,,,,,16789-43826:Tommylee Lewis,16789-43826,WR,Tommylee,,Lewis,1.916666667,6,4500,NO@SF,NO,SF,,,,,,,,,,,,16789-14327:Anthony Sherman,16789-14327,RB,Anthony,,Sherman,0.433333317,3,4500,JAC@KC,KC,JAC,,,,,,,,,,,,16789-34224:Kennard Backman,16789-34224,TE,Kennard,,Backman,0,7,4500,IND@GB,GB,IND,,,,,,,,,,,,16789-54280:Duke Williams,16789-54280,WR,Duke,,Williams,0,0,4500,CAR@LA,LA,CAR,,,,,,,,,,,,16789-23003:Phillip Supernaw,16789-23003,TE,Phillip,,Supernaw,2.049999952,4,4500,TEN@SD,TEN,SD,,,,,,,,,,,,16789-27273:Andy Janovich,16789-27273,RB,Andy,,Janovich,2.879999924,5,4500,DEN@OAK,DEN,OAK,,,,,,,,,,,,16789-14305:Roy Helu Jr.,16789-14305,RB,Roy,,Helu Jr.,2.737499952,8,4500,DEN@OAK,OAK,DEN,,,,,,,,,,,,16789-29477:Connor Hamlett,16789-29477,TE,Connor,,Hamlett,8.199999809,1,4500,DAL@CLE,CLE,DAL,,,,,,,,,,,,16789-44893:Roosevelt Nix,16789-44893,RB,Roosevelt,,Nix,0.866666635,3,4500,PIT@BAL,PIT,BAL,,,,,,,,,,,,16789-14319:Taiwan Jones,16789-14319,RB,Taiwan,,Jones,0.633333325,3,4500,DEN@OAK,OAK,DEN,Q,Knee,,,,,,,,,,16789-6488:Dwayne Bowe,16789-6488,WR,Dwayne,,Bowe,1.114285742,7,4500,DAL@CLE,CLE,DAL,,,,,,,,,,,,16789-32287:Cayleb Jones,16789-32287,WR,Cayleb,,Jones,0,0,4500,PHI@NYG,PHI,NYG,,,,,,,,,,,,16789-38264:Demarcus Robinson,16789-38264,WR,Demarcus,,Robinson,0,0,4500,JAC@KC,KC,JAC,,,,,,,,,,,,16789-10030:Harry Douglas,16789-10030,WR,Harry,,Douglas,3.049999952,2,4500,TEN@SD,TEN,SD,,,,,,,,,,,,16789-29404:Byron Marshall,16789-29404,RB,Byron,,Marshall,0,0,4500,PHI@NYG,PHI,NYG,,,,,,,,,,,,16789-31308:Quan Bray,16789-31308,WR,Quan,,Bray,0.966666698,6,4500,IND@GB,IND,GB,IR,Ankle,,,,,,,,,,16789-12903:Andrew Hawkins,16789-12903,WR,Andrew,,Hawkins,6.425000191,8,4500,DAL@CLE,CLE,DAL,,,,,,,,,,,,16789-39305:A.J. Derby,16789-39305,TE,A.J.,,Derby,0,0,4500,DEN@OAK,DEN,OAK,,,,,,,,,,,,16789-54742:Scott Simonson,16789-54742,TE,Scott,,Simonson,1.5,1,4500,CAR@LA,CAR,LA,,,,,,,,,,,,16789-32807:Anthony Denham,16789-32807,TE,Anthony,,Denham,0,0,4500,PHI@NYG,PHI,NYG,,,,,,,,,,,,16789-32309:M.J. McFarland,16789-32309,TE,M.J.,,McFarland,0,0,4500,PHI@NYG,PHI,NYG,,,,,,,,,,,,16789-25554:Nikita Whitlock,16789-25554,RB,Nikita,,Whitlock,0,14,4500,PHI@NYG,NYG,PHI,O,Suspension,,,,,,,,,,16789-30385:Marlon Brown,16789-30385,WR,Marlon,,Brown,2.022222307,9,4500,DEN@OAK,DEN,OAK,,,,,,,,,,,,16789-55577:Hunter Sharp,16789-55577,WR,Hunter,,Sharp,0,0,4500,PHI@NYG,PHI,NYG,,,,,,,,,,,,16789-28437:Danny Vitale,16789-28437,TE,Danny,,Vitale,0,0,4500,DAL@CLE,CLE,DAL,,,,,,,,,,,,16789-29327:Bralon Addison,16789-29327,WR,Bralon,,Addison,0,0,4500,DEN@OAK,DEN,OAK,,,,,,,,,,,,16789-30403:Chris Conley,16789-30403,WR,Chris,,Conley,5.728571211,7,4500,JAC@KC,KC,JAC,,,,,,,,,,,,16789-44784:Darius Jackson,16789-44784,RB,Darius,,Jackson,0,0,4500,DAL@CLE,DAL,CLE,,,,,,,,,,,,16789-30412:Tavarres King,16789-30412,WR,Tavarres,,King,0,1,4500,PHI@NYG,NYG,PHI,,,,,,,,,,,,16789-27439:Durron Neal,16789-27439,WR,Durron,,Neal,0,0,4500,DEN@OAK,DEN,OAK,,,,,,,,,,,,16789-31263:Ricardo Louis,16789-31263,WR,Ricardo,,Louis,3.757142748,7,4500,DAL@CLE,CLE,DAL,Q,Hamstring,,,,,,,,,,16789-44791:Bronson Hill,16789-44791,RB,Bronson,,Hill,0,0,4500,JAC@KC,JAC,KC,,,,,,,,,,,,16789-31261:Tre Mason,16789-31261,RB,Tre,,Mason,3.269230769,13,4500,CAR@LA,LA,CAR,O,Personal,,,,,,,,,,16789-26598:Nelson Spruce,16789-26598,WR,Nelson,,Spruce,0,0,4500,CAR@LA,LA,CAR,O,Calf,,,,,,,,,,16789-27441:Damien Williams,16789-27441,RB,Damien,,Williams,6.766666412,6,4500,NYJ@MIA,MIA,NYJ,,,,,,,,,,,,16789-39411:Gavin Escobar,16789-39411,TE,Gavin,,Escobar,2.057142803,7,4500,DAL@CLE,DAL,CLE,,,,,,,,,,,,16789-29340:Josh Huff,16789-29340,WR,Josh,,Huff,3.814285823,7,4500,PHI@NYG,PHI,NYG,,,,,,,,,,,,16789-54694:Justin Perillo,16789-54694,TE,Justin,,Perillo,1.350000024,2,4500,IND@GB,GB,IND,,,,,,,,,,,,16789-16078:Ross Travis,16789-16078,TE,Ross,,Travis,0.666666667,3,4500,JAC@KC,KC,JAC,,,,,,,,,,,,16789-31280:Cody Parkey,16789-31280,K,Cody,,Parkey,7.833333333,6,4500,DAL@CLE,CLE,DAL,,,,,,,,,,,,16789-27403:Blake Bell,16789-27403,TE,Blake,,Bell,0.666666667,3,4500,NO@SF,SF,NO,,,,,,,,,,,,16789-28487:Jeff Heuerman,16789-28487,TE,Jeff,,Heuerman,1.933333397,3,4500,DEN@OAK,DEN,OAK,,,,,,,,,,,,16789-29351:De'Anthony Thomas,16789-29351,WR,De'Anthony,,Thomas,1.600000064,3,4500,JAC@KC,KC,JAC,,,,,,,,,,,,16789-27411:Aaron Ripkowski,16789-27411,RB,Aaron,,Ripkowski,2.075000048,4,4500,IND@GB,GB,IND,,,,,,,,,,,,16789-33840:Keyarris Garrett,16789-33840,WR,Keyarris,,Garrett,0,0,4500,CAR@LA,CAR,LA,,,,,,,,,,,,16789-31269:Corey Grant,16789-31269,RB,Corey,,Grant,2,4,4500,JAC@KC,JAC,KC,,,,,,,,,,,,16789-28502:Devin Smith,16789-28502,WR,Devin,,Smith,2.857142857,7,4500,NYJ@MIA,NYJ,MIA,NA,Knee,,,,,,,,,,16789-54659:Tony Washington,16789-54659,WR,Tony,,Washington,0.800000012,1,4500,JAC@KC,JAC,KC,,,,,,,,,,,,16789-25463:Canaan Severin,16789-25463,WR,Canaan,,Severin,0,0,4500,PIT@BAL,PIT,BAL,IR,Undisclosed,,,,,,,,,,16789-32410:Trey Williams,16789-32410,RB,Trey,,Williams,1.200000048,1,4500,IND@GB,IND,GB,,,,,,,,,,,,16789-54651:Dominique Williams,16789-54651,RB,Dominique,,Williams,0,0,4500,NYJ@MIA,NYJ,MIA,,,,,,,,,,,,16789-26411:Ryan Malleck,16789-26411,TE,Ryan,,Malleck,0,0,4500,PHI@NYG,NYG,PHI,,,,,,,,,,,,16789-34014:Aaron Dobson,16789-34014,WR,Aaron,,Dobson,3.433333397,6,4500,DET@MIN,DET,MIN,,,,,,,,,,,,16789-31435:Nic Jacobs,16789-31435,TE,Nic,,Jacobs,0.366666675,3,4500,PIT@BAL,BAL,PIT,,,,,,,,,,,,16789-47953:Lucky Whitehead,16789-47953,WR,Lucky,,Whitehead,1.471428599,7,4500,DAL@CLE,DAL,CLE,,,,,,,,,,,,16789-30228:Tyler Murphy,16789-30228,WR,Tyler,,Murphy,2.099999905,1,4500,NYJ@MIA,MIA,NYJ,,,,,,,,,,,,16789-28545:Rod Smith,16789-28545,RB,Rod,,Smith,0.449999988,2,4500,DAL@CLE,DAL,CLE,,,,,,,,,,,,16789-70335:Seth DeValve,16789-70335,TE,Seth,,DeValve,1,1,4500,DAL@CLE,CLE,DAL,,,,,,,,,,,,16789-53532:Roger Lewis,16789-53532,WR,Roger,,Lewis,5.050000191,2,4500,PHI@NYG,NYG,PHI,,,,,,,,,,,,16789-54612:Lorenzo Taliaferro,16789-54612,RB,Lorenzo,,Taliaferro,2.5,1,4500,PIT@BAL,BAL,PIT,,,,,,,,,,,,16789-55694:Mike Thomas,16789-55694,WR,Mike,,Thomas,0,3,4500,CAR@LA,LA,CAR,,,,,,,,,,,,16789-54623:Jeff Janis,16789-54623,WR,Jeff,,Janis,3.825000048,4,4500,IND@GB,GB,IND,,,,,,,,,,,,16789-29290:Bryce Treggs,16789-29290,WR,Bryce,,Treggs,0,0,4500,PHI@NYG,PHI,NYG,,,,,,,,,,,,16789-7244:John Kuhn,16789-7244,RB,John,,Kuhn,5.23333327,6,4500,NO@SF,NO,SF,,,,,,,,,,,,16789-28562:Jake Stoneburner,16789-28562,TE,Jake,,Stoneburner,6.400000254,3,4500,NO@SF,NO,SF,,,,,,,,,,,,16789-29304:Daniel Lasco,16789-29304,RB,Daniel,,Lasco,1.76666673,3,4500,NO@SF,NO,SF,O,Hamstring,,,,,,,,,,16789-21547:Will Johnson,16789-21547,RB,Will,,Johnson,2.260000038,5,4500,PHI@NYG,NYG,PHI,IR,Shoulder,,,,,,,,,,16789-72262:Nick Truesdell,16789-72262,TE,Nick,,Truesdell,0,0,4500,IND@GB,IND,GB,,,,,,,,,,,,16789-31378:Kadron Boone,16789-31378,WR,Kadron,,Boone,0,0,4500,PHI@NYG,NYG,PHI,,,,,,,,,,,,16789-22774:Jonas Gray,16789-22774,RB,Jonas,,Gray,4.100000109,7,4500,JAC@KC,JAC,KC,,,,,,,,,,,,16789-22767:Brian Tyms,16789-22767,WR,Brian,,Tyms,0,0,4500,IND@GB,IND,GB,,,,,,,,,,,,16789-30297:Trey Burton,16789-30297,TE,Trey,,Burton,3.26666673,6,4500,PHI@NYG,PHI,NYG,,,,,,,,,,,,16789-22754:Garrett Celek,16789-22754,TE,Garrett,,Celek,3.316666603,6,4500,NO@SF,SF,NO,,,,,,,,,,,,16789-70342:Temarrick Hemingway,16789-70342,TE,Temarrick,,Hemingway,0,0,4500,CAR@LA,LA,CAR,,,,,,,,,,,,16789-22746:Kashif Moore,16789-22746,WR,Kashif,,Moore,0,0,4500,JAC@KC,KC,JAC,,,,,,,,,,,,16789-33978:Devon Johnson,16789-33978,RB,Devon,,Johnson,0,0,4500,CAR@LA,CAR,LA,IR,Undisclosed,,,,,,,,,,16789-29237:Chris Harper,16789-29237,WR,Chris,,Harper,-0.299999992,3,4500,NO@SF,SF,NO,,,,,,,,,,,,16789-32483:Josh Boyce,16789-32483,WR,Josh,,Boyce,0,0,4500,DAL@CLE,CLE,DAL,,,,,,,,,,,,16789-25356:Benson Browne,16789-25356,TE,Benson,,Browne,0,0,4500,CAR@LA,LA,CAR,,,,,,,,,,,,16789-70373:Mike Miller,16789-70373,TE,Mike,,Miller,0,0,4500,IND@GB,IND,GB,,,,,,,,,,,,16789-70372:Chester Rogers,16789-70372,WR,Chester,,Rogers,3.51666673,6,4500,IND@GB,IND,GB,,,,,,,,,,,,16789-61666:Jared Dangerfield,16789-61666,WR,Jared,,Dangerfield,0,0,4500,NO@SF,NO,SF,,,,,,,,,,,,16789-32045:Vance McDonald,16789-32045,TE,Vance,,McDonald,6.040000153,5,4500,NO@SF,SF,NO,,,,,,,,,,,,16789-27672:Matt LaCosse,16789-27672,TE,Matt,,LaCosse,3.700000048,1,4500,PHI@NYG,NYG,PHI,IR,Knee,,,,,,,,,,16789-25751:Chris Pantale,16789-25751,TE,Chris,,Pantale,0,0,4500,PHI@NYG,PHI,NYG,,,,,,,,,,,,16789-24797:Juwan Thompson,16789-24797,RB,Juwan,,Thompson,6.099999905,1,4500,DEN@OAK,DEN,OAK,,,,,,,,,,,,16789-33571:George Atkinson III,16789-33571,RB,George,,Atkinson III,0,5,4500,DAL@CLE,CLE,DAL,,,,,,,,,,,,16789-62600:Joshua Stangby,16789-62600,WR,Joshua,,Stangby,0,0,4500,IND@GB,IND,GB,,,,,,,,,,,,16789-11454:Dexter McCluster,16789-11454,RB,Dexter,,McCluster,1.216666698,6,4500,TEN@SD,SD,TEN,O,Forearm,,,,,,,,,,16789-62623:John Crockett,16789-62623,RB,John,,Crockett,1.049999952,2,4500,IND@GB,GB,IND,IR,Shoulder,,,,,,,,,,16789-27692:Josh Ferguson,16789-27692,RB,Josh,,Ferguson,3.285714286,7,4500,IND@GB,IND,GB,,,,,,,,,,,,16789-62617:Khari Lee,16789-62617,TE,Khari,,Lee,0,1,4500,DET@MIN,DET,MIN,,,,,,,,,,,,16789-38517:Dreamius Smith,16789-38517,RB,Dreamius,,Smith,0,2,4500,TEN@SD,SD,TEN,,,,,,,,,,,,16789-38523:Geoff Swaim,16789-38523,TE,Geoff,,Swaim,1.560000038,5,4500,DAL@CLE,DAL,CLE,,,,,,,,,,,,16789-25789:Rashawn Scott,16789-25789,WR,Rashawn,,Scott,0,0,4500,NYJ@MIA,MIA,NYJ,,,,,,,,,,,,16789-48380:Wil Lutz,16789-48380,K,Wil,,Lutz,9.142857143,7,4500,NO@SF,NO,SF,,,,,,,,,,,,16789-14761:Andre Holmes,16789-14761,WR,Andre,,Holmes,2.899999891,7,4500,DEN@OAK,OAK,DEN,,,,,,,,,,,,16789-60745:Jason Myers,16789-60745,K,Jason,,Myers,7.571428571,7,4500,JAC@KC,JAC,KC,,,,,,,,,,,,16789-11457:Arrelious Benn,16789-11457,WR,Arrelious,,Benn,3,6,4500,JAC@KC,JAC,KC,,,,,,,,,,,,16789-24720:Braxton Deaver,16789-24720,TE,Braxton,,Deaver,0,0,4500,CAR@LA,CAR,LA,,,,,,,,,,,,16789-25827:Asante Cleveland,16789-25827,TE,Asante,,Cleveland,0.600000024,1,4500,TEN@SD,SD,TEN,,,,,,,,,,,,16789-27771:Cody Latimer,16789-27771,WR,Cody,,Latimer,0.925000012,4,4500,DEN@OAK,DEN,OAK,,,,,,,,,,,,16789-11504:Andre Roberts,16789-11504,WR,Andre,,Roberts,2.424999952,8,4500,DET@MIN,DET,MIN,,,,,,,,,,,,16789-48344:Albert Wilson,16789-48344,WR,Albert,,Wilson,3.079999924,5,4500,JAC@KC,KC,JAC,,,,,,,,,,,,16789-30989:Kenyan Drake,16789-30989,RB,Kenyan,,Drake,4.775000095,4,4500,NYJ@MIA,MIA,NYJ,,,,,,,,,,,,16789-30990:Jalston Fowler,16789-30990,RB,Jalston,,Fowler,1.899999976,1,4500,TEN@SD,TEN,SD,,,,,,,,,,,,16789-39678:E.J. Bibbs,16789-39678,TE,E.J.,,Bibbs,0.600000024,2,4500,DAL@CLE,CLE,DAL,,,,,,,,,,,,16789-39649:Benny Cunningham,16789-39649,RB,Benny,,Cunningham,1.966666698,6,4500,CAR@LA,LA,CAR,,,,,,,,,,,,16789-12548:San Diego Chargers,16789-12548,D,San Diego,,Chargers,7.625,8,4500,TEN@SD,SD,TEN,,,,,,,,,,,,16789-11488:Ed Dickson,16789-11488,TE,Ed,,Dickson,3.825000048,4,4500,CAR@LA,CAR,LA,,,,,,,,,,,,16789-26657:Christian Powell,16789-26657,RB,Christian,,Powell,0,0,4500,PIT@BAL,PIT,BAL,,,,,,,,,,,,16789-32082:Jordan Taylor,16789-32082,WR,Jordan,,Taylor,1.625,4,4500,DEN@OAK,DEN,OAK,,,,,,,,,,,,16789-15838:Erik Swoope,16789-15838,TE,Erik,,Swoope,5.100000064,3,4500,IND@GB,IND,GB,,,,,,,,,,,,16789-22447:Griff Whalen,16789-22447,WR,Griff,,Whalen,0.566666683,3,4500,TEN@SD,SD,TEN,,,,,,,,,,,,16789-62508:James O'Shaughnessy,16789-62508,TE,James,,O'Shaughnessy,2.339999962,5,4500,JAC@KC,KC,JAC,,,,,,,,,,,,16789-62505:MyCole Pruitt,16789-62505,TE,MyCole,,Pruitt,1.200000048,1,4500,DET@MIN,MIN,DET,,,,,,,,,,,,16789-62515:Neal Sterling,16789-62515,TE,Neal,,Sterling,1.5,1,4500,JAC@KC,JAC,KC,,,,,,,,,,,,16789-39428:Kyle Juszczyk,16789-39428,RB,Kyle,,Juszczyk,3.228571483,7,4500,PIT@BAL,BAL,PIT,,,,,,,,,,,,16789-32185:Zach Line,16789-32185,RB,Zach,,Line,0.266666671,3,4500,DET@MIN,MIN,DET,,,,,,,,,,,,16789-10354:Marcel Reece,16789-10354,RB,Marcel,,Reece,4.233333333,15,4500,DEN@OAK,OAK,DEN,,,,,,,,,,,,16789-24679:Zac Brooks,16789-24679,RB,Zac,,Brooks,0,0,4500,JAC@KC,KC,JAC,,,,,,,,,,,,16789-38651:Beau Sandland,16789-38651,TE,Beau,,Sandland,0,0,4500,CAR@LA,CAR,LA,,,,,,,,,,,,16789-18009:Chris Manhertz,16789-18009,TE,Chris,,Manhertz,0,0,4500,CAR@LA,CAR,LA,,,,,,,,,,,,16789-31191:Mekale McKay,16789-31191,WR,Mekale,,McKay,0,0,4500,IND@GB,IND,GB,,,,,,,,,,,,16789-39512:Kendall Gaskins,16789-39512,RB,Kendall,,Gaskins,3.674999952,4,4500,NO@SF,SF,NO,,,,,,,,,,,,16789-32234:Malcolm Brown,16789-32234,RB,Malcolm,,Brown,2.549999952,2,4500,CAR@LA,LA,CAR,,,,,,,,,,,,16789-22292:Lance Dunbar,16789-22292,RB,Lance,,Dunbar,3.75,4,4500,DAL@CLE,DAL,CLE,Q,Knee,,,,,,,,,,16789-14643:DuJuan Harris,16789-14643,RB,DuJuan,,Harris,6.699999809,1,4500,NO@SF,SF,NO,,,,,,,,,,,,16789-34729:Dwayne Washington,16789-34729,RB,Dwayne,,Washington,3.775000095,4,4500,DET@MIN,DET,MIN,,,,,,,,,,,,16789-25694:Andre Williams,16789-25694,RB,Andre,,Williams,2.181250095,16,4500,TEN@SD,SD,TEN,,,,,,,,,,,,16789-31157:Cobi Hamilton,16789-31157,WR,Cobi,,Hamilton,7.849999905,2,4500,PIT@BAL,PIT,BAL,,,,,,,,,,,,16789-7001:Kellen Davis,16789-7001,TE,Kellen,,Davis,0,1,4500,NYJ@MIA,NYJ,MIA,O,Elbow,,,,,,,,,,16789-39492:Josh Hill,16789-39492,TE,Josh,,Hill,3.73333327,3,4500,NO@SF,NO,SF,,,,,,,,,,,,16789-24621:Charone Peake,16789-24621,WR,Charone,,Peake,4.3,5,4500,NYJ@MIA,NYJ,MIA,,,,,,,,,,,,16789-7975:Mike Tolbert,16789-7975,RB,Mike,,Tolbert,1.228571483,7,4500,CAR@LA,CAR,LA,,,,,,,,,,,,16789-28933:Jared Abbrederis,16789-28933,WR,Jared,,Abbrederis,0.649999976,2,4500,IND@GB,GB,IND,,,,,,,,,,,,16789-62544:Brandon Wegher,16789-62544,RB,Brandon,,Wegher,0,1,4500,CAR@LA,CAR,LA,,,,,,,,,,,,16789-22317:Brenton Bersin,16789-22317,WR,Brenton,,Bersin,2.879999924,5,4500,CAR@LA,CAR,LA,,,,,,,,,,,,16789-33733:Xavier Rush,16789-33733,WR,Xavier,,Rush,0,0,4500,PHI@NYG,PHI,NYG,,,,,,,,,,,,16789-27918:Henry Krieger-Coble,16789-27918,TE,Henry,,Krieger-Coble,0,0,4500,DEN@OAK,DEN,OAK,,,,,,,,,,,,16789-25052:Zach Laskey,16789-25052,RB,Zach,,Laskey,0,0,4500,CAR@LA,LA,CAR,IR,Undisclosed,,,,,,,,,,16789-22220:Sean McGrath,16789-22220,TE,Sean,,McGrath,0.899999976,2,4500,TEN@SD,SD,TEN,,,,,,,,,,,,16789-21123:Larry Donnell,16789-21123,TE,Larry,,Donnell,4.140000153,5,4500,PHI@NYG,NYG,PHI,,,,,,,,,,,,16789-29866:Paul Perkins,16789-29866,RB,Paul,,Perkins,4.349999905,4,4500,PHI@NYG,NYG,PHI,,,,,,,,,,,,16789-57556:Jerome Cunningham,16789-57556,TE,Jerome,,Cunningham,1.649999936,6,4500,TEN@SD,TEN,SD,,,,,,,,,,,,16789-23046:Jamize Olawale,16789-23046,RB,Jamize,,Olawale,4.142857143,7,4500,DEN@OAK,OAK,DEN,Q,Ankle,,,,,,,,,,16789-40913:Thomas Duarte,16789-40913,TE,Thomas,,Duarte,0,0,4500,NYJ@MIA,MIA,NYJ,,,,,,,,,,,,16789-23055:Brandon Bostick,16789-23055,TE,Brandon,,Bostick,0.574999988,4,4500,NYJ@MIA,NYJ,MIA,,,,,,,,,,,,16789-22244:Beau Brinkley,16789-22244,TE,Beau,,Brinkley,0,16,4500,TEN@SD,TEN,SD,,,,,,,,,,,,16789-30807:Mychal Rivera,16789-30807,TE,Mychal,,Rivera,3.900000095,4,4500,DEN@OAK,OAK,DEN,,,,,,,,,,,,16789-43260:Darion Griswold,16789-43260,TE,Darion,,Griswold,0,0,4500,IND@GB,IND,GB,,,,,,,,,,,,16789-26045:Leonte Carroo,16789-26045,WR,Leonte,,Carroo,1.200000048,2,4500,NYJ@MIA,MIA,NYJ,,,,,,,,,,,,16789-40932:Pharoh Cooper,16789-40932,WR,Pharoh,,Cooper,0,1,4500,CAR@LA,LA,CAR,,,,,,,,,,,,16789-28890:Derek Watt,16789-28890,RB,Derek,,Watt,2.099999905,4,4500,TEN@SD,SD,TEN,,,,,,,,,,,,16789-22258:Travaris Cadet,16789-22258,RB,Travaris,,Cadet,3.685714177,7,4500,NO@SF,NO,SF,,,,,,,,,,,,16789-6823:John Phillips,16789-6823,TE,John,,Phillips,4.166666667,3,4500,DEN@OAK,DEN,OAK,,,,,,,,,,,,16789-29854:Kevin McDermott,16789-29854,TE,Kevin,,McDermott,0,16,4500,DET@MIN,MIN,DET,,,,,,,,,,,,16789-31748:Levi Norwood,16789-31748,WR,Levi,,Norwood,0,0,4500,PIT@BAL,PIT,BAL,,,,,,,,,,,,16789-26076:Sam Bergen,16789-26076,RB,Sam,,Bergen,0,0,4500,TEN@SD,TEN,SD,,,,,,,,,,,,16789-27974:Tevaun Smith,16789-27974,WR,Tevaun,,Smith,0,0,4500,IND@GB,IND,GB,,,,,,,,,,,,16789-26057:Michael Burton,16789-26057,RB,Michael,,Burton,1.637500048,8,4500,DET@MIN,DET,MIN,,,,,,,,,,,,16789-6904:Devin Hester,16789-6904,WR,Devin,,Hester,-0.333333333,6,4500,PIT@BAL,BAL,PIT,,,,,,,,,,,,16789-6910:Robbie Gould,16789-6910,K,Robbie,,Gould,5,1,4500,PHI@NYG,NYG,PHI,,,,,,,,,,,,16789-28807:Gabe Holmes,16789-28807,TE,Gabe,,Holmes,0,0,4500,DEN@OAK,OAK,DEN,IR,Ankle,,,,,,,,,,16789-22188:Daryl Richardson,16789-22188,RB,Daryl,,Richardson,0.349999994,2,4500,PIT@BAL,PIT,BAL,,,,,,,,,,,,16789-11766:Jeff Cumberland,16789-11766,TE,Jeff,,Cumberland,1.45714283,7,4500,TEN@SD,SD,TEN,IR,Achilles,,,,,,,,,,16789-26934:Toben Opurum,16789-26934,RB,Toben,,Opurum,0,2,4500,DEN@OAK,DEN,OAK,,,,,,,,,,,,16789-28030:Fitzgerald Toussaint,16789-28030,RB,Fitzgerald,,Toussaint,0.480000019,5,4500,PIT@BAL,PIT,BAL,,,,,,,,,,,,16789-28021:Sione Houma,16789-28021,RB,Sione,,Houma,0,0,4500,NO@SF,NO,SF,,,,,,,,,,,,16789-25886:Devin Street,16789-25886,WR,Devin,,Street,1.25,2,4500,IND@GB,IND,GB,,,,,,,,,,,,16789-6672:Marcedes Lewis,16789-6672,TE,Marcedes,,Lewis,3.657142912,7,4500,JAC@KC,JAC,KC,,,,,,,,,,,,16789-7761:Jared Cook,16789-7761,TE,Jared,,Cook,2.76666673,3,4500,IND@GB,GB,IND,O,Ankle,,,,,,,,,,16789-6681:Andre Johnson,16789-6681,WR,Andre,,Johnson,4.166666667,6,4500,TEN@SD,TEN,SD,,,,,,,,,,,,16789-22109:Greg Zuerlein,16789-22109,K,Greg,,Zuerlein,7.833333333,6,4500,CAR@LA,LA,CAR,,,,,,,,,,,,16789-12538:Los Angeles Rams,16789-12538,D,Los Angeles,,Rams,7.285714286,7,4500,CAR@LA,LA,CAR,,,,,,,,,,,,16789-11538:Garrett Graham,16789-11538,TE,Garrett,,Graham,1.571428571,7,4500,DEN@OAK,DEN,OAK,,,,,,,,,,,,16789-11543:Clay Harbor,16789-11543,TE,Clay,,Harbor,1.700000048,2,4500,DET@MIN,DET,MIN,,,,,,,,,,,,16789-11562:Andrew Quarless,16789-11562,TE,Andrew,,Quarless,1.699999968,3,4500,DET@MIN,DET,MIN,,,,,,,,,,,,16789-22123:James Hanna,16789-22123,TE,James,,Hanna,1.549999952,8,4500,DAL@CLE,DAL,CLE,NA,Knee,,,,,,,,,,16789-7806:Darren McFadden,16789-7806,RB,Darren,,McFadden,10.98124981,16,4500,DAL@CLE,DAL,CLE,O,Elbow,,,,,,,,,,16789-19342:Demetrius Harris,16789-19342,TE,Demetrius,,Harris,1.857142857,7,4500,JAC@KC,KC,JAC,,,,,,,,,,,,16789-11556:Michael Hoomanawanui,16789-11556,TE,Michael,,Hoomanawanui,2.910000038,10,4500,NO@SF,NO,SF,IR,Lower leg,,,,,,,,,,16789-14406:Bruce Miller,16789-14406,RB,Bruce,,Miller,2.589999962,10,4500,NO@SF,SF,NO,,,,,,,,,,,,16789-31874:Kenneth Farrow,16789-31874,RB,Kenneth,,Farrow,1.075000048,4,4500,TEN@SD,SD,TEN,,,,,,,,,,,,16789-6702:Phil Dawson,16789-6702,K,Phil,,Dawson,6,7,4500,NO@SF,SF,NO,,,,,,,,,,,,16789-28088:Denard Robinson,16789-28088,RB,Denard,,Robinson,1.299999952,2,4500,JAC@KC,JAC,KC,,,,,,,,,,,,16789-22029:Bernard Pierce,16789-22029,RB,Bernard,,Pierce,0.824999988,4,4500,NYJ@MIA,NYJ,MIA,,,,,,,,,,,,16789-48482:David Morgan,16789-48482,TE,David,,Morgan,0,0,4500,DET@MIN,MIN,DET,,,,,,,,,,,,16789-6742:Brent Celek,16789-6742,TE,Brent,,Celek,2.599999905,4,4500,PHI@NYG,PHI,NYG,,,,,,,,,,,,16789-7706:Chase Coffman,16789-7706,TE,Chase,,Coffman,8.550000191,2,4500,IND@GB,IND,GB,,,,,,,,,,,,16789-57348:Glenn Winston,16789-57348,RB,Glenn,,Winston,-2.799999952,1,4500,DAL@CLE,CLE,DAL,IR,Shoulder,,,,,,,,,,16789-14394:Virgil Green,16789-14394,TE,Virgil,,Green,5.5,4,4500,DEN@OAK,DEN,OAK,,,,,,,,,,,,16789-24862:Rashad Greene Sr.,16789-24862,WR,Rashad,,Greene Sr.,0.74000001,5,4500,JAC@KC,JAC,KC,,,,,,,,,,,,16789-14369:Jordan Todman,16789-14369,RB,Jordan,,Todman,0,5,4500,IND@GB,IND,GB,,,,,,,,,,,,16789-45472:Garrett Griffin,16789-45472,TE,Garrett,,Griffin,0,0,4500,NO@SF,NO,SF,,,,,,,,,,,,16789-11609:James Starks,16789-11609,RB,James,,Starks,3.049999952,4,4500,IND@GB,GB,IND,O,Knee,,,,,,,,,,16789-29821:Jordan Payton,16789-29821,WR,Jordan,,Payton,0.400000006,2,4500,DAL@CLE,CLE,DAL,,,,,,,,,,,,16789-22047:Ladarius Green,16789-22047,TE,Ladarius,,Green,6.876923194,13,4500,PIT@BAL,PIT,BAL,NA,Ankle,,,,,,,,,,16789-38790:Jalin Marshall,16789-38790,WR,Jalin,,Marshall,1.083333333,6,4500,NYJ@MIA,NYJ,MIA,,,,,,,,,,,,16789-33531:Ben Koyack,16789-33531,TE,Ben,,Koyack,6.599999905,1,4500,JAC@KC,JAC,KC,,,,,,,,,,,,16789-22034:Chris Givens,16789-22034,WR,Chris,,Givens,3.792857034,14,4500,PHI@NYG,PHI,NYG,,,,,,,,,,,,16789-24847:Will Tye,16789-24847,TE,Will,,Tye,3.41428566,7,4500,PHI@NYG,NYG,PHI,,,,,,,,,,,,16789-28735:Daniel Anthrop,16789-28735,WR,Daniel,,Anthrop,0,0,4500,IND@GB,IND,GB,,,,,,,,,,,,16789-28126:Paul Lang,16789-28126,TE,Paul,,Lang,0,0,4500,PIT@BAL,PIT,BAL,,,,,,,,,,,,16789-33473:Chris Brown,16789-33473,WR,Chris,,Brown,0,0,4500,DAL@CLE,DAL,CLE,,,,,,,,,,,,16789-10531:Jordan Norwood,16789-10531,WR,Jordan,,Norwood,2.487499952,8,4500,DEN@OAK,DEN,OAK,,,,,,,,,,,,16789-29768:Patrick Skov,16789-29768,RB,Patrick,,Skov,0,0,4500,DAL@CLE,CLE,DAL,,,,,,,,,,,,16789-22063:Keshawn Martin,16789-22063,WR,Keshawn,,Martin,-2,1,4500,NO@SF,SF,NO,,,,,,,,,,,,16789-14358:Dwayne Harris,16789-14358,WR,Dwayne,,Harris,-0.285714286,7,4500,PHI@NYG,NYG,PHI,,,,,,,,,,,,16789-22051:Orson Charles,16789-22051,TE,Orson,,Charles,0,0,4500,DET@MIN,DET,MIN,,,,,,,,,,,,16789-6778:Anthony Fasano,16789-6778,TE,Anthony,,Fasano,2.320000076,5,4500,TEN@SD,TEN,SD,,,,,,,,,,,,16789-22048:Robert Turbin,16789-22048,RB,Robert,,Turbin,4.32857132,7,4500,IND@GB,IND,GB,,,,,,,,,,,,16789-6782:Matt Prater,16789-6782,K,Matt,,Prater,8.25,8,4500,DET@MIN,DET,MIN,,,,,,,,,,,,16789-22054:Jarius Wright,16789-22054,WR,Jarius,,Wright,5.199999809,1,4500,DET@MIN,MIN,DET,,,,,,,,,,,,16789-28144:Dion Sims,16789-28144,TE,Dion,,Sims,2.679999924,5,4500,NYJ@MIA,MIA,NYJ,O,Concussion,,,,,,,,,,16789-22065:Rhett Ellison,16789-22065,TE,Rhett,,Ellison,1.5,2,4500,DET@MIN,MIN,DET,,,,,,,,,,,,16789-6767:Ryan Succop,16789-6767,K,Ryan,,Succop,6.875,8,4500,TEN@SD,TEN,SD,,,,,,,,,,,,16789-11635:Marc Mariani,16789-11635,WR,Marc,,Mariani,0,8,4500,TEN@SD,TEN,SD,,,,,,,,,,,,16789-14348:Lee Smith,16789-14348,TE,Lee,,Smith,1.966666698,3,4500,DEN@OAK,OAK,DEN,IR,Ankle,,,,,,,,,,16789-12547:Pittsburgh Steelers,16789-12547,D,Pittsburgh,,Steelers,4.428571429,7,4400,PIT@BAL,PIT,BAL,,,,,,,,,,,,16789-12555:Baltimore Ravens,16789-12555,D,Baltimore,,Ravens,9.285714286,7,4400,PIT@BAL,BAL,PIT,,,,,,,,,,,,16789-12533:Green Bay Packers,16789-12533,D,Green Bay,,Packers,6,7,4400,IND@GB,GB,IND,,,,,,,,,,,,16789-12544:New York Jets,16789-12544,D,New York,,Jets,4.75,8,4300,NYJ@MIA,NYJ,MIA,,,,,,,,,,,,16789-12543:New York Giants,16789-12543,D,New York,,Giants,6.428571429,7,4300,PHI@NYG,NYG,PHI,,,,,,,,,,,,16789-12542:New Orleans Saints,16789-12542,D,New Orleans,,Saints,2.857142857,7,4300,NO@SF,NO,SF,,,,,,,,,,,,16789-12537:Oakland Raiders,16789-12537,D,Oakland,,Raiders,4.5,8,4200,DEN@OAK,OAK,DEN,,,,,,,,,,,,16789-12532:Detroit Lions,16789-12532,D,Detroit,,Lions,5,8,4200,DET@MIN,DET,MIN,,,,,,,,,,,,16789-12534:Tennessee Titans,16789-12534,D,Tennessee,,Titans,6,8,4100,TEN@SD,TEN,SD,,,,,,,,,,,,16789-12549:San Francisco 49ers,16789-12549,D,San Francisco,,49ers,4.714285714,7,4000,NO@SF,SF,NO,,,,,,,,,,,,16789-12554:Jacksonville Jaguars,16789-12554,D,Jacksonville,,Jaguars,2.285714286,7,4000,JAC@KC,JAC,KC,,,,,,,,,,,,16789-12535:Indianapolis Colts,16789-12535,D,Indianapolis,,Colts,3.875,8,4000,IND@GB,IND,GB,,,,,,,,,,,,16789-12529:Cleveland Browns,16789-12529,D,Cleveland,,Browns,3.75,8,4000,DAL@CLE,CLE,DAL,,,,,,,,,,,,16789-41922:Johnny Holton,16789-41922,WR,Johnny,,Holton,1.299999952,4,0,DEN@OAK,OAK,DEN,,