QB,RB,RB,WR,WR,WR,TE,K,D,,Instructions,,,,,,,,,,,,,,,,,,,,,,1) Create a lineup by inserting any player from this list into their appropriate position columns,,,,,,,,,,,,,,,,,,,,,,2) You can paste either the Player ID + Name OR ID from their respective columns,,,,,,,,,,,,,,,,,,,,,,3) Any information to the right of the last position column will be ignored in the upload,,,,,,,,,,,,,,,,,,,,,,4) Maximum of 250 lineups per upload,,,,,,,,,,,,,,,,,,,,,,,,,,,,,,,,,,,,,,,,,,,,Player ID + Player Name,Id,Position,First Name,Last Name,FPPG,Played,Salary,Game,Team,Opponent,Injury Indicator,Injury Details,,,,,,,,,,16502-11612:Antonio Brown,16502-11612,WR,Antonio,Brown,18.72500038,4,9600,NYJ@PIT,PIT,NYJ,,,,,,,,,,,,16502-6894:Aaron Rodgers,16502-6894,QB,Aaron,Rodgers,22.79333242,3,9100,NYG@GB,GB,NYG,,,,,,,,,,,,16502-14190:Julio Jones,16502-14190,WR,Julio,Jones,19.45000076,4,8900,ATL@DEN,ATL,DEN,,,,,,,,,,,,16502-14187:A.J. Green,16502-14187,WR,A.J.,Green,18.70000076,4,8700,CIN@DAL,CIN,DAL,,,,,,,,,,,,16502-6498:Tom Brady,16502-6498,QB,Tom,Brady,21.95000076,16,8700,NE@CLE,NE,CLE,,,,,,,,,,,,16502-6589:Ben Roethlisberger,16502-6589,QB,Ben,Roethlisberger,21.61000061,4,8600,NYJ@PIT,PIT,NYJ,,,,,,,,,,,,16502-28181:Le'Veon Bell,16502-28181,RB,Le'Veon,Bell,20.29999924,1,8600,NYJ@PIT,PIT,NYJ,,,,,,,,,,,,16502-21939:Andrew Luck,16502-21939,QB,Andrew,Luck,19.87000084,4,8600,CHI@IND,IND,CHI,Q,Shoulder,,,,,,,,,,16502-31360:Odell Beckham Jr.,16502-31360,WR,Odell,Beckham Jr.,10.32499981,4,8500,NYG@GB,NYG,GB,,,,,,,,,,,,16502-14254:DeMarco Murray,16502-14254,RB,DeMarco,Murray,21.77499962,4,8400,TEN@MIA,TEN,MIA,,,,,,,,,,,,16502-6893:Jordy Nelson,16502-6893,WR,Jordy,Nelson,17.69999949,3,8400,NYG@GB,GB,NYG,,,,,,,,,,,,16502-7968:Philip Rivers,16502-7968,QB,Philip,Rivers,17.375,4,8300,SD@OAK,SD,OAK,,,,,,,,,,,,16502-6654:Matthew Stafford,16502-6654,QB,Matthew,Stafford,20.07999992,4,8200,PHI@DET,DET,PHI,,,,,,,,,,,,16502-16606:DeAndre Hopkins,16502-16606,WR,DeAndre,Hopkins,10.80000019,4,8200,HOU@MIN,HOU,MIN,,,,,,,,,,,,16502-45859:Derek Carr,16502-45859,QB,Derek,Carr,20.98500061,4,8100,SD@OAK,OAK,SD,,,,,,,,,,,,16502-21980:Alshon Jeffery,16502-21980,WR,Alshon,Jeffery,10.05000019,4,8000,CHI@IND,CHI,IND,Q,Knee,,,,,,,,,,16502-29249:C.J. Anderson,16502-29249,RB,C.J.,Anderson,15.25,4,8000,ATL@DEN,DEN,ATL,,,,,,,,,,,,16502-38791:Ezekiel Elliott,16502-38791,RB,Ezekiel,Elliott,16.14999962,4,7900,CIN@DAL,DAL,CIN,,,,,,,,,,,,16502-14225:Andy Dalton,16502-14225,QB,Andy,Dalton,15.89000034,4,7800,CIN@DAL,CIN,DAL,,,,,,,,,,,,16502-30298:Jordan Reed,16502-30298,TE,Jordan,Reed,12.69999981,4,7800,WAS@BAL,WAS,BAL,,,,,,,,,,,,16502-22103:Marvin Jones Jr.,16502-22103,WR,Marvin,Jones Jr.,17.92499924,4,7800,PHI@DET,DET,PHI,Q,Foot,,,,,,,,,,16502-22037:Lamar Miller,16502-22037,RB,Lamar,Miller,12.35000038,4,7800,HOU@MIN,HOU,MIN,,,,,,,,,,,,16502-6779:LeSean McCoy,16502-6779,RB,LeSean,McCoy,17.72500038,4,7800,BUF@LA,BUF,LA,,,,,,,,,,,,16502-6616:Matt Ryan,16502-6616,QB,Matt,Ryan,27.40500069,4,7700,ATL@DEN,ATL,DEN,,,,,,,,,,,,16502-11432:Demaryius Thomas,16502-11432,WR,Demaryius,Thomas,13.92500019,4,7700,ATL@DEN,DEN,ATL,Q,Hip,,,,,,,,,,16502-11435:Dez Bryant,16502-11435,WR,Dez,Bryant,8.833333333,3,7700,CIN@DAL,DAL,CIN,Q,Knee,,,,,,,,,,16502-28900:Melvin Gordon,16502-28900,RB,Melvin,Gordon,18.47500038,4,7700,SD@OAK,SD,OAK,,,,,,,,,,,,16502-6826:Eli Manning,16502-6826,QB,Eli,Manning,14.26000023,4,7700,NYG@GB,NYG,GB,,,,,,,,,,,,16502-22031:T.Y. Hilton,16502-22031,WR,T.Y.,Hilton,14.52499962,4,7700,CHI@IND,IND,CHI,,,,,,,,,,,,16502-28434:Trevor Siemian,16502-28434,QB,Trevor,Siemian,14.78999996,4,7600,ATL@DEN,DEN,ATL,Q,Shoulder - ac joint,,,,,,,,,,16502-30447:Todd Gurley,16502-30447,RB,Todd,Gurley,10.85000038,4,7600,BUF@LA,LA,BUF,,,,,,,,,,,,16502-6714:Joe Flacco,16502-6714,QB,Joe,Flacco,16.49500084,4,7600,WAS@BAL,BAL,WAS,,,,,,,,,,,,16502-14377:Tyrod Taylor,16502-14377,QB,Tyrod,Taylor,16.22999954,4,7600,BUF@LA,BUF,LA,,,,,,,,,,,,16502-6759:Brandon Marshall,16502-6759,WR,Brandon,Marshall,9.725000381,4,7600,NYJ@PIT,NYJ,PIT,,,,,,,,,,,,16502-11779:LeGarrette Blount,16502-11779,RB,LeGarrette,Blount,14.77499962,4,7500,NE@CLE,NE,CLE,Q,Hip,,,,,,,,,,16502-70324:Carson Wentz,16502-70324,QB,Carson,Wentz,17.6200002,3,7500,PHI@DET,PHI,DET,,,,,,,,,,,,16502-31394:Jarvis Landry,16502-31394,WR,Jarvis,Landry,14.64999962,4,7500,TEN@MIA,MIA,TEN,,,,,,,,,,,,16502-22038:Kirk Cousins,16502-22038,QB,Kirk,Cousins,17.29500008,4,7500,WAS@BAL,WAS,BAL,,,,,,,,,,,,16502-11414:Sam Bradford,16502-11414,QB,Sam,Bradford,14.95333354,3,7400,HOU@MIN,MIN,HOU,,,,,,,,,,,,16502-24920:Devonta Freeman,16502-24920,RB,Devonta,Freeman,14.47500038,4,7400,ATL@DEN,ATL,DEN,,,,,,,,,,,,16502-31716:Dak Prescott,16502-31716,QB,Dak,Prescott,17.54500008,4,7300,CIN@DAL,DAL,CIN,,,,,,,,,,,,16502-31397:Jeremy Hill,16502-31397,RB,Jeremy,Hill,11.32499981,4,7300,CIN@DAL,CIN,DAL,Q,Chest,,,,,,,,,,16502-21994:Brock Osweiler,16502-21994,QB,Brock,Osweiler,13.93999958,4,7200,HOU@MIN,HOU,MIN,,,,,,,,,,,,16502-15212:Terrelle Pryor Sr.,16502-15212,WR,Terrelle,Pryor Sr.,13.35000038,4,7200,NE@CLE,CLE,NE,,,,,,,,,,,,16502-11460:Rob Gronkowski,16502-11460,TE,Rob,Gronkowski,0.800000012,2,7200,NE@CLE,NE,CLE,Q,Hamstring,,,,,,,,,,16502-31001:Amari Cooper,16502-31001,WR,Amari,Cooper,10.94999981,4,7200,SD@OAK,OAK,SD,,,,,,,,,,,,16502-42028:Will Fuller,16502-42028,WR,Will,Fuller,14.94999981,4,7200,HOU@MIN,HOU,MIN,,,,,,,,,,,,16502-25079:Stefon Diggs,16502-25079,WR,Stefon,Diggs,13.875,4,7200,HOU@MIN,MIN,HOU,Q,Groin,,,,,,,,,,16502-42142:Jordan Howard,16502-42142,RB,Jordan,Howard,10,3,7200,CHI@IND,CHI,IND,,,,,,,,,,,,16502-21948:Ryan Tannehill,16502-21948,QB,Ryan,Tannehill,17.40999985,4,7100,TEN@MIA,MIA,TEN,,,,,,,,,,,,16502-14257:Randall Cobb,16502-14257,WR,Randall,Cobb,6.799999873,3,7100,NYG@GB,GB,NYG,,,,,,,,,,,,16502-11505:Emmanuel Sanders,16502-11505,WR,Emmanuel,Sanders,14.94999981,4,7100,ATL@DEN,DEN,ATL,,,,,,,,,,,,16502-6899:Matt Forte,16502-6899,RB,Matt,Forte,15.14999962,4,7100,NYJ@PIT,NYJ,PIT,,,,,,,,,,,,16502-30968:Eddie Lacy,16502-30968,RB,Eddie,Lacy,8.099999746,3,7100,NYG@GB,GB,NYG,,,,,,,,,,,,16502-29358:Marcus Mariota,16502-29358,QB,Marcus,Mariota,12.80000019,4,7000,TEN@MIA,TEN,MIA,,,,,,,,,,,,16502-30837:Jordan Matthews,16502-30837,WR,Jordan,Matthews,13.30000051,3,7000,PHI@DET,PHI,DET,,,,,,,,,,,,16502-7859:Julian Edelman,16502-7859,WR,Julian,Edelman,8.050000191,4,7000,NE@CLE,NE,CLE,Q,Foot,,,,,,,,,,16502-7659:Ryan Fitzpatrick,16502-7659,QB,Ryan,Fitzpatrick,13.19499969,4,6900,NYJ@PIT,NYJ,PIT,,,,,,,,,,,,16502-27477:Sterling Shepard,16502-27477,WR,Sterling,Shepard,12.07499981,4,6900,NYG@GB,NYG,GB,,,,,,,,,,,,16502-30244:Matt Jones,16502-30244,RB,Matt,Jones,11.625,4,6900,WAS@BAL,WAS,BAL,,,,,,,,,,,,16502-9392:Michael Crabtree,16502-9392,WR,Michael,Crabtree,17.45000076,4,6900,SD@OAK,OAK,SD,,,,,,,,,,,,16502-54684:Isaiah Crowell,16502-54684,RB,Isaiah,Crowell,16.42499924,4,6800,NE@CLE,CLE,NE,,,,,,,,,,,,16502-25813:Phillip Dorsett,16502-25813,WR,Phillip,Dorsett,8.074999809,4,6800,CHI@IND,IND,CHI,,,,,,,,,,,,16502-11501:Eric Decker,16502-11501,WR,Eric,Decker,11.96666718,3,6800,NYJ@PIT,NYJ,PIT,Q,Shoulder,,,,,,,,,,16502-6898:Jay Cutler,16502-6898,QB,Jay,Cutler,8.06000042,2,6800,CHI@IND,CHI,IND,Q,Thumb,,,,,,,,,,16502-33463:Paxton Lynch,16502-33463,QB,Paxton,Lynch,10.39999962,1,6800,ATL@DEN,DEN,ATL,,,,,,,,,,,,16502-10777:Arian Foster,16502-10777,RB,Arian,Foster,6.199999809,2,6700,TEN@MIA,MIA,TEN,Q,Hamstring,,,,,,,,,,16502-6739:DeSean Jackson,16502-6739,WR,DeSean,Jackson,9.449999809,4,6700,WAS@BAL,WAS,BAL,,,,,,,,,,,,16502-22994:Case Keenum,16502-22994,QB,Case,Keenum,11.75,4,6600,BUF@LA,LA,BUF,,,,,,,,,,,,16502-6803:Josh McCown,16502-6803,QB,Josh,McCown,16.39999962,1,6600,NE@CLE,CLE,NE,O,Collarbone,,,,,,,,,,16502-31732:Corey Coleman,16502-31732,WR,Corey,Coleman,16.39999962,2,6500,NE@CLE,CLE,NE,O,Hand,,,,,,,,,,16502-62535:Tyrell Williams,16502-62535,WR,Tyrell,Williams,9.524999619,4,6500,SD@OAK,SD,OAK,,,,,,,,,,,,16502-6840:Frank Gore,16502-6840,RB,Frank,Gore,14.10000038,4,6500,CHI@IND,IND,CHI,,,,,,,,,,,,16502-22035:Travis Benjamin,16502-22035,WR,Travis,Benjamin,11.52499962,4,6500,SD@OAK,SD,OAK,,,,,,,,,,,,16502-29587:Cody Kessler,16502-29587,QB,Cody,Kessler,10.89000034,2,6400,NE@CLE,CLE,NE,,,,,,,,,,,,16502-33260:DeVante Parker,16502-33260,WR,DeVante,Parker,10.06666692,3,6400,TEN@MIA,MIA,TEN,,,,,,,,,,,,16502-54607:Terrance West,16502-54607,RB,Terrance,West,8.524999619,4,6400,WAS@BAL,BAL,WAS,,,,,,,,,,,,16502-11485:Golden Tate,16502-11485,WR,Golden,Tate,4.474999905,4,6400,PHI@DET,DET,PHI,,,,,,,,,,,,16502-6863:Delanie Walker,16502-6863,TE,Delanie,Walker,9.133333206,3,6400,TEN@MIA,TEN,MIA,,,,,,,,,,,,16502-6607:Mike Wallace,16502-6607,WR,Mike,Wallace,12.47500038,4,6300,WAS@BAL,BAL,WAS,,,,,,,,,,,,16502-6448:Martellus Bennett,16502-6448,TE,Martellus,Bennett,9.699999809,4,6300,NE@CLE,NE,CLE,,,,,,,,,,,,16502-6479:Anquan Boldin,16502-6479,WR,Anquan,Boldin,8.524999619,4,6300,PHI@DET,DET,PHI,,,,,,,,,,,,16502-11425:Ryan Mathews,16502-11425,RB,Ryan,Mathews,9.733333588,3,6300,PHI@DET,PHI,DET,,,,,,,,,,,,16502-6735:Steve Smith Sr.,16502-6735,WR,Steve,Smith Sr.,11.52499962,4,6300,WAS@BAL,BAL,WAS,,,,,,,,,,,,16502-27266:Quincy Enunwa,16502-27266,WR,Quincy,Enunwa,10.44999981,4,6200,NYJ@PIT,NYJ,PIT,,,,,,,,,,,,16502-54608:Jerick McKinnon,16502-54608,RB,Jerick,McKinnon,6.550000191,4,6200,HOU@MIN,MIN,HOU,,,,,,,,,,,,16502-33557:Tyler Eifert,16502-33557,TE,Tyler,Eifert,12.73076923,13,6200,CIN@DAL,CIN,DAL,Q,Back,,,,,,,,,,16502-33465:Theo Riddick,16502-33465,RB,Theo,Riddick,12.47500038,4,6200,PHI@DET,DET,PHI,,,,,,,,,,,,16502-14645:Dontrelle Inman,16502-14645,WR,Dontrelle,Inman,7.125,4,6100,SD@OAK,SD,OAK,,,,,,,,,,,,16502-34331:Latavius Murray,16502-34331,RB,Latavius,Murray,11.625,4,6100,SD@OAK,OAK,SD,Q,Toe,,,,,,,,,,16502-31561:Donte Moncrief,16502-31561,WR,Donte,Moncrief,8.399999619,2,6000,CHI@IND,IND,CHI,O,Shoulder,,,,,,,,,,16502-21959:Brandon Weeden,16502-21959,QB,Brandon,Weeden,11.40333303,6,6000,HOU@MIN,HOU,MIN,,,,,,,,,,,,16502-6639:Tony Romo,16502-6639,QB,Tony,Romo,11.91499996,4,6000,CIN@DAL,DAL,CIN,O,Back,,,,,,,,,,16502-14267:Ryan Mallett,16502-14267,QB,Ryan,Mallett,10.99142892,7,6000,WAS@BAL,BAL,WAS,,,,,,,,,,,,16502-30231:Jacoby Brissett,16502-30231,QB,Jacoby,Brissett,9.433333079,3,6000,NE@CLE,NE,CLE,Q,Thumb,,,,,,,,,,16502-54604:Jimmy Garoppolo,16502-54604,QB,Jimmy,Garoppolo,17.92000008,2,6000,NE@CLE,NE,CLE,Q,Shoulder,,,,,,,,,,16502-38435:Jared Goff,16502-38435,QB,Jared,Goff,0,0,6000,BUF@LA,LA,BUF,,,,,,,,,,,,16502-33691:Orleans Darkwa,16502-33691,RB,Orleans,Darkwa,8.066666921,3,6000,NYG@GB,NYG,GB,,,,,,,,,,,,16502-7970:Charlie Whitehurst,16502-7970,QB,Charlie,Whitehurst,1.274999976,4,6000,NE@CLE,CLE,NE,,,,,,,,,,,,16502-7872:Brian Hoyer,16502-7872,QB,Brian,Hoyer,13.92666626,3,6000,CHI@IND,CHI,IND,,,,,,,,,,,,16502-6844:Shaun Hill,16502-6844,QB,Shaun,Hill,10.23999977,1,6000,HOU@MIN,MIN,HOU,,,,,,,,,,,,16502-6679:Matt Schaub,16502-6679,QB,Matt,Schaub,15.30000019,2,6000,ATL@DEN,ATL,DEN,,,,,,,,,,,,16502-7778:Matt Cassel,16502-7778,QB,Matt,Cassel,-0.100000001,1,6000,TEN@MIA,TEN,MIA,,,,,,,,,,,,16502-6774:Pierre Garcon,16502-6774,WR,Pierre,Garcon,6.474999905,4,6000,WAS@BAL,WAS,BAL,,,,,,,,,,,,16502-25272:Eric Ebron,16502-25272,TE,Eric,Ebron,9,4,5900,PHI@DET,DET,PHI,Q,Knee,,,,,,,,,,16502-31047:AJ McCarron,16502-31047,QB,AJ,McCarron,8.17999976,7,5900,CIN@DAL,CIN,DAL,,,,,,,,,,,,16502-38509:Wendell Smallwood,16502-38509,RB,Wendell,Smallwood,5.200000127,3,5900,PHI@DET,PHI,DET,,,,,,,,,,,,16502-27776:Tevin Coleman,16502-27776,RB,Tevin,Coleman,15.375,4,5900,ATL@DEN,ATL,DEN,,,,,,,,,,,,16502-6641:Jason Witten,16502-6641,TE,Jason,Witten,7.349999905,4,5800,CIN@DAL,DAL,CIN,,,,,,,,,,,,16502-26458:Tavon Austin,16502-26458,WR,Tavon,Austin,8.074999809,4,5800,BUF@LA,LA,BUF,,,,,,,,,,,,16502-14757:Matt Asiata,16502-14757,RB,Matt,Asiata,3.875,4,5800,HOU@MIN,MIN,HOU,,,,,,,,,,,,16502-43413:Kenneth Dixon,16502-43413,RB,Kenneth,Dixon,0,0,5800,WAS@BAL,BAL,WAS,,,,,,,,,,,,16502-24755:Jamison Crowder,16502-24755,WR,Jamison,Crowder,10.14999962,4,5800,WAS@BAL,WAS,BAL,,,,,,,,,,,,16502-8052:Rashad Jennings,16502-8052,RB,Rashad,Jennings,6.650000095,2,5800,NYG@GB,NYG,GB,Q,Thumb,,,,,,,,,,16502-6535:Kenny Britt,16502-6535,WR,Kenny,Britt,8.774999619,4,5700,BUF@LA,LA,BUF,Q,Thigh,,,,,,,,,,16502-6422:Gary Barnidge,16502-6422,TE,Gary,Barnidge,6.5,4,5700,NE@CLE,CLE,NE,,,,,,,,,,,,16502-27457:Kenny Stills,16502-27457,WR,Kenny,Stills,9.25,4,5700,TEN@MIA,MIA,TEN,,,,,,,,,,,,16502-38514:Kevin White,16502-38514,WR,Kevin,White,7.275000095,4,5700,CHI@IND,CHI,IND,IR,Ankle,,,,,,,,,,16502-7965:Antonio Gates,16502-7965,TE,Antonio,Gates,6.25,2,5700,SD@OAK,SD,OAK,Q,Hamstring,,,,,,,,,,16502-6732:DeAngelo Williams,16502-6732,RB,DeAngelo,Williams,16.77499962,4,5700,NYJ@PIT,PIT,NYJ,,,,,,,,,,,,16502-6768:Eddie Royal,16502-6768,WR,Eddie,Royal,12.77499962,4,5700,CHI@IND,CHI,IND,Q,Calf,,,,,,,,,,16502-22004:Dwayne Allen,16502-22004,TE,Dwayne,Allen,6.699999809,4,5600,CHI@IND,IND,CHI,,,,,,,,,,,,16502-29645:Javorius Allen,16502-29645,RB,Javorius,Allen,3.799999952,1,5600,WAS@BAL,BAL,WAS,,,,,,,,,,,,16502-11999:Victor Cruz,16502-11999,WR,Victor,Cruz,9.125,4,5600,NYG@GB,NYG,GB,,,,,,,,,,,,16502-54741:Seth Roberts,16502-54741,WR,Seth,Roberts,7.824999809,4,5600,SD@OAK,OAK,SD,,,,,,,,,,,,16502-46882:Jay Ajayi,16502-46882,RB,Jay,Ajayi,6.299999873,3,5600,TEN@MIA,MIA,TEN,,,,,,,,,,,,16502-11712:Joique Bell,16502-11712,RB,Joique,Bell,0.600000024,1,5600,CHI@IND,CHI,IND,,,,,,,,,,,,16502-22018:Mohamed Sanu,16502-22018,WR,Mohamed,Sanu,7.425000191,4,5600,ATL@DEN,ATL,DEN,Q,Shoulder,,,,,,,,,,16502-29780:Zach Ertz,16502-29780,TE,Zach,Ertz,8.800000191,1,5600,PHI@DET,PHI,DET,,,,,,,,,,,,16502-25290:Giovani Bernard,16502-25290,RB,Giovani,Bernard,9.199999809,4,5500,CIN@DAL,CIN,DAL,,,,,,,,,,,,16502-22848:Austin Davis,16502-22848,QB,Austin,Davis,7.393333435,3,5500,ATL@DEN,DEN,ATL,,,,,,,,,,,,16502-14237:Kyle Rudolph,16502-14237,TE,Kyle,Rudolph,12.39999962,4,5500,HOU@MIN,MIN,HOU,Q,Ribs,,,,,,,,,,16502-29500:Markus Wheaton,16502-29500,WR,Markus,Wheaton,6.099999905,2,5500,NYJ@PIT,PIT,NYJ,,,,,,,,,,,,16502-45889:Davante Adams,16502-45889,WR,Davante,Adams,7.96666654,3,5500,NYG@GB,GB,NYG,,,,,,,,,,,,16502-27405:Landry Jones,16502-27405,QB,Landry,Jones,0,1,5500,NYJ@PIT,PIT,NYJ,,,,,,,,,,,,16502-14905:Kamar Aiken,16502-14905,WR,Kamar,Aiken,1.450000048,4,5500,WAS@BAL,BAL,WAS,,,,,,,,,,,,16502-11500:Colt McCoy,16502-11500,QB,Colt,McCoy,8.819999695,1,5500,WAS@BAL,WAS,BAL,,,,,,,,,,,,16502-22288:Cole Beasley,16502-22288,WR,Cole,Beasley,10.02499962,4,5500,CIN@DAL,DAL,CIN,,,,,,,,,,,,16502-32243:Marquise Goodwin,16502-32243,WR,Marquise,Goodwin,7,3,5500,BUF@LA,BUF,LA,,,,,,,,,,,,16502-28930:James White,16502-28930,RB,James,White,5.349999905,4,5500,NE@CLE,NE,CLE,,,,,,,,,,,,16502-6808:Matt Moore,16502-6808,QB,Matt,Moore,0.360000014,1,5500,TEN@MIA,MIA,TEN,,,,,,,,,,,,16502-31836:Terrance Williams,16502-31836,WR,Terrance,Williams,8.700000127,3,5500,CIN@DAL,DAL,CIN,,,,,,,,,,,,16502-11532:Dennis Pitta,16502-11532,TE,Dennis,Pitta,7.625,4,5500,WAS@BAL,BAL,WAS,,,,,,,,,,,,16502-28677:Matt McGloin,16502-28677,QB,Matt,McGloin,5.340000153,2,5500,SD@OAK,OAK,SD,,,,,,,,,,,,16502-29683:Nelson Agholor,16502-29683,WR,Nelson,Agholor,7.833333333,3,5400,PHI@DET,PHI,DET,,,,,,,,,,,,16502-62616:Zach Zenner,16502-62616,RB,Zach,Zenner,3.900000095,1,5400,PHI@DET,DET,PHI,,,,,,,,,,,,16502-11495:Brandon LaFell,16502-11495,WR,Brandon,LaFell,6.775000095,4,5400,CIN@DAL,CIN,DAL,,,,,,,,,,,,16502-8050:Zach Miller,16502-8050,TE,Zach,Miller,10.64999962,4,5400,CHI@IND,CHI,IND,Q,Ribs,,,,,,,,,,16502-7972:Darren Sproles,16502-7972,RB,Darren,Sproles,10.69999949,3,5400,PHI@DET,PHI,DET,,,,,,,,,,,,16502-47523:Tajae Sharpe,16502-47523,WR,Tajae,Sharpe,6.300000191,4,5400,TEN@MIA,TEN,MIA,,,,,,,,,,,,16502-40845:Hunter Henry,16502-40845,TE,Hunter,Henry,8.099999746,3,5400,SD@OAK,SD,OAK,,,,,,,,,,,,16502-6664:Jacob Tamme,16502-6664,TE,Jacob,Tamme,8.925000191,4,5400,ATL@DEN,ATL,DEN,,,,,,,,,,,,16502-24891:Chris Thompson,16502-24891,RB,Chris,Thompson,7.824999809,4,5400,WAS@BAL,WAS,BAL,,,,,,,,,,,,16502-29685:Robert Woods,16502-29685,WR,Robert,Woods,6.5,4,5300,BUF@LA,BUF,LA,,,,,,,,,,,,16502-33244:Eli Rogers,16502-33244,WR,Eli,Rogers,6.833333333,3,5300,NYJ@PIT,PIT,NYJ,D,Toe,,,,,,,,,,16502-31241:Sammie Coates,16502-31241,WR,Sammie,Coates,8.800000191,4,5300,NYJ@PIT,PIT,NYJ,,,,,,,,,,,,16502-29357:Kenjon Barner,16502-29357,RB,Kenjon,Barner,4.866666794,3,5300,PHI@DET,PHI,DET,,,,,,,,,,,,16502-40669:Tyler Boyd,16502-40669,WR,Tyler,Boyd,4.25,4,5300,CIN@DAL,CIN,DAL,,,,,,,,,,,,16502-25837:Duke Johnson Jr.,16502-25837,RB,Duke,Johnson Jr.,8.324999809,4,5300,NE@CLE,CLE,NE,,,,,,,,,,,,16502-8117:Danny Amendola,16502-8117,WR,Danny,Amendola,6.599999905,4,5300,NE@CLE,NE,CLE,,,,,,,,,,,,16502-14292:Jordan Cameron,16502-14292,TE,Jordan,Cameron,5.333333333,3,5200,TEN@MIA,MIA,TEN,Q,Concussion,,,,,,,,,,16502-39280:Derrick Henry,16502-39280,RB,Derrick,Henry,4.050000191,4,5200,TEN@MIA,TEN,MIA,,,,,,,,,,,,16502-34729:Dwayne Washington,16502-34729,RB,Dwayne,Washington,3.775000095,4,5200,PHI@DET,DET,PHI,Q,Ankle,,,,,,,,,,16502-21123:Larry Donnell,16502-21123,TE,Larry,Donnell,5,3,5200,NYG@GB,NYG,GB,Q,Concussion,,,,,,,,,,16502-6681:Andre Johnson,16502-6681,WR,Andre,Johnson,4.175000191,4,5200,TEN@MIA,TEN,MIA,,,,,,,,,,,,16502-14362:Charles Clay,16502-14362,TE,Charles,Clay,4.349999905,4,5200,BUF@LA,BUF,LA,Q,Knee,,,,,,,,,,16502-14320:Bilal Powell,16502-14320,RB,Bilal,Powell,6.425000191,4,5100,NYJ@PIT,NYJ,PIT,,,,,,,,,,,,16502-39580:Devontae Booker,16502-39580,RB,Devontae,Booker,2.599999905,4,5100,ATL@DEN,DEN,ATL,,,,,,,,,,,,16502-30989:Kenyan Drake,16502-30989,RB,Kenyan,Drake,5.366666794,3,5100,TEN@MIA,MIA,TEN,,,,,,,,,,,,16502-39445:Brice Butler,16502-39445,WR,Brice,Butler,3.674999952,4,5100,CIN@DAL,DAL,CIN,,,,,,,,,,,,16502-31207:C.J. Uzomah,16502-31207,TE,C.J.,Uzomah,4.974999905,4,5100,CIN@DAL,CIN,DAL,,,,,,,,,,,,16502-7900:Stephen Gostkowski,16502-7900,K,Stephen,Gostkowski,7.5,4,5100,NE@CLE,NE,CLE,,,,,,,,,,,,16502-22163:Rishard Matthews,16502-22163,WR,Rishard,Matthews,6,4,5100,TEN@MIA,TEN,MIA,,,,,,,,,,,,16502-12531:Denver Broncos,16502-12531,D,Denver,Broncos,13,4,5100,ATL@DEN,DEN,ATL,,,,,,,,,,,,16502-22113:Alfred Morris,16502-22113,RB,Alfred,Morris,5.550000191,4,5100,CIN@DAL,DAL,CIN,,,,,,,,,,,,16502-6742:Brent Celek,16502-6742,TE,Brent,Celek,3.066666603,3,5100,PHI@DET,PHI,DET,,,,,,,,,,,,16502-8803:Chase Daniel,16502-8803,QB,Chase,Daniel,-0.02,2,5000,PHI@DET,PHI,DET,,,,,,,,,,,,16502-70446:Joe Callahan,16502-70446,QB,Joe,Callahan,0,0,5000,NYG@GB,GB,NYG,,,,,,,,,,,,16502-28163:Connor Cook,16502-28163,QB,Connor,Cook,0,0,5000,SD@OAK,OAK,SD,,,,,,,,,,,,16502-70464:Josh Woodrum,16502-70464,QB,Josh,Woodrum,0,0,5000,CHI@IND,IND,CHI,,,,,,,,,,,,16502-47772:Brandon Doughty,16502-47772,QB,Brandon,Doughty,0,0,5000,TEN@MIA,MIA,TEN,,,,,,,,,,,,16502-43956:David Fales,16502-43956,QB,David,Fales,0,0,5000,WAS@BAL,BAL,WAS,,,,,,,,,,,,16502-26355:Logan Thomas,16502-26355,QB,Logan,Thomas,0,0,5000,NYG@GB,NYG,GB,,,,,,,,,,,,16502-41732:Christian Hackenberg,16502-41732,QB,Christian,Hackenberg,0,0,5000,NYJ@PIT,NYJ,PIT,,,,,,,,,,,,16502-29605:Matt Barkley,16502-29605,QB,Matt,Barkley,0,0,5000,CHI@IND,CHI,IND,,,,,,,,,,,,16502-26141:Ryan Nassib,16502-26141,QB,Ryan,Nassib,6.71999979,1,5000,NYG@GB,NYG,GB,,,,,,,,,,,,16502-29445:Sean Mannion,16502-29445,QB,Sean,Mannion,1.24000001,1,5000,BUF@LA,LA,BUF,,,,,,,,,,,,16502-53331:Taylor Heinicke,16502-53331,QB,Taylor,Heinicke,0,0,5000,HOU@MIN,MIN,HOU,O,Ankle,,,,,,,,,,16502-29314:Richard Rodgers,16502-29314,TE,Richard,Rodgers,4.700000127,3,5000,NYG@GB,GB,NYG,,,,,,,,,,,,16502-54705:Dustin Vaughan,16502-54705,QB,Dustin,Vaughan,0,0,5000,NYJ@PIT,PIT,NYJ,,,,,,,,,,,,16502-28515:Cardale Jones,16502-28515,QB,Cardale,Jones,0,0,5000,BUF@LA,BUF,LA,,,,,,,,,,,,16502-32366:Jameill Showers,16502-32366,QB,Jameill,Showers,0,0,5000,CIN@DAL,DAL,CIN,,,,,,,,,,,,16502-30253:Jeff Driskel,16502-30253,QB,Jeff,Driskel,0,0,5000,CIN@DAL,CIN,DAL,,,,,,,,,,,,16502-26483:Geno Smith,16502-26483,QB,Geno,Smith,21,1,5000,NYJ@PIT,NYJ,PIT,,,,,,,,,,,,16502-31421:Zach Mettenberger,16502-31421,QB,Zach,Mettenberger,7.028571538,7,5000,NYJ@PIT,PIT,NYJ,,,,,,,,,,,,16502-8071:Dan Orlovsky,16502-8071,QB,Dan,Orlovsky,5.519999981,2,5000,PHI@DET,DET,PHI,,,,,,,,,,,,16502-44500:Keith Wenning,16502-44500,QB,Keith,Wenning,0,0,5000,CIN@DAL,CIN,DAL,,,,,,,,,,,,16502-14696:Scott Tolzien,16502-14696,QB,Scott,Tolzien,-0.07,2,5000,CHI@IND,IND,CHI,,,,,,,,,,,,16502-27801:Nate Sudfeld,16502-27801,QB,Nate,Sudfeld,0,0,5000,WAS@BAL,WAS,BAL,,,,,,,,,,,,16502-14704:Chris Hogan,16502-14704,WR,Chris,Hogan,5.550000191,4,5000,NE@CLE,NE,CLE,,,,,,,,,,,,16502-8023:Josh Johnson,16502-8023,QB,Josh,Johnson,0,0,5000,NYG@GB,NYG,GB,,,,,,,,,,,,16502-31798:Bryce Petty,16502-31798,QB,Bryce,Petty,0,0,5000,NYJ@PIT,NYJ,PIT,Q,Shoulder,,,,,,,,,,16502-23045:Justin Tucker,16502-23045,K,Justin,Tucker,12.25,4,5000,WAS@BAL,BAL,WAS,,,,,,,,,,,,16502-7919:Kellen Clemens,16502-7919,QB,Kellen,Clemens,-0.100000001,1,5000,SD@OAK,SD,OAK,,,,,,,,,,,,16502-27982:Jake Rudock,16502-27982,QB,Jake,Rudock,0,0,5000,PHI@DET,DET,PHI,,,,,,,,,,,,16502-6857:Justin Forsett,16502-6857,RB,Justin,Forsett,6.299999873,3,5000,WAS@BAL,BAL,WAS,,,,,,,,,,,,16502-29915:Brett Hundley,16502-29915,QB,Brett,Hundley,0,0,5000,NYG@GB,GB,NYG,,,,,,,,,,,,16502-6687:Mark Sanchez,16502-6687,QB,Mark,Sanchez,12.28000005,3,5000,CIN@DAL,DAL,CIN,,,,,,,,,,,,16502-24949:EJ Manuel,16502-24949,QB,EJ,Manuel,0.600000024,1,5000,BUF@LA,BUF,LA,,,,,,,,,,,,16502-25969:Tom Savage,16502-25969,QB,Tom,Savage,0,0,5000,HOU@MIN,HOU,MIN,,,,,,,,,,,,16502-34459:B.J. Daniels,16502-34459,QB,B.J.,Daniels,0.920000017,4,5000,CHI@IND,CHI,IND,,,,,,,,,,,,16502-28202:Jeremy Langford,16502-28202,RB,Jeremy,Langford,8.933333079,3,4900,CHI@IND,CHI,IND,D,Ankle,,,,,,,,,,16502-6643:Reggie Bush,16502-6643,RB,Reggie,Bush,-0.400000006,1,4900,BUF@LA,BUF,LA,,,,,,,,,,,,16502-22958:Bobby Rainey,16502-22958,RB,Bobby,Rainey,6.449999809,2,4900,NYG@GB,NYG,GB,,,,,,,,,,,,16502-34295:Breshad Perriman,16502-34295,WR,Breshad,Perriman,3.875,4,4900,WAS@BAL,BAL,WAS,,,,,,,,,,,,16502-54753:Taylor Gabriel,16502-54753,WR,Taylor,Gabriel,4.53333346,3,4900,ATL@DEN,ATL,DEN,,,,,,,,,,,,16502-27441:Damien Williams,16502-27441,RB,Damien,Williams,5.433333079,3,4900,TEN@MIA,MIA,TEN,,,,,,,,,,,,16502-33578:Jalen Richard,16502-33578,RB,Jalen,Richard,6.699999809,4,4900,SD@OAK,OAK,SD,,,,,,,,,,,,16502-12547:Pittsburgh Steelers,16502-12547,D,Pittsburgh,Steelers,4.75,4,4900,NYJ@PIT,PIT,NYJ,,,,,,,,,,,,16502-39716:Adam Thielen,16502-39716,WR,Adam,Thielen,5.25,4,4900,HOU@MIN,MIN,HOU,,,,,,,,,,,,16502-27134:Dorial Green-Beckham,16502-27134,WR,Dorial,Green-Beckham,3.333333333,3,4900,PHI@DET,PHI,DET,,,,,,,,,,,,16502-22048:Robert Turbin,16502-22048,RB,Robert,Turbin,4.574999809,4,4900,CHI@IND,IND,CHI,,,,,,,,,,,,16502-22003:Ronnie Hillman,16502-22003,RB,Ronnie,Hillman,9.337499619,16,4800,HOU@MIN,MIN,HOU,,,,,,,,,,,,16502-33137:Justin Hardy,16502-33137,WR,Justin,Hardy,4.349999905,4,4800,ATL@DEN,ATL,DEN,Q,Shoulder,,,,,,,,,,16502-6522:Josh Brown,16502-6522,K,Josh,Brown,8.333333333,3,4800,NYG@GB,NYG,GB,,,,,,,,,,,,16502-30237:Mike Gillislee,16502-30237,RB,Mike,Gillislee,3.799999952,4,4800,BUF@LA,BUF,LA,,,,,,,,,,,,16502-25775:Clive Walford,16502-25775,TE,Clive,Walford,6.25,4,4800,SD@OAK,OAK,SD,Q,Knee,,,,,,,,,,16502-22292:Lance Dunbar,16502-22292,RB,Lance,Dunbar,3.75,4,4800,CIN@DAL,DAL,CIN,Q,Knee,,,,,,,,,,16502-7831:Sebastian Janikowski,16502-7831,K,Sebastian,Janikowski,5.75,4,4800,SD@OAK,OAK,SD,,,,,,,,,,,,16502-10647:Matt Bryant,16502-10647,K,Matt,Bryant,10.5,4,4800,ATL@DEN,ATL,DEN,,,,,,,,,,,,16502-24912:Dustin Hopkins,16502-24912,K,Dustin,Hopkins,12.25,4,4800,WAS@BAL,WAS,BAL,,,,,,,,,,,,16502-12541:New England Patriots,16502-12541,D,New England,Patriots,8,4,4800,NE@CLE,NE,CLE,,,,,,,,,,,,16502-12540:Minnesota Vikings,16502-12540,D,Minnesota,Vikings,16.75,4,4800,HOU@MIN,MIN,HOU,,,,,,,,,,,,16502-14394:Virgil Green,16502-14394,TE,Virgil,Green,5.449999809,2,4800,ATL@DEN,DEN,ATL,Q,Calf,,,,,,,,,,16502-24847:Will Tye,16502-24847,TE,Will,Tye,3.575000048,4,4800,NYG@GB,NYG,GB,,,,,,,,,,,,16502-26247:Brandon McManus,16502-26247,K,Brandon,McManus,8,4,4700,ATL@DEN,DEN,ATL,,,,,,,,,,,,16502-21957:Kendall Wright,16502-21957,WR,Kendall,Wright,2.400000095,1,4700,TEN@MIA,TEN,MIA,,,,,,,,,,,,16502-32564:Josh Doctson,16502-32564,WR,Josh,Doctson,3.799999952,2,4700,WAS@BAL,WAS,BAL,D,Achilles,,,,,,,,,,16502-32613:DeAndre Washington,16502-32613,RB,DeAndre,Washington,4.849999905,4,4700,SD@OAK,OAK,SD,,,,,,,,,,,,16502-14952:Dan Bailey,16502-14952,K,Dan,Bailey,10,4,4700,CIN@DAL,DAL,CIN,Q,Back,,,,,,,,,,16502-30261:Caleb Sturgis,16502-30261,K,Caleb,Sturgis,10.66666667,3,4700,PHI@DET,PHI,DET,,,,,,,,,,,,16502-29183:D.J. Foster,16502-29183,RB,D.J.,Foster,1.399999976,1,4700,NE@CLE,NE,CLE,,,,,,,,,,,,16502-32058:Chris Boswell,16502-32058,K,Chris,Boswell,6.25,4,4700,NYJ@PIT,PIT,NYJ,,,,,,,,,,,,16502-12556:Houston Texans,16502-12556,D,Houston,Texans,8.25,4,4700,HOU@MIN,HOU,MIN,,,,,,,,,,,,16502-39449:Charles Johnson,16502-39449,WR,Charles,Johnson,2.875,4,4700,HOU@MIN,MIN,HOU,,,,,,,,,,,,16502-33766:Rob Kelley,16502-33766,RB,Rob,Kelley,0.550000012,2,4700,WAS@BAL,WAS,BAL,,,,,,,,,,,,16502-39859:Jack Doyle,16502-39859,TE,Jack,Doyle,8.324999809,4,4700,CHI@IND,IND,CHI,,,,,,,,,,,,16502-6823:John Phillips,16502-6823,TE,John,Phillips,7.900000095,1,4700,ATL@DEN,DEN,ATL,,,,,,,,,,,,16502-6660:Donald Brown,16502-6660,RB,Donald,Brown,6.950000127,6,4700,NE@CLE,NE,CLE,,,,,,,,,,,,16502-12538:Los Angeles Rams,16502-12538,D,Los Angeles,Rams,10.25,4,4700,BUF@LA,LA,BUF,,,,,,,,,,,,16502-6668:Adam Vinatieri,16502-6668,K,Adam,Vinatieri,10.75,4,4700,CHI@IND,IND,CHI,,,,,,,,,,,,16502-12528:Cincinnati Bengals,16502-12528,D,Cincinnati,Bengals,7,4,4700,CIN@DAL,CIN,DAL,,,,,,,,,,,,16502-11609:James Starks,16502-11609,RB,James,Starks,1.833333333,3,4700,NYG@GB,GB,NYG,,,,,,,,,,,,16502-38790:Jalin Marshall,16502-38790,WR,Jalin,Marshall,1.633333365,3,4700,NYJ@PIT,NYJ,PIT,Q,Shoulder,,,,,,,,,,16502-6636:Mike Nugent,16502-6636,K,Mike,Nugent,11.5,4,4600,CIN@DAL,CIN,DAL,,,,,,,,,,,,16502-22898:Brandon Bolden,16502-22898,RB,Brandon,Bolden,1.450000048,2,4600,NE@CLE,NE,CLE,Q,Knee,,,,,,,,,,16502-32674:Jace Amaro,16502-32674,TE,Jace,Amaro,7.400000095,1,4600,TEN@MIA,TEN,MIA,Q,Shoulder,,,,,,,,,,16502-45723:Crockett Gillmore,16502-45723,TE,Crockett,Gillmore,2.100000064,3,4600,WAS@BAL,BAL,WAS,,,,,,,,,,,,16502-12903:Andrew Hawkins,16502-12903,WR,Andrew,Hawkins,2.75,4,4600,NE@CLE,CLE,NE,,,,,,,,,,,,16502-39373:Jaelen Strong,16502-39373,WR,Jaelen,Strong,2.533333302,3,4600,HOU@MIN,HOU,MIN,,,,,,,,,,,,16502-12090:Nick Novak,16502-12090,K,Nick,Novak,12.33333333,3,4600,HOU@MIN,HOU,MIN,,,,,,,,,,,,16502-32429:Josh Lambo,16502-32429,K,Josh,Lambo,9.75,4,4600,SD@OAK,SD,OAK,,,,,,,,,,,,16502-31406:Alfred Blue,16502-31406,RB,Alfred,Blue,1.375,4,4600,HOU@MIN,HOU,MIN,,,,,,,,,,,,16502-12545:Philadelphia Eagles,16502-12545,D,Philadelphia,Eagles,13.66666667,3,4600,PHI@DET,PHI,DET,,,,,,,,,,,,16502-39649:Benny Cunningham,16502-39649,RB,Benny,Cunningham,1.774999976,4,4600,BUF@LA,LA,BUF,Q,Thigh,,,,,,,,,,16502-33703:Ryan Grant,16502-33703,WR,Ryan,Grant,0.333333333,3,4600,WAS@BAL,WAS,BAL,,,,,,,,,,,,16502-16923:Austin Seferian-Jenkins,16502-16923,TE,Austin,Seferian-Jenkins,5.949999809,2,4600,NYJ@PIT,NYJ,PIT,,,,,,,,,,,,16502-29003:Ka'Deem Carey,16502-29003,RB,Ka'Deem,Carey,0.75,2,4600,CHI@IND,CHI,IND,Q,Hamstring,,,,,,,,,,16502-6810:Dan Carpenter,16502-6810,K,Dan,Carpenter,7.5,4,4600,BUF@LA,BUF,LA,,,,,,,,,,,,16502-6870:Vernon Davis,16502-6870,TE,Vernon,Davis,3.799999873,3,4600,WAS@BAL,WAS,BAL,,,,,,,,,,,,16502-6904:Devin Hester,16502-6904,WR,Devin,Hester,-0.5,4,4600,WAS@BAL,BAL,WAS,Q,Thigh,,,,,,,,,,16502-30733:Cordarrelle Patterson,16502-30733,WR,Cordarrelle,Patterson,2.375,4,4600,HOU@MIN,MIN,HOU,,,,,,,,,,,,16502-12526:Buffalo Bills,16502-12526,D,Buffalo,Bills,13,4,4600,BUF@LA,BUF,LA,,,,,,,,,,,,16502-7761:Jared Cook,16502-7761,TE,Jared,Cook,2.76666673,3,4600,NYG@GB,GB,NYG,O,Ankle,,,,,,,,,,16502-22109:Greg Zuerlein,16502-22109,K,Greg,Zuerlein,8,3,4600,BUF@LA,LA,BUF,,,,,,,,,,,,16502-22110:Blair Walsh,16502-22110,K,Blair,Walsh,8.75,4,4600,HOU@MIN,MIN,HOU,,,,,,,,,,,,16502-12539:Miami Dolphins,16502-12539,D,Miami,Dolphins,6,4,4600,TEN@MIA,MIA,TEN,,,,,,,,,,,,16502-12533:Green Bay Packers,16502-12533,D,Green Bay,Packers,5.666666667,3,4600,NYG@GB,GB,NYG,,,,,,,,,,,,16502-6782:Matt Prater,16502-6782,K,Matt,Prater,9,4,4600,PHI@DET,DET,PHI,,,,,,,,,,,,16502-22054:Jarius Wright,16502-22054,WR,Jarius,Wright,4.139999898,15,4600,HOU@MIN,MIN,HOU,,,,,,,,,,,,16502-28157:Bennie Fowler,16502-28157,WR,Bennie,Fowler,0.899999976,2,4600,ATL@DEN,DEN,ATL,,,,,,,,,,,,16502-47828:Antonio Andrews,16502-47828,RB,Antonio,Andrews,0,2,4500,TEN@MIA,TEN,MIA,,,,,,,,,,,,16502-29655:Soma Vainuku,16502-29655,RB,Soma,Vainuku,0,0,4500,HOU@MIN,HOU,MIN,,,,,,,,,,,,16502-22010:DeVier Posey,16502-22010,WR,DeVier,Posey,0,0,4500,ATL@DEN,DEN,ATL,,,,,,,,,,,,16502-6567:David Johnson,16502-6567,TE,David,Johnson,2.049999952,2,4500,NYJ@PIT,PIT,NYJ,,,,,,,,,,,,16502-70423:Anthony Norris,16502-70423,TE,Anthony,Norris,0,0,4500,ATL@DEN,DEN,ATL,,,,,,,,,,,,16502-21984:Isaiah Pead,16502-21984,RB,Isaiah,Pead,1.649999976,2,4500,TEN@MIA,MIA,TEN,,,,,,,,,,,,16502-33037:Kenbrell Thompkins,16502-33037,WR,Kenbrell,Thompkins,4.166666667,6,4500,NYJ@PIT,NYJ,PIT,,,,,,,,,,,,16502-47861:Mitchell Henry,16502-47861,TE,Mitchell,Henry,0,2,4500,NYG@GB,GB,NYG,,,,,,,,,,,,16502-21972:Brian Quick,16502-21972,WR,Brian,Quick,9.324999809,4,4500,BUF@LA,LA,BUF,,,,,,,,,,,,16502-70444:Paul McRoberts,16502-70444,WR,Paul,McRoberts,0,0,4500,BUF@LA,LA,BUF,,,,,,,,,,,,16502-26251:Robby Anderson,16502-26251,WR,Robby,Anderson,3.299999952,2,4500,NYJ@PIT,NYJ,PIT,,,,,,,,,,,,16502-32551:Kolby Listenbee,16502-32551,WR,Kolby,Listenbee,0,0,4500,BUF@LA,BUF,LA,O,Pelvis,,,,,,,,,,16502-30654:Jerell Adams,16502-30654,TE,Jerell,Adams,0,0,4500,NYG@GB,NYG,GB,,,,,,,,,,,,16502-47870:Tyler Higbee,16502-47870,TE,Tyler,Higbee,0.349999994,2,4500,BUF@LA,LA,BUF,,,,,,,,,,,,16502-64104:Terrell Watson,16502-64104,RB,Terrell,Watson,0,0,4500,NE@CLE,CLE,NE,,,,,,,,,,,,16502-41806:Laquon Treadwell,16502-41806,WR,Laquon,Treadwell,0,1,4500,HOU@MIN,MIN,HOU,,,,,,,,,,,,16502-29672:Silas Redd Jr.,16502-29672,RB,Silas,Redd Jr.,0,0,4500,WAS@BAL,WAS,BAL,O,Suspension,,,,,,,,,,16502-45683:Kapri Bibbs,16502-45683,RB,Kapri,Bibbs,1.066666683,3,4500,ATL@DEN,DEN,ATL,,,,,,,,,,,,16502-70457:Cole Wick,16502-70457,TE,Cole,Wick,0.933333317,3,4500,PHI@DET,DET,PHI,,,,,,,,,,,,16502-29592:Xavier Grimble,16502-29592,TE,Xavier,Grimble,6,2,4500,NYJ@PIT,PIT,NYJ,,,,,,,,,,,,16502-40126:Austin Hooper,16502-40126,TE,Austin,Hooper,7.5,3,4500,ATL@DEN,ATL,DEN,,,,,,,,,,,,16502-30684:Brandon Wilds,16502-30684,RB,Brandon,Wilds,0,0,4500,NYJ@PIT,NYJ,PIT,,,,,,,,,,,,16502-34073:Ryan Griffin,16502-34073,TE,Ryan,Griffin,4.949999809,4,4500,HOU@MIN,HOU,MIN,,,,,,,,,,,,16502-6653:Jerome Felton,16502-6653,RB,Jerome,Felton,0.600000024,2,4500,BUF@LA,BUF,LA,Q,Back,,,,,,,,,,16502-29583:Randall Telfer,16502-29583,TE,Randall,Telfer,0,1,4500,NE@CLE,CLE,NE,D,Ankle,,,,,,,,,,16502-70489:Ben Braunecker,16502-70489,TE,Ben,Braunecker,0,0,4500,CHI@IND,CHI,IND,,,,,,,,,,,,16502-43961:Tyler Ervin,16502-43961,RB,Tyler,Ervin,-0.174999997,4,4500,HOU@MIN,HOU,MIN,,,,,,,,,,,,16502-6642:Nick Folk,16502-6642,K,Nick,Folk,8,4,4500,NYJ@PIT,NYJ,PIT,,,,,,,,,,,,16502-30667:Justice Cunningham,16502-30667,TE,Justice,Cunningham,0,2,4500,BUF@LA,LA,BUF,,,,,,,,,,,,16502-22849:Cory Harkey,16502-22849,TE,Cory,Harkey,0.849999984,6,4500,BUF@LA,LA,BUF,,,,,,,,,,,,16502-25225:Quinshad Davis,16502-25225,WR,Quinshad,Davis,0,0,4500,PHI@DET,DET,PHI,,,,,,,,,,,,16502-70501:C.J. Ham,16502-70501,RB,C.J.,Ham,0,0,4500,HOU@MIN,MIN,HOU,,,,,,,,,,,,16502-28249:David Cobb,16502-28249,RB,David,Cobb,2.985714231,7,4500,NYJ@PIT,PIT,NYJ,,,,,,,,,,,,16502-31524:Cody Core,16502-31524,WR,Cody,Core,0,0,4500,CIN@DAL,CIN,DAL,,,,,,,,,,,,16502-28246:Isaac Fruechte,16502-28246,WR,Isaac,Fruechte,0,0,4500,HOU@MIN,MIN,HOU,,,,,,,,,,,,16502-70506:Ryan O'Malley,16502-70506,TE,Ryan,O'Malley,0,0,4500,SD@OAK,OAK,SD,,,,,,,,,,,,16502-6595:Matt Spaeth,16502-6595,TE,Matt,Spaeth,0.666666667,3,4500,NYJ@PIT,PIT,NYJ,,,,,,,,,,,,16502-6622:Eric Weems,16502-6622,WR,Eric,Weems,0,4,4500,ATL@DEN,ATL,DEN,,,,,,,,,,,,16502-32632:Bradley Marquez,16502-32632,WR,Bradley,Marquez,1.700000048,1,4500,BUF@LA,LA,BUF,,,,,,,,,,,,16502-72676:Troymaine Pope,16502-72676,RB,Troymaine,Pope,0,0,4500,NYJ@PIT,NYJ,PIT,,,,,,,,,,,,16502-22959:Deonte Thompson,16502-22959,WR,Deonte,Thompson,0,4,4500,CHI@IND,CHI,IND,,,,,,,,,,,,16502-28346:Maxx Williams,16502-28346,TE,Maxx,Williams,4.066666603,12,4500,WAS@BAL,BAL,WAS,IR,Knee,,,,,,,,,,16502-15178:Chase Reynolds,16502-15178,RB,Chase,Reynolds,0,2,4500,BUF@LA,LA,BUF,,,,,,,,,,,,16502-70553:Kieran Duncan,16502-70553,WR,Kieran,Duncan,0,0,4500,CHI@IND,CHI,IND,,,,,,,,,,,,16502-31703:Malcolm Johnson,16502-31703,RB,Malcolm,Johnson,0.833333333,3,4500,NE@CLE,CLE,NE,,,,,,,,,,,,16502-45791:Rashard Higgins,16502-45791,WR,Rashard,Higgins,0,2,4500,NE@CLE,CLE,NE,,,,,,,,,,,,16502-28311:MarQueis Gray,16502-28311,TE,MarQueis,Gray,0,1,4500,TEN@MIA,MIA,TEN,,,,,,,,,,,,16502-22920:Derek Carrier,16502-22920,TE,Derek,Carrier,2.600000035,11,4500,WAS@BAL,WAS,BAL,NA,Knee,,,,,,,,,,16502-14268:Stevan Ridley,16502-14268,RB,Stevan,Ridley,1.350000024,8,4500,CHI@IND,IND,CHI,,,,,,,,,,,,16502-34288:Rannell Hall,16502-34288,WR,Rannell,Hall,0,1,4500,NE@CLE,CLE,NE,IR,Leg,,,,,,,,,,16502-14266:Daniel Thomas,16502-14266,RB,Daniel,Thomas,0,0,4500,TEN@MIA,MIA,TEN,,,,,,,,,,,,16502-29540:Terron Ward,16502-29540,RB,Terron,Ward,2.729999924,10,4500,ATL@DEN,ATL,DEN,,,,,,,,,,,,16502-27338:Rex Burkhead,16502-27338,RB,Rex,Burkhead,0,1,4500,CIN@DAL,CIN,DAL,Q,Hamstring,,,,,,,,,,16502-14240:Lance Kendricks,16502-14240,TE,Lance,Kendricks,4.574999809,4,4500,BUF@LA,LA,BUF,,,,,,,,,,,,16502-6427:Connor Barth,16502-6427,K,Connor,Barth,3.5,4,4500,CHI@IND,CHI,IND,,,,,,,,,,,,16502-45821:Isaiah Burse,16502-45821,WR,Isaiah,Burse,0,0,4500,SD@OAK,SD,OAK,,,,,,,,,,,,16502-32703:Jakeem Grant,16502-32703,WR,Jakeem,Grant,0,3,4500,TEN@MIA,MIA,TEN,,,,,,,,,,,,16502-14297:Greg Salas,16502-14297,WR,Greg,Salas,8.449999809,2,4500,BUF@LA,BUF,LA,O,Groin,,,,,,,,,,16502-25135:Marcus Leak,16502-25135,WR,Marcus,Leak,0,0,4500,CHI@IND,IND,CHI,,,,,,,,,,,,16502-14274:Rob Housler,16502-14274,TE,Rob,Housler,1.060000038,5,4500,CHI@IND,CHI,IND,,,,,,,,,,,,16502-33218:Bryce Williams,16502-33218,TE,Bryce,Williams,0,0,4500,BUF@LA,LA,BUF,,,,,,,,,,,,16502-22991:Jonathan Grimes,16502-22991,RB,Jonathan,Grimes,3.25,2,4500,HOU@MIN,HOU,MIN,O,Ankle,,,,,,,,,,16502-34224:Kennard Backman,16502-34224,TE,Kennard,Backman,0,7,4500,NYG@GB,GB,NYG,,,,,,,,,,,,16502-54280:Duke Williams,16502-54280,WR,Duke,Williams,0,0,4500,BUF@LA,LA,BUF,,,,,,,,,,,,16502-23003:Phillip Supernaw,16502-23003,TE,Phillip,Supernaw,0.600000024,2,4500,TEN@MIA,TEN,MIA,,,,,,,,,,,,16502-27273:Andy Janovich,16502-27273,RB,Andy,Janovich,4.133333206,3,4500,ATL@DEN,DEN,ATL,,,,,,,,,,,,16502-14305:Roy Helu Jr.,16502-14305,RB,Roy,Helu Jr.,2.737499952,8,4500,SD@OAK,OAK,SD,,,,,,,,,,,,16502-29477:Connor Hamlett,16502-29477,TE,Connor,Hamlett,0,0,4500,NE@CLE,CLE,NE,,,,,,,,,,,,16502-44893:Roosevelt Nix,16502-44893,RB,Roosevelt,Nix,0.866666635,3,4500,NYJ@PIT,PIT,NYJ,,,,,,,,,,,,16502-14319:Taiwan Jones,16502-14319,RB,Taiwan,Jones,0.633333325,3,4500,SD@OAK,OAK,SD,Q,Knee,,,,,,,,,,16502-6488:Dwayne Bowe,16502-6488,WR,Dwayne,Bowe,1.114285742,7,4500,NE@CLE,CLE,NE,,,,,,,,,,,,16502-32287:Cayleb Jones,16502-32287,WR,Cayleb,Jones,0,0,4500,PHI@DET,PHI,DET,,,,,,,,,,,,16502-12872:James Develin,16502-12872,RB,James,Develin,0,0,4500,NE@CLE,NE,CLE,,,,,,,,,,,,16502-31321:Jay Prosch,16502-31321,RB,Jay,Prosch,0.649999976,2,4500,HOU@MIN,HOU,MIN,,,,,,,,,,,,16502-10030:Harry Douglas,16502-10030,WR,Harry,Douglas,3.049999952,2,4500,TEN@MIA,TEN,MIA,,,,,,,,,,,,16502-29404:Byron Marshall,16502-29404,RB,Byron,Marshall,0,0,4500,PHI@DET,PHI,DET,,,,,,,,,,,,16502-31308:Quan Bray,16502-31308,WR,Quan,Bray,0.300000012,4,4500,CHI@IND,IND,CHI,,,,,,,,,,,,16502-39305:A.J. Derby,16502-39305,TE,A.J.,Derby,0,0,4500,NE@CLE,NE,CLE,,,,,,,,,,,,16502-32807:Anthony Denham,16502-32807,TE,Anthony,Denham,0,0,4500,HOU@MIN,HOU,MIN,,,,,,,,,,,,16502-32309:M.J. McFarland,16502-32309,TE,M.J.,McFarland,0,0,4500,PHI@DET,PHI,DET,,,,,,,,,,,,16502-25554:Nikita Whitlock,16502-25554,RB,Nikita,Whitlock,0,14,4500,NYG@GB,NYG,GB,O,Suspension,,,,,,,,,,16502-30385:Marlon Brown,16502-30385,WR,Marlon,Brown,2.022222307,9,4500,ATL@DEN,DEN,ATL,,,,,,,,,,,,16502-55577:Hunter Sharp,16502-55577,WR,Hunter,Sharp,0,0,4500,PHI@DET,PHI,DET,,,,,,,,,,,,16502-28525:Braxton Miller,16502-28525,WR,Braxton,Miller,0.850000024,2,4500,HOU@MIN,HOU,MIN,,,,,,,,,,,,16502-29327:Bralon Addison,16502-29327,WR,Bralon,Addison,0,0,4500,ATL@DEN,DEN,ATL,,,,,,,,,,,,16502-44784:Darius Jackson,16502-44784,RB,Darius,Jackson,0,0,4500,CIN@DAL,DAL,CIN,,,,,,,,,,,,16502-30412:Tavarres King,16502-30412,WR,Tavarres,King,0,0,4500,NYG@GB,NYG,GB,,,,,,,,,,,,16502-31263:Ricardo Louis,16502-31263,WR,Ricardo,Louis,3.26666673,3,4500,NE@CLE,CLE,NE,,,,,,,,,,,,16502-27439:Durron Neal,16502-27439,WR,Durron,Neal,0,0,4500,ATL@DEN,DEN,ATL,,,,,,,,,,,,16502-31261:Tre Mason,16502-31261,RB,Tre,Mason,3.269230769,13,4500,BUF@LA,LA,BUF,O,Personal,,,,,,,,,,16502-26598:Nelson Spruce,16502-26598,WR,Nelson,Spruce,0,0,4500,BUF@LA,LA,BUF,,,,,,,,,,,,16502-39411:Gavin Escobar,16502-39411,TE,Gavin,Escobar,2.057142803,7,4500,CIN@DAL,DAL,CIN,,,,,,,,,,,,16502-29340:Josh Huff,16502-29340,WR,Josh,Huff,1.466666698,3,4500,PHI@DET,PHI,DET,,,,,,,,,,,,16502-54694:Justin Perillo,16502-54694,TE,Justin,Perillo,1.799999952,1,4500,NYG@GB,GB,NYG,,,,,,,,,,,,16502-30428:Malcolm Mitchell,16502-30428,WR,Malcolm,Mitchell,3.166666667,3,4500,NE@CLE,NE,CLE,,,,,,,,,,,,16502-31280:Cody Parkey,16502-31280,K,Cody,Parkey,11.5,2,4500,NE@CLE,CLE,NE,,,,,,,,,,,,16502-28487:Jeff Heuerman,16502-28487,TE,Jeff,Heuerman,2.900000095,2,4500,ATL@DEN,DEN,ATL,Q,Groin,,,,,,,,,,16502-27411:Aaron Ripkowski,16502-27411,RB,Aaron,Ripkowski,1.149999976,2,4500,NYG@GB,GB,NYG,,,,,,,,,,,,16502-28502:Devin Smith,16502-28502,WR,Devin,Smith,2.857142857,7,4500,NYJ@PIT,NYJ,PIT,NA,Knee,,,,,,,,,,16502-25463:Canaan Severin,16502-25463,WR,Canaan,Severin,0,0,4500,NYJ@PIT,PIT,NYJ,IR,Undisclosed,,,,,,,,,,16502-32410:Trey Williams,16502-32410,RB,Trey,Williams,1.200000048,1,4500,CHI@IND,IND,CHI,,,,,,,,,,,,16502-54651:Dominique Williams,16502-54651,RB,Dominique,Williams,0,0,4500,NYJ@PIT,NYJ,PIT,,,,,,,,,,,,16502-26411:Ryan Malleck,16502-26411,TE,Ryan,Malleck,0,0,4500,NYG@GB,NYG,GB,,,,,,,,,,,,16502-34014:Aaron Dobson,16502-34014,WR,Aaron,Dobson,3.433333397,6,4500,PHI@DET,DET,PHI,,,,,,,,,,,,16502-47953:Lucky Whitehead,16502-47953,WR,Lucky,Whitehead,0.275000006,4,4500,CIN@DAL,DAL,CIN,,,,,,,,,,,,16502-29277:Stephen Anderson,16502-29277,TE,Stephen,Anderson,2.166666667,3,4500,HOU@MIN,HOU,MIN,Q,Hamstring,,,,,,,,,,16502-30228:Tyler Murphy,16502-30228,WR,Tyler,Murphy,2.099999905,1,4500,TEN@MIA,MIA,TEN,,,,,,,,,,,,16502-28545:Rod Smith,16502-28545,RB,Rod,Smith,0,1,4500,CIN@DAL,DAL,CIN,,,,,,,,,,,,16502-70335:Seth DeValve,16502-70335,TE,Seth,DeValve,0,0,4500,NE@CLE,CLE,NE,Q,Knee,,,,,,,,,,16502-53532:Roger Lewis,16502-53532,WR,Roger,Lewis,0,0,4500,NYG@GB,NYG,GB,,,,,,,,,,,,16502-54612:Lorenzo Taliaferro,16502-54612,RB,Lorenzo,Taliaferro,5.366666794,3,4500,WAS@BAL,BAL,WAS,NA,Foot,,,,,,,,,,16502-55694:Mike Thomas,16502-55694,WR,Mike,Thomas,0,1,4500,BUF@LA,LA,BUF,,,,,,,,,,,,16502-54623:Jeff Janis,16502-54623,WR,Jeff,Janis,0.988888847,9,4500,NYG@GB,GB,NYG,,,,,,,,,,,,16502-54621:Walt Powell,16502-54621,WR,Walt,Powell,4.25,2,4500,BUF@LA,BUF,LA,,,,,,,,,,,,16502-29290:Bryce Treggs,16502-29290,WR,Bryce,Treggs,0,0,4500,PHI@DET,PHI,DET,,,,,,,,,,,,16502-12055:Logan Paulsen,16502-12055,TE,Logan,Paulsen,1,2,4500,CHI@IND,CHI,IND,,,,,,,,,,,,16502-32957:Eric Tomlinson,16502-32957,TE,Eric,Tomlinson,0,0,4500,HOU@MIN,HOU,MIN,,,,,,,,,,,,16502-21547:Will Johnson,16502-21547,RB,Will,Johnson,2.260000038,5,4500,NYG@GB,NYG,GB,IR,Shoulder,,,,,,,,,,16502-72262:Nick Truesdell,16502-72262,TE,Nick,Truesdell,0,0,4500,CHI@IND,IND,CHI,,,,,,,,,,,,16502-31378:Kadron Boone,16502-31378,WR,Kadron,Boone,0,0,4500,NYG@GB,NYG,GB,,,,,,,,,,,,16502-22767:Brian Tyms,16502-22767,WR,Brian,Tyms,0,0,4500,CHI@IND,IND,CHI,,,,,,,,,,,,16502-30297:Trey Burton,16502-30297,TE,Trey,Burton,8.149999619,2,4500,PHI@DET,PHI,DET,,,,,,,,,,,,16502-70342:Temarrick Hemingway,16502-70342,TE,Temarrick,Hemingway,0,0,4500,BUF@LA,LA,BUF,,,,,,,,,,,,16502-31417:James Wright,16502-31417,WR,James,Wright,1.199999968,3,4500,CIN@DAL,CIN,DAL,Q,Hamstring,,,,,,,,,,16502-46001:Joey Iosefa,16502-46001,RB,Joey,Iosefa,2.549999952,2,4500,NE@CLE,NE,CLE,,,,,,,,,,,,16502-30307:Mack Brown,16502-30307,RB,Mack,Brown,0,0,4500,WAS@BAL,WAS,BAL,,,,,,,,,,,,16502-32483:Josh Boyce,16502-32483,WR,Josh,Boyce,0,0,4500,NE@CLE,CLE,NE,,,,,,,,,,,,16502-30326:Keith Marshall,16502-30326,RB,Keith,Marshall,0,0,4500,WAS@BAL,WAS,BAL,IR,Elbow,,,,,,,,,,16502-25356:Benson Browne,16502-25356,TE,Benson,Browne,0,0,4500,BUF@LA,LA,BUF,,,,,,,,,,,,16502-70373:Mike Miller,16502-70373,TE,Mike,Miller,0,0,4500,CHI@IND,IND,CHI,,,,,,,,,,,,16502-70372:Chester Rogers,16502-70372,WR,Chester,Rogers,1.633333365,3,4500,CHI@IND,IND,CHI,,,,,,,,,,,,16502-62633:Matt Lengel,16502-62633,TE,Matt,Lengel,0,0,4500,CIN@DAL,CIN,DAL,,,,,,,,,,,,16502-27672:Matt LaCosse,16502-27672,TE,Matt,LaCosse,3.700000048,1,4500,NYG@GB,NYG,GB,IR,Knee,,,,,,,,,,16502-62628:DeAndre Carter,16502-62628,WR,DeAndre,Carter,0,0,4500,NE@CLE,NE,CLE,,,,,,,,,,,,16502-62631:Gus Johnson,16502-62631,RB,Gus,Johnson,0,0,4500,ATL@DEN,ATL,DEN,,,,,,,,,,,,16502-25751:Chris Pantale,16502-25751,TE,Chris,Pantale,0,0,4500,PHI@DET,PHI,DET,,,,,,,,,,,,16502-24797:Juwan Thompson,16502-24797,RB,Juwan,Thompson,1.612499952,8,4500,ATL@DEN,DEN,ATL,,,,,,,,,,,,16502-33571:George Atkinson III,16502-33571,RB,George,Atkinson III,0,3,4500,NE@CLE,CLE,NE,,,,,,,,,,,,16502-62600:Joshua Stangby,16502-62600,WR,Joshua,Stangby,0,0,4500,CHI@IND,IND,CHI,,,,,,,,,,,,16502-30108:Marquess Wilson,16502-30108,WR,Marquess,Wilson,6.036363775,11,4500,CHI@IND,CHI,IND,NA,Foot,,,,,,,,,,16502-46088:Jhurell Pressley,16502-46088,RB,Jhurell,Pressley,0,0,4500,NYG@GB,GB,NYG,,,,,,,,,,,,16502-11454:Dexter McCluster,16502-11454,RB,Dexter,McCluster,2,2,4500,SD@OAK,SD,OAK,,,,,,,,,,,,16502-62623:John Crockett,16502-62623,RB,John,Crockett,1.049999952,2,4500,NYG@GB,GB,NYG,IR,Shoulder,,,,,,,,,,16502-27692:Josh Ferguson,16502-27692,RB,Josh,Ferguson,5.175000191,4,4500,CHI@IND,IND,CHI,,,,,,,,,,,,16502-62619:Andrew Franks,16502-62619,K,Andrew,Franks,4.5,4,4500,TEN@MIA,MIA,TEN,,,,,,,,,,,,16502-62617:Khari Lee,16502-62617,TE,Khari,Lee,0,1,4500,PHI@DET,DET,PHI,,,,,,,,,,,,16502-43504:Don Jackson,16502-43504,RB,Don,Jackson,0,0,4500,NYG@GB,GB,NYG,,,,,,,,,,,,16502-38517:Dreamius Smith,16502-38517,RB,Dreamius,Smith,0,2,4500,SD@OAK,SD,OAK,,,,,,,,,,,,16502-38523:Geoff Swaim,16502-38523,TE,Geoff,Swaim,2.166666667,3,4500,CIN@DAL,DAL,CIN,,,,,,,,,,,,16502-24817:Nick O'Leary,16502-24817,TE,Nick,O'Leary,2.100000064,3,4500,BUF@LA,BUF,LA,,,,,,,,,,,,16502-25789:Rashawn Scott,16502-25789,WR,Rashawn,Scott,0,0,4500,TEN@MIA,MIA,TEN,,,,,,,,,,,,16502-31015:DeAndrew White,16502-31015,WR,DeAndrew,White,1.399999976,2,4500,NE@CLE,NE,CLE,,,,,,,,,,,,16502-14761:Andre Holmes,16502-14761,WR,Andre,Holmes,2.799999873,3,4500,SD@OAK,OAK,SD,,,,,,,,,,,,16502-29084:Rashad Ross,16502-29084,WR,Rashad,Ross,2.646153964,13,4500,WAS@BAL,WAS,BAL,,,,,,,,,,,,16502-25827:Asante Cleveland,16502-25827,TE,Asante,Cleveland,0.600000024,1,4500,SD@OAK,SD,OAK,,,,,,,,,,,,16502-27771:Cody Latimer,16502-27771,WR,Cody,Latimer,1.233333349,3,4500,ATL@DEN,DEN,ATL,,,,,,,,,,,,16502-11511:Tony Moeaki,16502-11511,TE,Tony,Moeaki,4.433333397,3,4500,CHI@IND,CHI,IND,,,,,,,,,,,,16502-11504:Andre Roberts,16502-11504,WR,Andre,Roberts,2.150000095,4,4500,PHI@DET,DET,PHI,,,,,,,,,,,,16502-62668:John Peters,16502-62668,TE,John,Peters,0,0,4500,CIN@DAL,CIN,DAL,,,,,,,,,,,,16502-30990:Jalston Fowler,16502-30990,RB,Jalston,Fowler,1.899999976,1,4500,TEN@MIA,TEN,MIA,,,,,,,,,,,,16502-39678:E.J. Bibbs,16502-39678,TE,E.J.,Bibbs,0.600000024,2,4500,NE@CLE,CLE,NE,,,,,,,,,,,,16502-26657:Christian Powell,16502-26657,RB,Christian,Powell,0,0,4500,NYJ@PIT,PIT,NYJ,,,,,,,,,,,,16502-32082:Jordan Taylor,16502-32082,WR,Jordan,Taylor,1.950000048,2,4500,ATL@DEN,DEN,ATL,,,,,,,,,,,,16502-22447:Griff Whalen,16502-22447,WR,Griff,Whalen,3.555555556,9,4500,SD@OAK,SD,OAK,,,,,,,,,,,,16502-62505:MyCole Pruitt,16502-62505,TE,MyCole,Pruitt,1.200000048,1,4500,HOU@MIN,MIN,HOU,,,,,,,,,,,,16502-29991:Bishop Sankey,16502-29991,RB,Bishop,Sankey,4.183333397,12,4500,NE@CLE,NE,CLE,,,,,,,,,,,,16502-39428:Kyle Juszczyk,16502-39428,RB,Kyle,Juszczyk,3.474999905,4,4500,WAS@BAL,BAL,WAS,,,,,,,,,,,,16502-32185:Zach Line,16502-32185,RB,Zach,Line,0.600000024,1,4500,HOU@MIN,MIN,HOU,,,,,,,,,,,,16502-22336:Joshua Bellamy,16502-22336,WR,Joshua,Bellamy,0,1,4500,CHI@IND,CHI,IND,,,,,,,,,,,,16502-10354:Marcel Reece,16502-10354,RB,Marcel,Reece,4.233333333,15,4500,SD@OAK,OAK,SD,,,,,,,,,,,,16502-31184:Jonathan Williams,16502-31184,RB,Jonathan,Williams,0.200000003,1,4500,BUF@LA,BUF,LA,,,,,,,,,,,,16502-31191:Mekale McKay,16502-31191,WR,Mekale,McKay,0,0,4500,CHI@IND,IND,CHI,,,,,,,,,,,,16502-14683:Patrick DiMarco,16502-14683,RB,Patrick,DiMarco,1.799999952,2,4500,ATL@DEN,ATL,DEN,,,,,,,,,,,,16502-32234:Malcolm Brown,16502-32234,RB,Malcolm,Brown,1.799999952,1,4500,BUF@LA,LA,BUF,,,,,,,,,,,,16502-41370:Trevor Davis,16502-41370,WR,Trevor,Davis,0,2,4500,NYG@GB,GB,NYG,,,,,,,,,,,,16502-48224:Wes Saxton,16502-48224,TE,Wes,Saxton,0,1,4500,WAS@BAL,WAS,BAL,,,,,,,,,,,,16502-25694:Andre Williams,16502-25694,RB,Andre,Williams,2.181250095,16,4500,SD@OAK,SD,OAK,,,,,,,,,,,,16502-7001:Kellen Davis,16502-7001,TE,Kellen,Davis,0,1,4500,NYJ@PIT,NYJ,PIT,,,,,,,,,,,,16502-9442:Brandon Tate,16502-9442,WR,Brandon,Tate,0.100000001,4,4500,BUF@LA,BUF,LA,,,,,,,,,,,,16502-62538:Cameron Meredith,16502-62538,WR,Cameron,Meredith,3.099999905,2,4500,CHI@IND,CHI,IND,,,,,,,,,,,,16502-24621:Charone Peake,16502-24621,WR,Charone,Peake,10.5,1,4500,NYJ@PIT,NYJ,PIT,,,,,,,,,,,,16502-28933:Jared Abbrederis,16502-28933,WR,Jared,Abbrederis,1.299999952,1,4500,NYG@GB,GB,NYG,,,,,,,,,,,,16502-33733:Xavier Rush,16502-33733,WR,Xavier,Rush,0,0,4500,PHI@DET,PHI,DET,,,,,,,,,,,,16502-11648:Jim Dray,16502-11648,TE,Jim,Dray,1.011111153,9,4500,BUF@LA,BUF,LA,,,,,,,,,,,,16502-27918:Henry Krieger-Coble,16502-27918,TE,Henry,Krieger-Coble,0,0,4500,ATL@DEN,DEN,ATL,,,,,,,,,,,,16502-28907:Alex Erickson,16502-28907,WR,Alex,Erickson,0.625,4,4500,CIN@DAL,CIN,DAL,,,,,,,,,,,,16502-25052:Zach Laskey,16502-25052,RB,Zach,Laskey,0,0,4500,BUF@LA,LA,BUF,IR,Undisclosed,,,,,,,,,,16502-22220:Sean McGrath,16502-22220,TE,Sean,McGrath,1.799999952,1,4500,SD@OAK,SD,OAK,,,,,,,,,,,,16502-27908:C.J. Fiedorowicz,16502-27908,TE,C.J.,Fiedorowicz,3.625,4,4500,HOU@MIN,HOU,MIN,Q,Knee - mcl,,,,,,,,,,16502-10695:Darrel Young,16502-10695,RB,Darrel,Young,0.688888868,9,4500,CHI@IND,CHI,IND,,,,,,,,,,,,16502-29866:Paul Perkins,16502-29866,RB,Paul,Perkins,9,1,4500,NYG@GB,NYG,GB,,,,,,,,,,,,16502-57556:Jerome Cunningham,16502-57556,TE,Jerome,Cunningham,1.649999936,6,4500,TEN@MIA,TEN,MIA,,,,,,,,,,,,16502-23046:Jamize Olawale,16502-23046,RB,Jamize,Olawale,2.775000095,4,4500,SD@OAK,OAK,SD,,,,,,,,,,,,16502-40913:Thomas Duarte,16502-40913,TE,Thomas,Duarte,0,0,4500,TEN@MIA,MIA,TEN,,,,,,,,,,,,16502-23055:Brandon Bostick,16502-23055,TE,Brandon,Bostick,0,1,4500,NYJ@PIT,NYJ,PIT,,,,,,,,,,,,16502-26038:Tyler Kroft,16502-26038,TE,Tyler,Kroft,5,1,4500,CIN@DAL,CIN,DAL,,,,,,,,,,,,16502-22244:Beau Brinkley,16502-22244,TE,Beau,Brinkley,0,16,4500,TEN@MIA,TEN,MIA,,,,,,,,,,,,16502-30807:Mychal Rivera,16502-30807,TE,Mychal,Rivera,0.600000024,1,4500,SD@OAK,OAK,SD,,,,,,,,,,,,16502-43260:Darion Griswold,16502-43260,TE,Darion,Griswold,0,0,4500,CHI@IND,IND,CHI,,,,,,,,,,,,16502-26045:Leonte Carroo,16502-26045,WR,Leonte,Carroo,1.200000048,2,4500,TEN@MIA,MIA,TEN,,,,,,,,,,,,16502-40932:Pharoh Cooper,16502-40932,WR,Pharoh,Cooper,0,0,4500,BUF@LA,LA,BUF,,,,,,,,,,,,16502-28890:Derek Watt,16502-28890,RB,Derek,Watt,1.100000024,1,4500,SD@OAK,SD,OAK,,,,,,,,,,,,16502-29854:Kevin McDermott,16502-29854,TE,Kevin,McDermott,0,16,4500,HOU@MIN,MIN,HOU,,,,,,,,,,,,16502-31748:Levi Norwood,16502-31748,WR,Levi,Norwood,0,0,4500,NYJ@PIT,PIT,NYJ,,,,,,,,,,,,16502-30775:Justin Hunter,16502-30775,WR,Justin,Hunter,4.822222392,9,4500,BUF@LA,BUF,LA,,,,,,,,,,,,16502-26076:Sam Bergen,16502-26076,RB,Sam,Bergen,0,0,4500,TEN@MIA,TEN,MIA,,,,,,,,,,,,16502-33403:Tevin Jones,16502-33403,WR,Tevin,Jones,0,0,4500,HOU@MIN,HOU,MIN,,,,,,,,,,,,16502-26057:Michael Burton,16502-26057,RB,Michael,Burton,1.637500048,8,4500,PHI@DET,DET,PHI,,,,,,,,,,,,16502-28815:Akeem Hunt,16502-28815,RB,Akeem,Hunt,2.357142857,7,4500,HOU@MIN,HOU,MIN,,,,,,,,,,,,16502-45343:Daniel Braverman,16502-45343,WR,Daniel,Braverman,0,0,4500,CHI@IND,CHI,IND,,,,,,,,,,,,16502-7856:Matthew Slater,16502-7856,WR,Matthew,Slater,0,1,4500,NE@CLE,NE,CLE,,,,,,,,,,,,16502-28807:Gabe Holmes,16502-28807,TE,Gabe,Holmes,0,0,4500,SD@OAK,OAK,SD,IR,Ankle,,,,,,,,,,16502-6897:Mason Crosby,16502-6897,K,Mason,Crosby,7.333333333,3,4500,NYG@GB,GB,NYG,,,,,,,,,,,,16502-22188:Daryl Richardson,16502-22188,RB,Daryl,Richardson,0.349999994,2,4500,NYJ@PIT,PIT,NYJ,,,,,,,,,,,,16502-11766:Jeff Cumberland,16502-11766,TE,Jeff,Cumberland,1.45714283,7,4500,SD@OAK,SD,OAK,IR,Achilles,,,,,,,,,,16502-26934:Toben Opurum,16502-26934,RB,Toben,Opurum,0,2,4500,ATL@DEN,DEN,ATL,,,,,,,,,,,,16502-28030:Fitzgerald Toussaint,16502-28030,RB,Fitzgerald,Toussaint,0.800000032,3,4500,NYJ@PIT,PIT,NYJ,,,,,,,,,,,,16502-25886:Devin Street,16502-25886,WR,Devin,Street,1.889999962,10,4500,CHI@IND,IND,CHI,,,,,,,,,,,,16502-11522:Marcus Easley,16502-11522,WR,Marcus,Easley,4.100000064,3,4500,BUF@LA,BUF,LA,NA,Kneecap,,,,,,,,,,16502-29734:Ty Montgomery,16502-29734,WR,Ty,Montgomery,-0.033333334,3,4500,NYG@GB,GB,NYG,,,,,,,,,,,,16502-45562:Paul Lasike,16502-45562,RB,Paul,Lasike,0.200000003,1,4500,CHI@IND,CHI,IND,,,,,,,,,,,,16502-12537:Oakland Raiders,16502-12537,D,Oakland,Raiders,4,4,4500,SD@OAK,OAK,SD,,,,,,,,,,,,16502-11538:Garrett Graham,16502-11538,TE,Garrett,Graham,1.571428571,7,4500,ATL@DEN,DEN,ATL,,,,,,,,,,,,16502-11543:Clay Harbor,16502-11543,TE,Clay,Harbor,3.737499952,8,4500,PHI@DET,DET,PHI,,,,,,,,,,,,16502-12530:Dallas Cowboys,16502-12530,D,Dallas,Cowboys,4.75,4,4500,CIN@DAL,DAL,CIN,,,,,,,,,,,,16502-11562:Andrew Quarless,16502-11562,TE,Andrew,Quarless,1.699999968,3,4500,PHI@DET,DET,PHI,,,,,,,,,,,,16502-22123:James Hanna,16502-22123,TE,James,Hanna,1.549999952,8,4500,CIN@DAL,DAL,CIN,NA,Knee,,,,,,,,,,16502-22116:Cyrus Gray,16502-22116,RB,Cyrus,Gray,0,0,4500,ATL@DEN,ATL,DEN,,,,,,,,,,,,16502-28744:Raheem Mostert,16502-28744,RB,Raheem,Mostert,-0.25,8,4500,CHI@IND,CHI,IND,,,,,,,,,,,,16502-7784:Darrius Heyward-Bey,16502-7784,WR,Darrius,Heyward-Bey,3.600000064,3,4500,NYJ@PIT,PIT,NYJ,,,,,,,,,,,,16502-29725:Levine Toilolo,16502-29725,TE,Levine,Toilolo,1.549999952,2,4500,ATL@DEN,ATL,DEN,,,,,,,,,,,,16502-33424:Mose Frazier,16502-33424,WR,Mose,Frazier,0,0,4500,ATL@DEN,DEN,ATL,,,,,,,,,,,,16502-31874:Kenneth Farrow,16502-31874,RB,Kenneth,Farrow,1.299999952,1,4500,SD@OAK,SD,OAK,,,,,,,,,,,,16502-27020:Glenn Gronkowski,16502-27020,RB,Glenn,Gronkowski,0,0,4500,NE@CLE,NE,CLE,,,,,,,,,,,,16502-22029:Bernard Pierce,16502-22029,RB,Bernard,Pierce,0.824999988,4,4500,NYJ@PIT,NYJ,PIT,,,,,,,,,,,,16502-29805:Ryan Hewitt,16502-29805,RB,Ryan,Hewitt,1.544444402,9,4500,CIN@DAL,CIN,DAL,,,,,,,,,,,,16502-48482:David Morgan,16502-48482,TE,David,Morgan,0,0,4500,HOU@MIN,MIN,HOU,Q,Knee,,,,,,,,,,16502-7706:Chase Coffman,16502-7706,TE,Chase,Coffman,8.550000191,2,4500,CHI@IND,IND,CHI,,,,,,,,,,,,16502-57348:Glenn Winston,16502-57348,RB,Glenn,Winston,-2.799999952,1,4500,NE@CLE,CLE,NE,IR,Shoulder,,,,,,,,,,16502-14369:Jordan Todman,16502-14369,RB,Jordan,Todman,0,2,4500,CHI@IND,IND,CHI,,,,,,,,,,,,16502-14372:Aldrick Robinson,16502-14372,WR,Aldrick,Robinson,6.03333346,3,4500,ATL@DEN,ATL,DEN,,,,,,,,,,,,16502-29821:Jordan Payton,16502-29821,WR,Jordan,Payton,0,0,4500,NE@CLE,CLE,NE,,,,,,,,,,,,16502-22047:Ladarius Green,16502-22047,TE,Ladarius,Green,6.876923194,13,4500,NYJ@PIT,PIT,NYJ,NA,Ankle,,,,,,,,,,16502-22034:Chris Givens,16502-22034,WR,Chris,Givens,3.792857034,14,4500,PHI@DET,PHI,DET,,,,,,,,,,,,16502-28735:Daniel Anthrop,16502-28735,WR,Daniel,Anthrop,0,0,4500,CHI@IND,IND,CHI,,,,,,,,,,,,16502-28126:Paul Lang,16502-28126,TE,Paul,Lang,0,0,4500,NYJ@PIT,PIT,NYJ,,,,,,,,,,,,16502-33473:Chris Brown,16502-33473,WR,Chris,Brown,0,0,4500,CIN@DAL,DAL,CIN,,,,,,,,,,,,16502-28131:Keith Mumphery,16502-28131,WR,Keith,Mumphery,1.421428544,14,4500,HOU@MIN,HOU,MIN,,,,,,,,,,,,16502-14355:Niles Paul,16502-14355,TE,Niles,Paul,2.099999905,1,4500,WAS@BAL,WAS,BAL,,,,,,,,,,,,16502-10531:Jordan Norwood,16502-10531,WR,Jordan,Norwood,1.850000024,4,4500,ATL@DEN,DEN,ATL,,,,,,,,,,,,16502-29768:Patrick Skov,16502-29768,RB,Patrick,Skov,0,0,4500,NE@CLE,CLE,NE,,,,,,,,,,,,16502-14358:Dwayne Harris,16502-14358,WR,Dwayne,Harris,-0.5,4,4500,NYG@GB,NYG,GB,,,,,,,,,,,,16502-6778:Anthony Fasano,16502-6778,TE,Anthony,Fasano,0.300000012,2,4500,TEN@MIA,TEN,MIA,,,,,,,,,,,,16502-22051:Orson Charles,16502-22051,RB,Orson,Charles,0,0,4500,PHI@DET,DET,PHI,,,,,,,,,,,,16502-28694:Jesse James,16502-28694,TE,Jesse,James,6.625,4,4500,NYJ@PIT,PIT,NYJ,,,,,,,,,,,,16502-28144:Dion Sims,16502-28144,TE,Dion,Sims,3.53333346,3,4500,TEN@MIA,MIA,TEN,,,,,,,,,,,,16502-7718:Cedric Peerman,16502-7718,RB,Cedric,Peerman,0,4,4500,CIN@DAL,CIN,DAL,IR,Elbow,,,,,,,,,,16502-22065:Rhett Ellison,16502-22065,TE,Rhett,Ellison,1.5,2,4500,HOU@MIN,MIN,HOU,Q,Knee,,,,,,,,,,16502-11635:Marc Mariani,16502-11635,WR,Marc,Mariani,0,4,4500,TEN@MIA,TEN,MIA,,,,,,,,,,,,16502-6767:Ryan Succop,16502-6767,K,Ryan,Succop,5.5,4,4500,TEN@MIA,TEN,MIA,,,,,,,,,,,,16502-14348:Lee Smith,16502-14348,TE,Lee,Smith,1.966666698,3,4500,SD@OAK,OAK,SD,IR,Ankle,,,,,,,,,,16502-12555:Baltimore Ravens,16502-12555,D,Baltimore,Ravens,8,4,4400,WAS@BAL,BAL,WAS,,,,,,,,,,,,16502-12543:New York Giants,16502-12543,D,New York,Giants,4.5,4,4400,NYG@GB,NYG,GB,,,,,,,,,,,,16502-12532:Detroit Lions,16502-12532,D,Detroit,Lions,4.5,4,4400,PHI@DET,DET,PHI,,,,,,,,,,,,16502-12535:Indianapolis Colts,16502-12535,D,Indianapolis,Colts,3.25,4,4400,CHI@IND,IND,CHI,,,,,,,,,,,,16502-12552:Washington Redskins,16502-12552,D,Washington,Redskins,5.25,4,4300,WAS@BAL,WAS,BAL,,,,,,,,,,,,16502-12548:San Diego Chargers,16502-12548,D,San Diego,Chargers,6.75,4,4200,SD@OAK,SD,OAK,,,,,,,,,,,,16502-12525:Atlanta Falcons,16502-12525,D,Atlanta,Falcons,5.75,4,4200,ATL@DEN,ATL,DEN,,,,,,,,,,,,16502-12527:Chicago Bears,16502-12527,D,Chicago,Bears,5.5,4,4200,CHI@IND,CHI,IND,,,,,,,,,,,,16502-12534:Tennessee Titans,16502-12534,D,Tennessee,Titans,5.75,4,4200,TEN@MIA,TEN,MIA,,,,,,,,,,,,16502-12544:New York Jets,16502-12544,D,New York,Jets,5.25,4,4100,NYJ@PIT,NYJ,PIT,,,,,,,,,,,,16502-12529:Cleveland Browns,16502-12529,D,Cleveland,Browns,5.5,4,4000,NE@CLE,CLE,NE,,