QB,RB,RB,WR,WR,WR,TE,K,D,,Instructions,,,,,,,,,,,,
,,,,,,,,,,1) Create a lineup by inserting any player from this list into their appropriate position columns,,,,,,,,,,,,
,,,,,,,,,,2) You can paste either the Player ID + Name OR ID from their respective columns,,,,,,,,,,,,
,,,,,,,,,,3) Any information to the right of the last position column will be ignored in the upload,,,,,,,,,,,,
,,,,,,,,,,4) Maximum of 250 lineups per upload,,,,,,,,,,,,
,,,,,,,,,,,,,,,,,,,,,,
,,,,,,,,,,Player ID + Player Name,Id,Position,First Name,Last Name,FPPG,Played,Salary,Game,Team,Opponent,Injury Indicator,Injury Details
,,,,,,,,,,16403-11612:Antonio Brown,16403-11612,WR,Antonio,Brown,17.25,2,9500,PIT@PHI,PIT,PHI,,
,,,,,,,,,,16403-14185:Cam Newton,16403-14185,QB,Cam,Newton,26.48999977,2,9200,MIN@CAR,CAR,MIN,,
,,,,,,,,,,16403-31360:Odell Beckham Jr.,16403-31360,WR,Odell,Beckham Jr.,10.94999981,2,8900,WAS@NYG,NYG,WAS,,
,,,,,,,,,,16403-6894:Aaron Rodgers,16403-6894,QB,Aaron,Rodgers,20.98999977,2,8900,DET@GB,GB,DET,,
,,,,,,,,,,16403-6732:DeAngelo Williams,16403-6732,RB,DeAngelo,Williams,26.64999962,2,8800,PIT@PHI,PIT,PHI,,
,,,,,,,,,,16403-22015:Russell Wilson,16403-22015,QB,Russell,Wilson,12.23999977,2,8700,SF@SEA,SEA,SF,,
,,,,,,,,,,16403-21939:Andrew Luck,16403-21939,QB,Andrew,Luck,23.29000092,2,8700,SD@IND,IND,SD,,
,,,,,,,,,,16403-6589:Ben Roethlisberger,16403-6589,QB,Ben,Roethlisberger,22.28000069,2,8400,PIT@PHI,PIT,PHI,,
,,,,,,,,,,16403-62497:David Johnson,16403-62497,RB,David,Johnson,18.5,2,8400,ARI@BUF,ARI,BUF,,
,,,,,,,,,,16403-14187:A.J. Green,16403-14187,WR,A.J.,Green,17.39999962,2,8300,DEN@CIN,CIN,DEN,,
,,,,,,,,,,16403-30447:Todd Gurley,16403-30447,RB,Todd,Gurley,6.099999905,2,8300,LA@TB,LA,TB,,
,,,,,,,,,,16403-6893:Jordy Nelson,16403-6893,WR,Jordy,Nelson,14,2,8300,DET@GB,GB,DET,,
,,,,,,,,,,16403-6654:Matthew Stafford,16403-6654,QB,Matthew,Stafford,21.29999924,2,8200,DET@GB,DET,GB,,
,,,,,,,,,,16403-6748:Carson Palmer,16403-6748,QB,Carson,Palmer,21.62999916,2,8200,ARI@BUF,ARI,BUF,,
,,,,,,,,,,16403-45859:Derek Carr,16403-45859,QB,Derek,Carr,23.65999985,2,8100,OAK@TEN,OAK,TEN,,
,,,,,,,,,,16403-38791:Ezekiel Elliott,16403-38791,RB,Ezekiel,Elliott,12.69999981,2,8100,CHI@DAL,DAL,CHI,,
,,,,,,,,,,16403-29249:C.J. Anderson,16403-29249,RB,C.J.,Anderson,22.35000038,2,8000,DEN@CIN,DEN,CIN,,
,,,,,,,,,,16403-32384:Mike Evans,16403-32384,WR,Mike,Evans,17.20000076,2,8000,LA@TB,TB,LA,,
,,,,,,,,,,16403-7968:Philip Rivers,16403-7968,QB,Philip,Rivers,19.20999908,2,8000,SD@IND,SD,IND,,
,,,,,,,,,,16403-21980:Alshon Jeffery,16403-21980,WR,Alshon,Jeffery,12.30000019,2,7900,CHI@DAL,CHI,DAL,,
,,,,,,,,,,16403-28643:Allen Robinson,16403-28643,WR,Allen,Robinson,8.550000191,2,7900,BAL@JAC,JAC,BAL,,
,,,,,,,,,,16403-11435:Dez Bryant,16403-11435,WR,Dez,Bryant,7.5,2,7900,CHI@DAL,DAL,CHI,,
,,,,,,,,,,16403-34308:Blake Bortles,16403-34308,QB,Blake,Bortles,18.28000069,2,7900,BAL@JAC,JAC,BAL,,
,,,,,,,,,,16403-6759:Brandon Marshall,16403-6759,WR,Brandon,Marshall,8.899999619,2,7900,NYJ@KC,NYJ,KC,Q,Knee
,,,,,,,,,,16403-6914:Greg Olsen,16403-6914,TE,Greg,Olsen,15.75,2,7800,MIN@CAR,CAR,MIN,,
,,,,,,,,,,16403-24929:Kelvin Benjamin,16403-24929,WR,Kelvin,Benjamin,22.20000076,2,7800,MIN@CAR,CAR,MIN,,
,,,,,,,,,,16403-6703:Adrian Peterson,16403-6703,RB,Adrian,Peterson,3.349999905,2,7800,MIN@CAR,MIN,CAR,Q,Knee
,,,,,,,,,,16403-14254:DeMarco Murray,16403-14254,RB,DeMarco,Murray,19.10000038,2,7700,OAK@TEN,TEN,OAK,,
,,,,,,,,,,16403-29358:Marcus Mariota,16403-29358,QB,Marcus,Mariota,17.68000031,2,7700,OAK@TEN,TEN,OAK,,
,,,,,,,,,,16403-31001:Amari Cooper,16403-31001,WR,Amari,Cooper,14.14999962,2,7700,OAK@TEN,OAK,TEN,,
,,,,,,,,,,16403-6826:Eli Manning,16403-6826,QB,Eli,Manning,15.80000019,2,7700,WAS@NYG,NYG,WAS,,
,,,,,,,,,,16403-6883:Larry Fitzgerald,16403-6883,WR,Larry,Fitzgerald,20.60000038,2,7600,ARI@BUF,ARI,BUF,,
,,,,,,,,,,16403-6714:Joe Flacco,16403-6714,QB,Joe,Flacco,15.10000038,2,7600,BAL@JAC,BAL,JAC,,
,,,,,,,,,,16403-24849:Jameis Winston,16403-24849,QB,Jameis,Winston,17.57999992,2,7600,LA@TB,TB,LA,,
,,,,,,,,,,16403-14225:Andy Dalton,16403-14225,QB,Andy,Dalton,18.84000015,2,7500,DEN@CIN,CIN,DEN,,
,,,,,,,,,,16403-30298:Jordan Reed,16403-30298,TE,Jordan,Reed,9.699999809,2,7500,WAS@NYG,WAS,NYG,,
,,,,,,,,,,16403-6899:Matt Forte,16403-6899,RB,Matt,Forte,23.95000076,2,7500,NYJ@KC,NYJ,KC,,
,,,,,,,,,,16403-21948:Ryan Tannehill,16403-21948,QB,Ryan,Tannehill,20.10000038,2,7400,CLE@MIA,MIA,CLE,,
,,,,,,,,,,16403-22031:T.Y. Hilton,16403-22031,WR,T.Y.,Hilton,8.5,2,7400,SD@IND,IND,SD,,
,,,,,,,,,,16403-7659:Ryan Fitzpatrick,16403-7659,QB,Ryan,Fitzpatrick,18.55999947,2,7300,NYJ@KC,NYJ,KC,,
,,,,,,,,,,16403-11501:Eric Decker,16403-11501,WR,Eric,Decker,16.14999962,2,7300,NYJ@KC,NYJ,KC,Q,Shoulder
,,,,,,,,,,16403-30968:Eddie Lacy,16403-30968,RB,Eddie,Lacy,6.650000095,2,7300,DET@GB,GB,DET,,
,,,,,,,,,,16403-14377:Tyrod Taylor,16403-14377,QB,Tyrod,Taylor,15.46000004,2,7300,ARI@BUF,BUF,ARI,,
,,,,,,,,,,16403-70324:Carson Wentz,16403-70324,QB,Carson,Wentz,15.90999985,2,7200,PIT@PHI,PHI,PIT,,
,,,,,,,,,,16403-11432:Demaryius Thomas,16403-11432,WR,Demaryius,Thomas,10.14999962,2,7200,DEN@CIN,DEN,CIN,,
,,,,,,,,,,16403-14626:Doug Baldwin,16403-14626,WR,Doug,Baldwin,11.60000038,2,7200,SF@SEA,SEA,SF,Q,Knee
,,,,,,,,,,16403-22038:Kirk Cousins,16403-22038,QB,Kirk,Cousins,15.76000023,2,7200,WAS@NYG,WAS,NYG,,
,,,,,,,,,,16403-14257:Randall Cobb,16403-14257,WR,Randall,Cobb,8.300000191,2,7100,DET@GB,GB,DET,,
,,,,,,,,,,16403-31716:Dak Prescott,16403-31716,QB,Dak,Prescott,14.27999973,2,7100,CHI@DAL,DAL,CHI,,
,,,,,,,,,,16403-28900:Melvin Gordon,16403-28900,RB,Melvin,Gordon,18.60000038,2,7100,SD@IND,SD,IND,,
,,,,,,,,,,16403-34331:Latavius Murray,16403-34331,RB,Latavius,Murray,16.39999962,2,7100,OAK@TEN,OAK,TEN,,
,,,,,,,,,,16403-7283:Jeremy Maclin,16403-7283,WR,Jeremy,Maclin,12.25,2,7000,NYJ@KC,KC,NYJ,,
,,,,,,,,,,16403-31394:Jarvis Landry,16403-31394,WR,Jarvis,Landry,13.05000019,2,7000,CLE@MIA,MIA,CLE,,
,,,,,,,,,,16403-6728:Jamaal Charles,16403-6728,RB,Jamaal,Charles,18.11999969,5,7000,NYJ@KC,KC,NYJ,Q,Knee
,,,,,,,,,,16403-21952:Michael Floyd,16403-21952,WR,Michael,Floyd,7.699999809,2,6900,ARI@BUF,ARI,BUF,,
,,,,,,,,,,16403-54684:Isaiah Crowell,16403-54684,RB,Isaiah,Crowell,18.04999924,2,6900,CLE@MIA,CLE,MIA,,
,,,,,,,,,,16403-32418:Christine Michael,16403-32418,RB,Christine,Michael,8.100000381,2,6900,SF@SEA,SEA,SF,,
,,,,,,,,,,16403-24641:Sammy Watkins,16403-24641,WR,Sammy,Watkins,4.650000095,2,6900,ARI@BUF,BUF,ARI,Q,Foot
,,,,,,,,,,16403-30837:Jordan Matthews,16403-30837,WR,Jordan,Matthews,15.5,2,6900,PIT@PHI,PHI,PIT,,
,,,,,,,,,,16403-6803:Josh McCown,16403-6803,QB,Josh,McCown,16.39999962,1,6900,CLE@MIA,CLE,MIA,O,Shoulder
,,,,,,,,,,16403-6863:Delanie Walker,16403-6863,TE,Delanie,Walker,11.5,2,6900,OAK@TEN,TEN,OAK,,
,,,,,,,,,,16403-6898:Jay Cutler,16403-6898,QB,Jay,Cutler,8.06000042,2,6900,CHI@DAL,CHI,DAL,Q,Thumb
,,,,,,,,,,16403-22103:Marvin Jones Jr.,16403-22103,WR,Marvin,Jones Jr.,13.14999962,2,6900,DET@GB,DET,GB,,
,,,,,,,,,,16403-22035:Travis Benjamin,16403-22035,WR,Travis,Benjamin,16.54999924,2,6900,SD@IND,SD,IND,,
,,,,,,,,,,16403-21970:Doug Martin,16403-21970,RB,Doug,Martin,7.199999809,2,6800,LA@TB,TB,LA,Q,Hamstring
,,,,,,,,,,16403-10777:Arian Foster,16403-10777,RB,Arian,Foster,6.199999809,2,6800,CLE@MIA,MIA,CLE,Q,Groin
,,,,,,,,,,16403-8005:Alex Smith,16403-8005,QB,Alex,Smith,16.32999992,2,6800,NYJ@KC,KC,NYJ,,
,,,,,,,,,,16403-6739:DeSean Jackson,16403-6739,WR,DeSean,Jackson,9.350000381,2,6800,WAS@NYG,WAS,NYG,,
,,,,,,,,,,16403-31732:Corey Coleman,16403-31732,WR,Corey,Coleman,16.39999962,2,6700,CLE@MIA,CLE,MIA,,
,,,,,,,,,,16403-22994:Case Keenum,16403-22994,QB,Case,Keenum,7.130000114,2,6700,LA@TB,LA,TB,,
,,,,,,,,,,16403-28434:Trevor Siemian,16403-28434,QB,Trevor,Siemian,11.72999954,2,6700,DEN@CIN,DEN,CIN,,
,,,,,,,,,,16403-6779:LeSean McCoy,16403-6779,RB,LeSean,McCoy,13,2,6700,ARI@BUF,BUF,ARI,,
,,,,,,,,,,16403-31561:Donte Moncrief,16403-31561,WR,Donte,Moncrief,8.399999619,2,6600,SD@IND,IND,SD,Q,Neck
,,,,,,,,,,16403-11414:Sam Bradford,16403-11414,QB,Sam,Bradford,19.13999939,1,6600,MIN@CAR,MIN,CAR,,
,,,,,,,,,,16403-11425:Ryan Mathews,16403-11425,RB,Ryan,Mathews,14.85000038,2,6600,PIT@PHI,PHI,PIT,,
,,,,,,,,,,16403-31061:T.J. Yeldon,16403-31061,RB,T.J.,Yeldon,11.35000038,2,6600,BAL@JAC,JAC,BAL,,
,,,,,,,,,,16403-28202:Jeremy Langford,16403-28202,RB,Jeremy,Langford,10.60000038,2,6500,CHI@DAL,CHI,DAL,,
,,,,,,,,,,16403-6607:Mike Wallace,16403-6607,WR,Mike,Wallace,17.89999962,2,6500,BAL@JAC,BAL,JAC,,
,,,,,,,,,,16403-27477:Sterling Shepard,16403-27477,WR,Sterling,Shepard,13.75,2,6500,WAS@NYG,NYG,WAS,,
,,,,,,,,,,16403-25760:Allen Hurns,16403-25760,WR,Allen,Hurns,9.199999809,2,6500,BAL@JAC,JAC,BAL,,
,,,,,,,,,,16403-11485:Golden Tate,16403-11485,WR,Golden,Tate,5.050000191,2,6500,DET@GB,DET,GB,,
,,,,,,,,,,16403-11505:Emmanuel Sanders,16403-11505,WR,Emmanuel,Sanders,6.400000095,2,6500,DEN@CIN,DEN,CIN,,
,,,,,,,,,,16403-6857:Justin Forsett,16403-6857,RB,Justin,Forsett,6.349999905,2,6500,BAL@JAC,BAL,JAC,,
,,,,,,,,,,16403-6733:Jonathan Stewart,16403-6733,RB,Jonathan,Stewart,4.5,2,6500,MIN@CAR,CAR,MIN,D,Hamstring
,,,,,,,,,,16403-30244:Matt Jones,16403-30244,RB,Matt,Jones,8.399999619,2,6400,WAS@NYG,WAS,NYG,,
,,,,,,,,,,16403-54606:John Brown,16403-54606,WR,John,Brown,1.600000024,2,6400,ARI@BUF,ARI,BUF,,
,,,,,,,,,,16403-31397:Jeremy Hill,16403-31397,RB,Jeremy,Hill,8.25,2,6400,DEN@CIN,CIN,DEN,,
,,,,,,,,,,16403-9392:Michael Crabtree,16403-9392,WR,Michael,Crabtree,12.64999962,2,6400,OAK@TEN,OAK,TEN,,
,,,,,,,,,,16403-25079:Stefon Diggs,16403-25079,WR,Stefon,Diggs,21.20000076,2,6400,MIN@CAR,MIN,CAR,,
,,,,,,,,,,16403-33465:Theo Riddick,16403-33465,RB,Theo,Riddick,16.89999962,2,6400,DET@GB,DET,GB,,
,,,,,,,,,,16403-28095:Thomas Rawls,16403-28095,RB,Thomas,Rawls,4.800000191,2,6400,SF@SEA,SEA,SF,Q,Leg
,,,,,,,,,,16403-37245:Fozzy Whittaker,16403-37245,RB,Fozzy,Whittaker,7.400000095,2,6300,MIN@CAR,CAR,MIN,,
,,,,,,,,,,16403-31459:Spencer Ware,16403-31459,RB,Spencer,Ware,19.45000076,2,6300,NYJ@KC,KC,NYJ,,
,,,,,,,,,,16403-31871:Charles Sims,16403-31871,RB,Charles,Sims,7.949999809,2,6300,LA@TB,TB,LA,,
,,,,,,,,,,16403-6735:Steve Smith Sr.,16403-6735,WR,Steve,Smith Sr.,6.150000095,2,6300,BAL@JAC,BAL,JAC,,
,,,,,,,,,,16403-27229:Ameer Abdullah,16403-27229,RB,Ameer,Abdullah,12.14999962,2,6200,DET@GB,DET,GB,Q,Foot
,,,,,,,,,,16403-6479:Anquan Boldin,16403-6479,WR,Anquan,Boldin,8.899999619,2,6200,DET@GB,DET,GB,,
,,,,,,,,,,16403-33260:DeVante Parker,16403-33260,WR,DeVante,Parker,14.60000038,1,6200,CLE@MIA,MIA,CLE,,
,,,,,,,,,,16403-22004:Dwayne Allen,16403-22004,TE,Dwayne,Allen,9.399999619,2,6100,SD@IND,IND,SD,,
,,,,,,,,,,16403-14317:Julius Thomas,16403-14317,TE,Julius,Thomas,12,2,6100,BAL@JAC,JAC,BAL,,
,,,,,,,,,,16403-28473:Carlos Hyde,16403-28473,RB,Carlos,Hyde,13.5,2,6100,SF@SEA,SF,SEA,,
,,,,,,,,,,16403-62535:Tyrell Williams,16403-62535,WR,Tyrell,Williams,10.85000038,2,6100,SD@IND,SD,IND,,
,,,,,,,,,,16403-6774:Pierre Garcon,16403-6774,WR,Pierre,Garcon,5.800000191,2,6100,WAS@NYG,WAS,NYG,,
,,,,,,,,,,16403-27050:Tyler Lockett,16403-27050,WR,Tyler,Lockett,7.550000191,2,6100,SF@SEA,SEA,SF,,
,,,,,,,,,,16403-33076:Travis Kelce,16403-33076,TE,Travis,Kelce,8.149999619,2,6000,NYJ@KC,KC,NYJ,,
,,,,,,,,,,16403-29587:Cody Kessler,16403-29587,QB,Cody,Kessler,0,0,6000,CLE@MIA,CLE,MIA,,
,,,,,,,,,,16403-6627:Ted Ginn Jr.,16403-6627,WR,Ted,Ginn Jr.,3.799999952,2,6000,MIN@CAR,CAR,MIN,,
,,,,,,,,,,16403-6641:Jason Witten,16403-6641,TE,Jason,Witten,8.850000381,2,6000,CHI@DAL,DAL,CHI,,
,,,,,,,,,,16403-14194:Blaine Gabbert,16403-14194,QB,Blaine,Gabbert,18.36000061,2,6000,SF@SEA,SF,SEA,,
,,,,,,,,,,16403-14231:Colin Kaepernick,16403-14231,QB,Colin,Kaepernick,12.79999966,9,6000,SF@SEA,SF,SEA,,
,,,,,,,,,,16403-14267:Ryan Mallett,16403-14267,QB,Ryan,Mallett,10.99142892,7,6000,BAL@JAC,BAL,JAC,,
,,,,,,,,,,16403-29500:Markus Wheaton,16403-29500,WR,Markus,Wheaton,8.056249619,16,6000,PIT@PHI,PIT,PHI,Q,Shoulder
,,,,,,,,,,16403-27266:Quincy Enunwa,16403-27266,WR,Quincy,Enunwa,13.55000019,2,6000,NYJ@KC,NYJ,KC,Q,Ribs
,,,,,,,,,,16403-25410:Mike Glennon,16403-25410,QB,Mike,Glennon,0,0,6000,LA@TB,TB,LA,,
,,,,,,,,,,16403-25813:Phillip Dorsett,16403-25813,WR,Phillip,Dorsett,7.449999809,2,6000,SD@IND,IND,SD,,
,,,,,,,,,,16403-38435:Jared Goff,16403-38435,QB,Jared,Goff,0,0,6000,LA@TB,LA,TB,,
,,,,,,,,,,16403-9421:Danny Woodhead,16403-9421,RB,Danny,Woodhead,12.05000019,2,6000,SD@IND,SD,IND,IR,Knee
,,,,,,,,,,16403-7965:Antonio Gates,16403-7965,TE,Antonio,Gates,6.25,2,6000,SD@IND,SD,IND,,
,,,,,,,,,,16403-7872:Brian Hoyer,16403-7872,QB,Brian,Hoyer,3.119999886,1,6000,CHI@DAL,CHI,DAL,,
,,,,,,,,,,16403-7778:Matt Cassel,16403-7778,QB,Matt,Cassel,-0.100000001,1,6000,OAK@TEN,TEN,OAK,,
,,,,,,,,,,16403-22027:Nick Foles,16403-22027,QB,Nick,Foles,9.64363653,11,6000,NYJ@KC,KC,NYJ,,
,,,,,,,,,,16403-26458:Tavon Austin,16403-26458,WR,Tavon,Austin,5.800000191,2,5900,LA@TB,LA,TB,,
,,,,,,,,,,16403-31047:AJ McCarron,16403-31047,QB,AJ,McCarron,8.17999976,7,5900,DEN@CIN,CIN,DEN,,
,,,,,,,,,,16403-38514:Kevin White,16403-38514,WR,Kevin,White,5.699999809,2,5900,CHI@DAL,CHI,DAL,,
,,,,,,,,,,16403-30989:Kenyan Drake,16403-30989,RB,Kenyan,Drake,8.800000191,1,5900,CLE@MIA,MIA,CLE,,
,,,,,,,,,,16403-6844:Shaun Hill,16403-6844,QB,Shaun,Hill,10.23999977,1,5900,MIN@CAR,MIN,CAR,,
,,,,,,,,,,16403-11999:Victor Cruz,16403-11999,WR,Victor,Cruz,10.25,2,5800,WAS@NYG,NYG,WAS,,
,,,,,,,,,,16403-15212:Terrelle Pryor Sr.,16403-15212,WR,Terrelle,Pryor Sr.,6.5,2,5800,CLE@MIA,CLE,MIA,,
,,,,,,,,,,16403-6422:Gary Barnidge,16403-6422,TE,Gary,Barnidge,2.849999905,2,5800,CLE@MIA,CLE,MIA,,
,,,,,,,,,,16403-8052:Rashad Jennings,16403-8052,RB,Rashad,Jennings,6.650000095,2,5800,WAS@NYG,NYG,WAS,Q,Hand
,,,,,,,,,,16403-47523:Tajae Sharpe,16403-47523,WR,Tajae,Sharpe,8.199999809,2,5800,OAK@TEN,TEN,OAK,,
,,,,,,,,,,16403-28080:Devin Funchess,16403-28080,WR,Devin,Funchess,5.150000095,2,5800,MIN@CAR,CAR,MIN,,
,,,,,,,,,,16403-29780:Zach Ertz,16403-29780,TE,Zach,Ertz,8.800000191,1,5800,PIT@PHI,PHI,PIT,Q,Ribs
,,,,,,,,,,16403-25290:Giovani Bernard,16403-25290,RB,Giovani,Bernard,12.10000038,2,5700,DEN@CIN,CIN,DEN,,
,,,,,,,,,,16403-45889:Davante Adams,16403-45889,WR,Davante,Adams,7.300000191,2,5700,DET@GB,GB,DET,,
,,,,,,,,,,16403-46882:Jay Ajayi,16403-46882,RB,Jay,Ajayi,4.5,1,5700,CLE@MIA,MIA,CLE,,
,,,,,,,,,,16403-40669:Tyler Boyd,16403-40669,WR,Tyler,Boyd,6.099999905,2,5700,DEN@CIN,CIN,DEN,,
,,,,,,,,,,16403-6840:Frank Gore,16403-6840,RB,Frank,Gore,11.80000019,2,5700,SD@IND,IND,SD,,
,,,,,,,,,,16403-29683:Nelson Agholor,16403-29683,WR,Nelson,Agholor,9.949999809,2,5600,PIT@PHI,PHI,PIT,,
,,,,,,,,,,16403-25272:Eric Ebron,16403-25272,TE,Eric,Ebron,10.19999981,2,5600,DET@GB,DET,GB,,
,,,,,,,,,,16403-11864:Chris Ivory,16403-11864,RB,Chris,Ivory,12.51333313,15,5600,BAL@JAC,JAC,BAL,Q,Illness
,,,,,,,,,,16403-14905:Kamar Aiken,16403-14905,WR,Kamar,Aiken,1.200000048,2,5600,BAL@JAC,BAL,JAC,,
,,,,,,,,,,16403-11495:Brandon LaFell,16403-11495,WR,Brandon,LaFell,8.25,2,5600,DEN@CIN,CIN,DEN,,
,,,,,,,,,,16403-6768:Eddie Royal,16403-6768,WR,Eddie,Royal,13.44999981,2,5600,CHI@DAL,CHI,DAL,,
,,,,,,,,,,16403-22848:Austin Davis,16403-22848,QB,Austin,Davis,7.393333435,3,5500,DEN@CIN,DEN,CIN,,
,,,,,,,,,,16403-14288:Torrey Smith,16403-14288,WR,Torrey,Smith,7.650000095,2,5500,SF@SEA,SF,SEA,,
,,,,,,,,,,16403-33244:Eli Rogers,16403-33244,WR,Eli,Rogers,8.149999619,2,5500,PIT@PHI,PIT,PHI,,
,,,,,,,,,,16403-31241:Sammie Coates,16403-31241,WR,Sammie,Coates,8.949999809,2,5500,PIT@PHI,PIT,PHI,,
,,,,,,,,,,16403-27405:Landry Jones,16403-27405,QB,Landry,Jones,3.717142923,7,5500,PIT@PHI,PIT,PHI,,
,,,,,,,,,,16403-39280:Derrick Henry,16403-39280,RB,Derrick,Henry,5.400000095,2,5500,OAK@TEN,TEN,OAK,,
,,,,,,,,,,16403-33557:Tyler Eifert,16403-33557,TE,Tyler,Eifert,12.73076923,13,5500,DEN@CIN,CIN,DEN,O,Ankle
,,,,,,,,,,16403-11500:Colt McCoy,16403-11500,QB,Colt,McCoy,8.819999695,1,5500,WAS@NYG,WAS,NYG,,
,,,,,,,,,,16403-6808:Matt Moore,16403-6808,QB,Matt,Moore,0.360000014,1,5500,CLE@MIA,MIA,CLE,,
,,,,,,,,,,16403-7844:Chad Henne,16403-7844,QB,Chad,Henne,0,0,5500,BAL@JAC,JAC,BAL,,
,,,,,,,,,,16403-33463:Paxton Lynch,16403-33463,QB,Paxton,Lynch,0,0,5500,DEN@CIN,DEN,CIN,,
,,,,,,,,,,16403-28677:Matt McGloin,16403-28677,QB,Matt,McGloin,5.340000153,2,5500,OAK@TEN,OAK,TEN,,
,,,,,,,,,,16403-6535:Kenny Britt,16403-6535,WR,Kenny,Britt,10.55000019,2,5400,LA@TB,LA,TB,,
,,,,,,,,,,16403-14292:Jordan Cameron,16403-14292,TE,Jordan,Cameron,7.5,2,5400,CLE@MIA,MIA,CLE,,
,,,,,,,,,,16403-12550:Seattle Seahawks,16403-12550,D,Seattle,Seahawks,9,2,5400,SF@SEA,SEA,SF,,
,,,,,,,,,,16403-22163:Rishard Matthews,16403-22163,WR,Rishard,Matthews,5.050000191,2,5400,OAK@TEN,TEN,OAK,,
,,,,,,,,,,16403-22113:Alfred Morris,16403-22113,RB,Alfred,Morris,5.099999905,2,5400,CHI@DAL,DAL,CHI,,
,,,,,,,,,,16403-54608:Jerick McKinnon,16403-54608,RB,Jerick,McKinnon,1,2,5300,MIN@CAR,MIN,CAR,,
,,,,,,,,,,16403-39580:Devontae Booker,16403-39580,RB,Devontae,Booker,2.200000048,2,5300,DEN@CIN,DEN,CIN,,
,,,,,,,,,,16403-16923:Austin Seferian-Jenkins,16403-16923,TE,Austin,Seferian-Jenkins,5.949999809,2,5300,LA@TB,TB,LA,,
,,,,,,,,,,16403-32243:Marquise Goodwin,16403-32243,WR,Marquise,Goodwin,18.20000076,1,5300,ARI@BUF,BUF,ARI,,
,,,,,,,,,,16403-7953:Vincent Jackson,16403-7953,WR,Vincent,Jackson,4.599999905,2,5300,LA@TB,TB,LA,,
,,,,,,,,,,16403-42142:Jordan Howard,16403-42142,RB,Jordan,Howard,4.099999905,1,5300,CHI@DAL,CHI,DAL,,
,,,,,,,,,,16403-14336:Jacquizz Rodgers,16403-14336,RB,Jacquizz,Rodgers,2.900000095,1,5300,LA@TB,TB,LA,,
,,,,,,,,,,16403-14198:Christian Ponder,16403-14198,QB,Christian,Ponder,0,0,5200,SF@SEA,SF,SEA,,
,,,,,,,,,,16403-14245:Shane Vereen,16403-14245,RB,Shane,Vereen,6.849999905,2,5200,WAS@NYG,NYG,WAS,,
,,,,,,,,,,16403-27457:Kenny Stills,16403-27457,WR,Kenny,Stills,6.5,2,5200,CLE@MIA,MIA,CLE,,
,,,,,,,,,,16403-54741:Seth Roberts,16403-54741,WR,Seth,Roberts,6.449999809,2,5200,OAK@TEN,OAK,TEN,,
,,,,,,,,,,16403-54687:Charcandrick West,16403-54687,RB,Charcandrick,West,6.050000191,2,5200,NYJ@KC,KC,NYJ,,
,,,,,,,,,,16403-54607:Terrance West,16403-54607,RB,Terrance,West,5.5,2,5200,BAL@JAC,BAL,JAC,,
,,,,,,,,,,16403-62616:Zach Zenner,16403-62616,RB,Zach,Zenner,2.025000095,4,5200,DET@GB,DET,GB,,
,,,,,,,,,,16403-11512:Jimmy Graham,16403-11512,TE,Jimmy,Graham,3.650000095,2,5200,SF@SEA,SEA,SF,,
,,,,,,,,,,16403-8050:Zach Miller,16403-8050,TE,Zach,Miller,4.099999905,2,5200,CHI@DAL,CHI,DAL,,
,,,,,,,,,,16403-14645:Dontrelle Inman,16403-14645,WR,Dontrelle,Inman,1.149999976,2,5200,SD@IND,SD,IND,,
,,,,,,,,,,16403-7972:Darren Sproles,16403-7972,RB,Darren,Sproles,5.199999809,2,5200,PIT@PHI,PHI,PIT,,
,,,,,,,,,,16403-21123:Larry Donnell,16403-21123,TE,Larry,Donnell,6.199999809,2,5200,WAS@NYG,NYG,WAS,,
,,,,,,,,,,16403-22219:Jermaine Kearse,16403-22219,WR,Jermaine,Kearse,5.150000095,2,5200,SF@SEA,SEA,SF,,
,,,,,,,,,,16403-6742:Brent Celek,16403-6742,TE,Brent,Celek,0.800000012,2,5200,PIT@PHI,PHI,PIT,,
,,,,,,,,,,16403-29685:Robert Woods,16403-29685,WR,Robert,Woods,2.75,2,5100,ARI@BUF,BUF,ARI,,
,,,,,,,,,,16403-14237:Kyle Rudolph,16403-14237,TE,Kyle,Rudolph,9.550000191,2,5100,MIN@CAR,MIN,CAR,,
,,,,,,,,,,16403-34295:Breshad Perriman,16403-34295,WR,Breshad,Perriman,4.099999905,2,5100,BAL@JAC,BAL,JAC,,
,,,,,,,,,,16403-25837:Duke Johnson Jr.,16403-25837,RB,Duke,Johnson Jr.,7.050000191,2,5100,CLE@MIA,CLE,MIA,,
,,,,,,,,,,16403-12546:Arizona Cardinals,16403-12546,D,Arizona,Cardinals,14.5,2,5100,ARI@BUF,ARI,BUF,,
,,,,,,,,,,16403-22288:Cole Beasley,16403-22288,WR,Cole,Beasley,10.25,2,5100,CHI@DAL,DAL,CHI,,
,,,,,,,,,,16403-11609:James Starks,16403-11609,RB,James,Starks,2.099999905,2,5100,DET@GB,GB,DET,,
,,,,,,,,,,16403-6724:Steven Hauschka,16403-6724,K,Steven,Hauschka,4.5,2,5100,SF@SEA,SEA,SF,,
,,,,,,,,,,16403-22048:Robert Turbin,16403-22048,RB,Robert,Turbin,4.949999809,2,5100,SD@IND,IND,SD,,
,,,,,,,,,,16403-24891:Chris Thompson,16403-24891,RB,Chris,Thompson,9.100000381,2,5100,WAS@NYG,WAS,NYG,,
,,,,,,,,,,16403-8803:Chase Daniel,16403-8803,QB,Chase,Daniel,-0.02,2,5000,PIT@PHI,PHI,PIT,,
,,,,,,,,,,16403-32514:Trevone Boykin,16403-32514,QB,Trevone,Boykin,0,0,5000,SF@SEA,SEA,SF,,
,,,,,,,,,,16403-6566:Chris Johnson,16403-6566,RB,Chris,Johnson,5.800000191,2,5000,ARI@BUF,ARI,BUF,,
,,,,,,,,,,16403-70446:Joe Callahan,16403-70446,QB,Joe,Callahan,0,0,5000,DET@GB,GB,DET,,
,,,,,,,,,,16403-21957:Kendall Wright,16403-21957,WR,Kendall,Wright,7.85,10,5000,OAK@TEN,TEN,OAK,Q,Hamstring
,,,,,,,,,,16403-28163:Connor Cook,16403-28163,QB,Connor,Cook,0,0,5000,OAK@TEN,OAK,TEN,,
,,,,,,,,,,16403-70464:Josh Woodrum,16403-70464,QB,Josh,Woodrum,0,0,5000,SD@IND,IND,SD,,
,,,,,,,,,,16403-47772:Brandon Doughty,16403-47772,QB,Brandon,Doughty,0,0,5000,CLE@MIA,MIA,CLE,,
,,,,,,,,,,16403-43956:David Fales,16403-43956,QB,David,Fales,0,0,5000,BAL@JAC,BAL,JAC,,
,,,,,,,,,,16403-26355:Logan Thomas,16403-26355,QB,Logan,Thomas,0,0,5000,WAS@NYG,NYG,WAS,,
,,,,,,,,,,16403-41732:Christian Hackenberg,16403-41732,QB,Christian,Hackenberg,0,0,5000,NYJ@KC,NYJ,KC,,
,,,,,,,,,,16403-29605:Matt Barkley,16403-29605,QB,Matt,Barkley,0,0,5000,CHI@DAL,CHI,DAL,,
,,,,,,,,,,16403-26141:Ryan Nassib,16403-26141,QB,Ryan,Nassib,6.71999979,1,5000,WAS@NYG,NYG,WAS,,
,,,,,,,,,,16403-29445:Sean Mannion,16403-29445,QB,Sean,Mannion,1.24000001,1,5000,LA@TB,LA,TB,,
,,,,,,,,,,16403-53331:Taylor Heinicke,16403-53331,QB,Taylor,Heinicke,0,0,5000,MIN@CAR,MIN,CAR,O,Ankle
,,,,,,,,,,16403-54705:Dustin Vaughan,16403-54705,QB,Dustin,Vaughan,0,0,5000,PIT@PHI,PIT,PHI,,
,,,,,,,,,,16403-28515:Cardale Jones,16403-28515,QB,Cardale,Jones,0,0,5000,ARI@BUF,BUF,ARI,Q,Shoulder
,,,,,,,,,,16403-6373:Derek Anderson,16403-6373,QB,Derek,Anderson,0.413333337,3,5000,MIN@CAR,CAR,MIN,,
,,,,,,,,,,16403-32366:Jameill Showers,16403-32366,QB,Jameill,Showers,0,0,5000,CHI@DAL,DAL,CHI,,
,,,,,,,,,,16403-30237:Mike Gillislee,16403-30237,RB,Mike,Gillislee,4.199999809,2,5000,ARI@BUF,BUF,ARI,,
,,,,,,,,,,16403-30253:Jeff Driskel,16403-30253,QB,Jeff,Driskel,0,0,5000,DEN@CIN,CIN,DEN,,
,,,,,,,,,,16403-26483:Geno Smith,16403-26483,QB,Geno,Smith,21,1,5000,NYJ@KC,NYJ,KC,,
,,,,,,,,,,16403-31421:Zach Mettenberger,16403-31421,QB,Zach,Mettenberger,7.028571538,7,5000,PIT@PHI,PIT,PHI,,
,,,,,,,,,,16403-25775:Clive Walford,16403-25775,TE,Clive,Walford,9,2,5000,OAK@TEN,OAK,TEN,,
,,,,,,,,,,16403-8071:Dan Orlovsky,16403-8071,QB,Dan,Orlovsky,5.519999981,2,5000,DET@GB,DET,GB,,
,,,,,,,,,,16403-44500:Keith Wenning,16403-44500,QB,Keith,Wenning,0,0,5000,DEN@CIN,CIN,DEN,,
,,,,,,,,,,16403-12553:Carolina Panthers,16403-12553,D,Carolina,Panthers,11,2,5000,MIN@CAR,CAR,MIN,,
,,,,,,,,,,16403-24755:Jamison Crowder,16403-24755,WR,Jamison,Crowder,10.85000038,2,5000,WAS@NYG,WAS,NYG,,
,,,,,,,,,,16403-33714:Cairo Santos,16403-33714,K,Cairo,Santos,12.5,2,5000,NYJ@KC,KC,NYJ,,
,,,,,,,,,,16403-14696:Scott Tolzien,16403-14696,QB,Scott,Tolzien,-0.07,2,5000,SD@IND,IND,SD,,
,,,,,,,,,,16403-27801:Nate Sudfeld,16403-27801,QB,Nate,Sudfeld,0,0,5000,WAS@NYG,WAS,NYG,,
,,,,,,,,,,16403-33702:Ryan Griffin,16403-33702,QB,Ryan,Griffin,0,0,5000,LA@TB,TB,LA,,
,,,,,,,,,,16403-8023:Josh Johnson,16403-8023,QB,Josh,Johnson,0,0,5000,WAS@NYG,NYG,WAS,,
,,,,,,,,,,16403-26877:Jake Heaps,16403-26877,QB,Jake,Heaps,0,0,5000,SF@SEA,SEA,SF,,
,,,,,,,,,,16403-31170:Brandon Allen,16403-31170,QB,Brandon,Allen,0,0,5000,BAL@JAC,JAC,BAL,,
,,,,,,,,,,16403-31798:Bryce Petty,16403-31798,QB,Bryce,Petty,0,0,5000,NYJ@KC,NYJ,KC,Q,Shoulder
,,,,,,,,,,16403-39859:Jack Doyle,16403-39859,TE,Jack,Doyle,11.35000038,2,5000,SD@IND,IND,SD,,
,,,,,,,,,,16403-30788:Tyler Bray,16403-30788,QB,Tyler,Bray,0,0,5000,NYJ@KC,KC,NYJ,,
,,,,,,,,,,16403-7919:Kellen Clemens,16403-7919,QB,Kellen,Clemens,-0.100000001,1,5000,SD@IND,SD,IND,,
,,,,,,,,,,16403-27982:Jake Rudock,16403-27982,QB,Jake,Rudock,0,0,5000,DET@GB,DET,GB,,
,,,,,,,,,,16403-29915:Brett Hundley,16403-29915,QB,Brett,Hundley,0,0,5000,DET@GB,GB,DET,,
,,,,,,,,,,16403-11532:Dennis Pitta,16403-11532,TE,Dennis,Pitta,10.05000019,2,5000,BAL@JAC,BAL,JAC,,
,,,,,,,,,,16403-7761:Jared Cook,16403-7761,TE,Jared,Cook,3.150000095,2,5000,DET@GB,GB,DET,,
,,,,,,,,,,16403-6687:Mark Sanchez,16403-6687,QB,Mark,Sanchez,12.28000005,3,5000,CHI@DAL,DAL,CHI,,
,,,,,,,,,,16403-6681:Andre Johnson,16403-6681,WR,Andre,Johnson,5.949999809,2,5000,OAK@TEN,TEN,OAK,,
,,,,,,,,,,16403-7744:Drew Stanton,16403-7744,QB,Drew,Stanton,0.439999998,1,5000,ARI@BUF,ARI,BUF,,
,,,,,,,,,,16403-24949:EJ Manuel,16403-24949,QB,EJ,Manuel,0.600000024,1,5000,ARI@BUF,BUF,ARI,,
,,,,,,,,,,16403-27134:Dorial Green-Beckham,16403-27134,WR,Dorial,Green-Beckham,2.599999905,2,5000,PIT@PHI,PHI,PIT,,
,,,,,,,,,,16403-11615:Joe Webb,16403-11615,QB,Joe,Webb,-0.02,5,5000,MIN@CAR,CAR,MIN,,
,,,,,,,,,,16403-14362:Charles Clay,16403-14362,TE,Charles,Clay,5.099999905,2,5000,ARI@BUF,BUF,ARI,,
,,,,,,,,,,16403-34459:B.J. Daniels,16403-34459,QB,B.J.,Daniels,0.920000017,4,5000,CHI@DAL,CHI,DAL,,
,,,,,,,,,,16403-14349:Jeremy Kerley,16403-14349,WR,Jeremy,Kerley,7,2,5000,SF@SEA,SF,SEA,,
,,,,,,,,,,16403-32564:Josh Doctson,16403-32564,WR,Josh,Doctson,3.799999952,2,4900,WAS@NYG,WAS,NYG,,
,,,,,,,,,,16403-6643:Reggie Bush,16403-6643,RB,Reggie,Bush,-0.400000006,1,4900,ARI@BUF,BUF,ARI,,
,,,,,,,,,,16403-32613:DeAndre Washington,16403-32613,RB,DeAndre,Washington,4.300000191,2,4900,OAK@TEN,OAK,TEN,,
,,,,,,,,,,16403-14320:Bilal Powell,16403-14320,RB,Bilal,Powell,3.299999952,2,4900,NYJ@KC,NYJ,KC,,
,,,,,,,,,,16403-15006:Shaun Draughn,16403-15006,RB,Shaun,Draughn,5.349999905,2,4900,SF@SEA,SF,SEA,,
,,,,,,,,,,16403-28486:Corey Brown,16403-28486,WR,Corey,Brown,2.299999952,2,4900,MIN@CAR,CAR,MIN,,
,,,,,,,,,,16403-32045:Vance McDonald,16403-32045,TE,Vance,McDonald,11.19999981,2,4900,SF@SEA,SF,SEA,,
,,,,,,,,,,16403-33578:Jalen Richard,16403-33578,RB,Jalen,Richard,9.850000381,2,4900,OAK@TEN,OAK,TEN,,
,,,,,,,,,,16403-48344:Albert Wilson,16403-48344,WR,Albert,Wilson,1.850000024,2,4900,NYJ@KC,KC,NYJ,,
,,,,,,,,,,16403-24569:Chandler Catanzaro,16403-24569,K,Chandler,Catanzaro,7,2,4900,ARI@BUF,ARI,BUF,,
,,,,,,,,,,16403-24589:Jaron Brown,16403-24589,WR,Jaron,Brown,8.550000191,2,4900,ARI@BUF,ARI,BUF,,
,,,,,,,,,,16403-10744:Graham Gano,16403-10744,K,Graham,Gano,13.5,2,4900,MIN@CAR,CAR,MIN,,
,,,,,,,,,,16403-41806:Laquon Treadwell,16403-41806,WR,Laquon,Treadwell,0,0,4800,MIN@CAR,MIN,CAR,,
,,,,,,,,,,16403-14307:Cecil Shorts III,16403-14307,WR,Cecil,Shorts III,1.700000048,1,4800,LA@TB,TB,LA,Q,Hamstring
,,,,,,,,,,16403-54782:Cameron Brate,16403-54782,TE,Cameron,Brate,3.799999952,2,4800,LA@TB,TB,LA,,
,,,,,,,,,,16403-38269:Cameron Artis-Payne,16403-38269,RB,Cameron,Artis-Payne,5.433333079,6,4800,MIN@CAR,CAR,MIN,,
,,,,,,,,,,16403-29357:Kenjon Barner,16403-29357,RB,Kenjon,Barner,2.200000048,2,4800,PIT@PHI,PHI,PIT,,
,,,,,,,,,,16403-54623:Jeff Janis,16403-54623,WR,Jeff,Janis,0.988888847,9,4800,DET@GB,GB,DET,,
,,,,,,,,,,16403-39649:Benny Cunningham,16403-39649,RB,Benny,Cunningham,1.350000024,2,4800,LA@TB,LA,TB,,
,,,,,,,,,,16403-29003:Ka'Deem Carey,16403-29003,RB,Ka'Deem,Carey,0.75,2,4800,CHI@DAL,CHI,DAL,Q,Hamstring
,,,,,,,,,,16403-22292:Lance Dunbar,16403-22292,RB,Lance,Dunbar,3.150000095,2,4800,CHI@DAL,DAL,CHI,,
,,,,,,,,,,16403-7975:Mike Tolbert,16403-7975,RB,Mike,Tolbert,1.850000024,2,4800,MIN@CAR,CAR,MIN,,
,,,,,,,,,,16403-23045:Justin Tucker,16403-23045,K,Justin,Tucker,12,2,4800,BAL@JAC,BAL,JAC,,
,,,,,,,,,,16403-26038:Tyler Kroft,16403-26038,TE,Tyler,Kroft,5,1,4800,DEN@CIN,CIN,DEN,,
,,,,,,,,,,16403-12531:Denver Broncos,16403-12531,D,Denver,Broncos,14,2,4800,DEN@CIN,DEN,CIN,,
,,,,,,,,,,16403-14394:Virgil Green,16403-14394,TE,Virgil,Green,5.449999809,2,4800,DEN@CIN,DEN,CIN,Q,Calf
,,,,,,,,,,16403-24847:Will Tye,16403-24847,TE,Will,Tye,2.549999952,2,4800,WAS@NYG,NYG,WAS,,
,,,,,,,,,,16403-33472:C.J. Prosise,16403-33472,RB,C.J.,Prosise,1.600000024,1,4800,SF@SEA,SEA,SF,Q,Wrist
,,,,,,,,,,16403-22054:Jarius Wright,16403-22054,WR,Jarius,Wright,4.139999898,15,4800,MIN@CAR,MIN,CAR,,
,,,,,,,,,,16403-26247:Brandon McManus,16403-26247,K,Brandon,McManus,9,2,4700,DEN@CIN,DEN,CIN,,
,,,,,,,,,,16403-34154:J.J. Nelson,16403-34154,WR,J.J.,Nelson,1.600000024,1,4700,ARI@BUF,ARI,BUF,Q,Shoulder
,,,,,,,,,,16403-6522:Josh Brown,16403-6522,K,Josh,Brown,11,1,4700,WAS@NYG,NYG,WAS,,
,,,,,,,,,,16403-31261:Tre Mason,16403-31261,RB,Tre,Mason,3.269230769,13,4700,LA@TB,LA,TB,O,Personal
,,,,,,,,,,16403-29351:De'Anthony Thomas,16403-29351,WR,De'Anthony,Thomas,3.590000153,10,4700,NYJ@KC,KC,NYJ,,
,,,,,,,,,,16403-14952:Dan Bailey,16403-14952,K,Dan,Bailey,13,2,4700,CHI@DAL,DAL,CHI,,
,,,,,,,,,,16403-30261:Caleb Sturgis,16403-30261,K,Caleb,Sturgis,11,2,4700,PIT@PHI,PHI,PIT,,
,,,,,,,,,,16403-30108:Marquess Wilson,16403-30108,WR,Marquess,Wilson,6.036363775,11,4700,CHI@DAL,CHI,DAL,NA,Foot
,,,,,,,,,,16403-32000:Luke Willson,16403-32000,TE,Luke,Willson,2.349999905,2,4700,SF@SEA,SEA,SF,,
,,,,,,,,,,16403-14761:Andre Holmes,16403-14761,WR,Andre,Holmes,3.549999952,2,4700,OAK@TEN,OAK,TEN,,
,,,,,,,,,,16403-31207:C.J. Uzomah,16403-31207,TE,C.J.,Uzomah,4.650000095,2,4700,DEN@CIN,CIN,DEN,,
,,,,,,,,,,16403-24671:Adam Humphries,16403-24671,WR,Adam,Humphries,7.650000095,2,4700,LA@TB,TB,LA,,
,,,,,,,,,,16403-39427:Quinton Patton,16403-39427,WR,Quinton,Patton,6.25,2,4700,SF@SEA,SF,SEA,,
,,,,,,,,,,16403-24682:Andre Ellington,16403-24682,RB,Andre,Ellington,1.700000048,2,4700,ARI@BUF,ARI,BUF,,
,,,,,,,,,,16403-33766:Rob Kelley,16403-33766,RB,Rob,Kelley,0,0,4700,WAS@NYG,WAS,NYG,,
,,,,,,,,,,16403-31836:Terrance Williams,16403-31836,WR,Terrance,Williams,4.900000095,1,4700,CHI@DAL,DAL,CHI,,
,,,,,,,,,,16403-6897:Mason Crosby,16403-6897,K,Mason,Crosby,5.5,2,4700,DET@GB,GB,DET,,
,,,,,,,,,,16403-28030:Fitzgerald Toussaint,16403-28030,RB,Fitzgerald,Toussaint,1.200000048,2,4700,PIT@PHI,PIT,PHI,,
,,,,,,,,,,16403-22110:Blair Walsh,16403-22110,K,Blair,Walsh,11,2,4700,MIN@CAR,MIN,CAR,,
,,,,,,,,,,16403-6668:Adam Vinatieri,16403-6668,K,Adam,Vinatieri,11.5,2,4700,SD@IND,IND,SD,,
,,,,,,,,,,16403-24862:Rashad Greene,16403-24862,WR,Rashad,Greene,1.299999952,2,4700,BAL@JAC,JAC,BAL,,
,,,,,,,,,,16403-38790:Jalin Marshall,16403-38790,WR,Jalin,Marshall,2,2,4700,NYJ@KC,NYJ,KC,,
,,,,,,,,,,16403-10531:Jordan Norwood,16403-10531,WR,Jordan,Norwood,1.950000048,2,4700,DEN@CIN,DEN,CIN,,
,,,,,,,,,,16403-29645:Javorius Allen,16403-29645,RB,Javorius,Allen,7.699999809,16,4600,BAL@JAC,BAL,JAC,,
,,,,,,,,,,16403-33037:Kenbrell Thompkins,16403-33037,WR,Kenbrell,Thompkins,4.166666667,6,4600,NYJ@KC,NYJ,KC,,
,,,,,,,,,,16403-6636:Mike Nugent,16403-6636,K,Mike,Nugent,11,2,4600,DEN@CIN,CIN,DEN,,
,,,,,,,,,,16403-28346:Maxx Williams,16403-28346,TE,Maxx,Williams,4.066666603,12,4600,BAL@JAC,BAL,JAC,,
,,,,,,,,,,16403-34288:Rannell Hall,16403-34288,WR,Rannell,Hall,0,1,4600,CLE@MIA,CLE,MIA,IR,Leg
,,,,,,,,,,16403-6427:Connor Barth,16403-6427,K,Connor,Barth,2,2,4600,CHI@DAL,CHI,DAL,,
,,,,,,,,,,16403-45723:Crockett Gillmore,16403-45723,TE,Crockett,Gillmore,1.850000024,2,4600,BAL@JAC,BAL,JAC,,
,,,,,,,,,,16403-12903:Andrew Hawkins,16403-12903,WR,Andrew,Hawkins,2.099999905,2,4600,CLE@MIA,CLE,MIA,,
,,,,,,,,,,16403-26610:Paul Richardson,16403-26610,WR,Paul,Richardson,3.299999952,2,4600,SF@SEA,SEA,SF,,
,,,,,,,,,,16403-30403:Chris Conley,16403-30403,WR,Chris,Conley,4.400000095,2,4600,NYJ@KC,KC,NYJ,,
,,,,,,,,,,16403-29314:Richard Rodgers,16403-29314,TE,Richard,Rodgers,3.099999905,2,4600,DET@GB,GB,DET,,
,,,,,,,,,,16403-29340:Josh Huff,16403-29340,WR,Josh,Huff,0.200000003,2,4600,PIT@PHI,PHI,PIT,,
,,,,,,,,,,16403-38301:Darren Fells,16403-38301,TE,Darren,Fells,5.099999905,1,4600,ARI@BUF,ARI,BUF,,
,,,,,,,,,,16403-32483:Josh Boyce,16403-32483,WR,Josh,Boyce,0,0,4600,CLE@MIA,CLE,MIA,,
,,,,,,,,,,16403-32058:Chris Boswell,16403-32058,K,Chris,Boswell,8,2,4600,PIT@PHI,PIT,PHI,,
,,,,,,,,,,16403-14837:Jeremy Ross,16403-14837,WR,Jeremy,Ross,0.681818182,11,4600,NYJ@KC,NYJ,KC,,
,,,,,,,,,,16403-14757:Matt Asiata,16403-14757,RB,Matt,Asiata,2.150000095,2,4600,MIN@CAR,MIN,CAR,,
,,,,,,,,,,16403-29084:Rashad Ross,16403-29084,WR,Rashad,Ross,2.646153964,13,4600,WAS@NYG,WAS,NYG,,
,,,,,,,,,,16403-12544:New York Jets,16403-12544,D,New York,Jets,5.5,2,4600,NYJ@KC,NYJ,KC,,
,,,,,,,,,,16403-22447:Griff Whalen,16403-22447,WR,Griff,Whalen,3.555555556,9,4600,SD@IND,SD,IND,,
,,,,,,,,,,16403-39449:Charles Johnson,16403-39449,WR,Charles,Johnson,1.75,2,4600,MIN@CAR,MIN,CAR,,
,,,,,,,,,,16403-33703:Ryan Grant,16403-33703,WR,Ryan,Grant,0.5,2,4600,WAS@NYG,WAS,NYG,,
,,,,,,,,,,16403-10354:Marcel Reece,16403-10354,RB,Marcel,Reece,4.233333333,15,4600,OAK@TEN,OAK,TEN,O,Suspension
,,,,,,,,,,16403-14643:DuJuan Harris,16403-14643,RB,DuJuan,Harris,7.775000095,4,4600,SF@SEA,SF,SEA,,
,,,,,,,,,,16403-6810:Dan Carpenter,16403-6810,K,Dan,Carpenter,4,2,4600,ARI@BUF,BUF,ARI,,
,,,,,,,,,,16403-40932:Pharoh Cooper,16403-40932,WR,Pharoh,Cooper,0,0,4600,LA@TB,LA,TB,Q,Shoulder
,,,,,,,,,,16403-7831:Sebastian Janikowski,16403-7831,K,Sebastian,Janikowski,6,2,4600,OAK@TEN,OAK,TEN,,
,,,,,,,,,,16403-30775:Justin Hunter,16403-30775,WR,Justin,Hunter,4.822222392,9,4600,CLE@MIA,MIA,CLE,,
,,,,,,,,,,16403-6870:Vernon Davis,16403-6870,TE,Vernon,Davis,5.050000191,2,4600,WAS@NYG,WAS,NYG,,
,,,,,,,,,,16403-6904:Devin Hester,16403-6904,WR,Devin,Hester,0,2,4600,BAL@JAC,BAL,JAC,,
,,,,,,,,,,16403-30733:Cordarrelle Patterson,16403-30733,WR,Cordarrelle,Patterson,0.850000024,2,4600,MIN@CAR,MIN,CAR,,
,,,,,,,,,,16403-12539:Miami Dolphins,16403-12539,D,Miami,Dolphins,8,2,4600,CLE@MIA,MIA,CLE,,
,,,,,,,,,,16403-12530:Dallas Cowboys,16403-12530,D,Dallas,Cowboys,4.5,2,4600,CHI@DAL,DAL,CHI,,
,,,,,,,,,,16403-7801:Brandon Myers,16403-7801,TE,Brandon,Myers,6.900000095,1,4600,LA@TB,TB,LA,,
,,,,,,,,,,16403-6702:Phil Dawson,16403-6702,K,Phil,Dawson,6.5,2,4600,SF@SEA,SF,SEA,,
,,,,,,,,,,16403-28088:Denard Robinson,16403-28088,RB,Denard,Robinson,1.299999952,2,4600,BAL@JAC,JAC,BAL,,
,,,,,,,,,,16403-29821:Jordan Payton,16403-29821,WR,Jordan,Payton,0,0,4600,CLE@MIA,CLE,MIA,,
,,,,,,,,,,16403-22034:Chris Givens,16403-22034,WR,Chris,Givens,3.792857034,14,4600,PIT@PHI,PHI,PIT,,
,,,,,,,,,,16403-14355:Niles Paul,16403-14355,TE,Niles,Paul,2.099999905,1,4600,WAS@NYG,WAS,NYG,,
,,,,,,,,,,16403-6782:Matt Prater,16403-6782,K,Matt,Prater,8,2,4600,DET@GB,DET,GB,,
,,,,,,,,,,16403-28157:Bennie Fowler,16403-28157,WR,Bennie,Fowler,2.176923018,13,4600,DEN@CIN,DEN,CIN,Q,Elbow
,,,,,,,,,,16403-47828:Antonio Andrews,16403-47828,RB,Antonio,Andrews,0,1,4500,OAK@TEN,TEN,OAK,,
,,,,,,,,,,16403-22010:DeVier Posey,16403-22010,WR,DeVier,Posey,0,0,4500,DEN@CIN,DEN,CIN,,
,,,,,,,,,,16403-6567:David Johnson,16403-6567,TE,David,Johnson,1,1,4500,PIT@PHI,PIT,PHI,,
,,,,,,,,,,16403-70423:Anthony Norris,16403-70423,TE,Anthony,Norris,0,0,4500,DEN@CIN,DEN,CIN,,
,,,,,,,,,,16403-21984:Isaiah Pead,16403-21984,RB,Isaiah,Pead,-1.700000048,1,4500,CLE@MIA,MIA,CLE,,
,,,,,,,,,,16403-30598:Busta Anderson,16403-30598,TE,Busta,Anderson,0,0,4500,SF@SEA,SF,SEA,,
,,,,,,,,,,16403-47861:Mitchell Henry,16403-47861,TE,Mitchell,Henry,0,2,4500,DET@GB,GB,DET,,
,,,,,,,,,,16403-21972:Brian Quick,16403-21972,WR,Brian,Quick,2.549999952,2,4500,LA@TB,LA,TB,,
,,,,,,,,,,16403-70444:Paul McRoberts,16403-70444,WR,Paul,McRoberts,0,0,4500,LA@TB,LA,TB,,
,,,,,,,,,,16403-32551:Kolby Listenbee,16403-32551,WR,Kolby,Listenbee,0,0,4500,ARI@BUF,BUF,ARI,O,Pelvis
,,,,,,,,,,16403-30654:Jerell Adams,16403-30654,TE,Jerell,Adams,0,0,4500,WAS@NYG,NYG,WAS,,
,,,,,,,,,,16403-47870:Tyler Higbee,16403-47870,TE,Tyler,Higbee,0.699999988,1,4500,LA@TB,LA,TB,,
,,,,,,,,,,16403-64104:Terrell Watson,16403-64104,RB,Terrell,Watson,0,0,4500,CLE@MIA,CLE,MIA,,
,,,,,,,,,,16403-29672:Silas Redd Jr.,16403-29672,RB,Silas,Redd Jr.,0,0,4500,WAS@NYG,WAS,NYG,O,Suspension
,,,,,,,,,,16403-30635:Mike Davis,16403-30635,RB,Mike,Davis,0.800000012,2,4500,SF@SEA,SF,SEA,,
,,,,,,,,,,16403-45683:Kapri Bibbs,16403-45683,RB,Kapri,Bibbs,0.899999976,2,4500,DEN@CIN,DEN,CIN,,
,,,,,,,,,,16403-70457:Cole Wick,16403-70457,TE,Cole,Wick,1,1,4500,DET@GB,DET,GB,Q,Shoulder
,,,,,,,,,,16403-70456:Adam Fuehne,16403-70456,TE,Adam,Fuehne,0,0,4500,DET@GB,DET,GB,,
,,,,,,,,,,16403-29593:Marqise Lee,16403-29593,WR,Marqise,Lee,6.599999905,2,4500,BAL@JAC,JAC,BAL,,
,,,,,,,,,,16403-29592:Xavier Grimble,16403-29592,TE,Xavier,Grimble,9.600000381,1,4500,PIT@PHI,PIT,PHI,,
,,,,,,,,,,16403-30678:Damiere Byrd,16403-30678,WR,Damiere,Byrd,0,0,4500,MIN@CAR,CAR,MIN,,
,,,,,,,,,,16403-39153:Ifeanyi Momah,16403-39153,TE,Ifeanyi,Momah,0,0,4500,ARI@BUF,ARI,BUF,,
,,,,,,,,,,16403-6653:Jerome Felton,16403-6653,RB,Jerome,Felton,0.474999994,4,4500,ARI@BUF,BUF,ARI,,
,,,,,,,,,,16403-34051:Deshon Foxx,16403-34051,WR,Deshon,Foxx,0,0,4500,SF@SEA,SEA,SF,,
,,,,,,,,,,16403-29583:Randall Telfer,16403-29583,TE,Randall,Telfer,0,0,4500,CLE@MIA,CLE,MIA,,
,,,,,,,,,,16403-70489:Ben Braunecker,16403-70489,TE,Ben,Braunecker,0,0,4500,CHI@DAL,CHI,DAL,,
,,,,,,,,,,16403-30667:Justice Cunningham,16403-30667,TE,Justice,Cunningham,0,2,4500,LA@TB,LA,TB,,
,,,,,,,,,,16403-6642:Nick Folk,16403-6642,K,Nick,Folk,12,2,4500,NYJ@KC,NYJ,KC,,
,,,,,,,,,,16403-22849:Cory Harkey,16403-22849,TE,Cory,Harkey,0.849999984,6,4500,LA@TB,LA,TB,,
,,,,,,,,,,16403-25225:Quinshad Davis,16403-25225,WR,Quinshad,Davis,0,0,4500,DET@GB,DET,GB,,
,,,,,,,,,,16403-29624:Tre Madden,16403-29624,RB,Tre,Madden,0,0,4500,SF@SEA,SEA,SF,IR,Undisclosed
,,,,,,,,,,16403-70501:C.J. Ham,16403-70501,RB,C.J.,Ham,0,0,4500,MIN@CAR,MIN,CAR,,
,,,,,,,,,,16403-28249:David Cobb,16403-28249,RB,David,Cobb,2.985714231,7,4500,PIT@PHI,PIT,PHI,,
,,,,,,,,,,16403-31524:Cody Core,16403-31524,WR,Cody,Core,0,0,4500,DEN@CIN,CIN,DEN,,
,,,,,,,,,,16403-28246:Isaac Fruechte,16403-28246,WR,Isaac,Fruechte,0,0,4500,DET@GB,DET,GB,,
,,,,,,,,,,16403-70506:Ryan O'Malley,16403-70506,TE,Ryan,O'Malley,0,0,4500,OAK@TEN,OAK,TEN,,
,,,,,,,,,,16403-6595:Matt Spaeth,16403-6595,TE,Matt,Spaeth,0.666666667,3,4500,PIT@PHI,PIT,PHI,,
,,,,,,,,,,16403-32632:Bradley Marquez,16403-32632,WR,Bradley,Marquez,1.530000019,10,4500,LA@TB,LA,TB,,
,,,,,,,,,,16403-28226:Aaron Burbridge,16403-28226,WR,Aaron,Burbridge,0,1,4500,SF@SEA,SF,SEA,,
,,,,,,,,,,16403-72676:Troymaine Pope,16403-72676,RB,Troymaine,Pope,0,0,4500,NYJ@KC,NYJ,KC,,
,,,,,,,,,,16403-22958:Bobby Rainey,16403-22958,RB,Bobby,Rainey,0.19333334,15,4500,WAS@NYG,NYG,WAS,,
,,,,,,,,,,16403-22959:Deonte Thompson,16403-22959,WR,Deonte,Thompson,0,2,4500,CHI@DAL,CHI,DAL,,
,,,,,,,,,,16403-15178:Chase Reynolds,16403-15178,RB,Chase,Reynolds,0,2,4500,LA@TB,LA,TB,,
,,,,,,,,,,16403-25203:Romar Morris,16403-25203,RB,Romar,Morris,0,0,4500,NYJ@KC,NYJ,KC,IR,Shoulder
,,,,,,,,,,16403-70553:Kieran Duncan,16403-70553,WR,Kieran,Duncan,0,0,4500,CHI@DAL,CHI,DAL,,
,,,,,,,,,,16403-31703:Malcolm Johnson,16403-31703,RB,Malcolm,Johnson,1.899999976,1,4500,CLE@MIA,CLE,MIA,,
,,,,,,,,,,16403-45791:Rashard Higgins,16403-45791,WR,Rashard,Higgins,0,1,4500,CLE@MIA,CLE,MIA,,
,,,,,,,,,,16403-32674:Jace Amaro,16403-32674,TE,Jace,Amaro,0,0,4500,OAK@TEN,TEN,OAK,,
,,,,,,,,,,16403-46767:Je'Ron Hamm,16403-46767,TE,Je'Ron,Hamm,0,1,4500,SF@SEA,SF,SEA,,
,,,,,,,,,,16403-28311:MarQueis Gray,16403-28311,TE,MarQueis,Gray,0.699999988,1,4500,CLE@MIA,MIA,CLE,,
,,,,,,,,,,16403-22920:Derek Carrier,16403-22920,TE,Derek,Carrier,2.600000035,11,4500,WAS@NYG,WAS,NYG,NA,Knee
,,,,,,,,,,16403-14268:Stevan Ridley,16403-14268,RB,Stevan,Ridley,1.350000024,8,4500,SD@IND,IND,SD,,
,,,,,,,,,,16403-14266:Daniel Thomas,16403-14266,RB,Daniel,Thomas,0,0,4500,CLE@MIA,MIA,CLE,,
,,,,,,,,,,16403-45809:Kivon Cartwright,16403-45809,TE,Kivon,Cartwright,0,0,4500,LA@TB,TB,LA,,
,,,,,,,,,,16403-47720:Chandler Worthy,16403-47720,WR,Chandler,Worthy,0.966666698,3,4500,NYJ@KC,NYJ,KC,,
,,,,,,,,,,16403-22938:Rod Streater,16403-22938,WR,Rod,Streater,1.799999952,1,4500,SF@SEA,SF,SEA,,
,,,,,,,,,,16403-27338:Rex Burkhead,16403-27338,RB,Rex,Burkhead,1.566666603,12,4500,DEN@CIN,CIN,DEN,,
,,,,,,,,,,16403-14240:Lance Kendricks,16403-14240,TE,Lance,Kendricks,5.300000191,2,4500,LA@TB,LA,TB,,
,,,,,,,,,,16403-45821:Isaiah Burse,16403-45821,WR,Isaiah,Burse,0,0,4500,SD@IND,SD,IND,,
,,,,,,,,,,16403-32703:Jakeem Grant,16403-32703,WR,Jakeem,Grant,0,1,4500,CLE@MIA,MIA,CLE,,
,,,,,,,,,,16403-23023:Cooper Helfet,16403-23023,TE,Cooper,Helfet,2.785714286,7,4500,SF@SEA,SEA,SF,,
,,,,,,,,,,16403-14297:Greg Salas,16403-14297,WR,Greg,Salas,8.449999809,2,4500,ARI@BUF,BUF,ARI,,
,,,,,,,,,,16403-11890:Bryan Walters,16403-11890,WR,Bryan,Walters,5.345454476,11,4500,BAL@JAC,JAC,BAL,,
,,,,,,,,,,16403-25135:Marcus Leak,16403-25135,WR,Marcus,Leak,0,0,4500,SD@IND,IND,SD,,
,,,,,,,,,,16403-14274:Rob Housler,16403-14274,TE,Rob,Housler,1.060000038,5,4500,CHI@DAL,CHI,DAL,,
,,,,,,,,,,16403-33218:Bryce Williams,16403-33218,TE,Bryce,Williams,0,0,4500,LA@TB,LA,TB,,
,,,,,,,,,,16403-14327:Anthony Sherman,16403-14327,RB,Anthony,Sherman,0.900000016,6,4500,NYJ@KC,KC,NYJ,,
,,,,,,,,,,16403-34224:Kennard Backman,16403-34224,TE,Kennard,Backman,0,7,4500,DET@GB,GB,DET,,
,,,,,,,,,,16403-54280:Duke Williams,16403-54280,WR,Duke,Williams,0,0,4500,LA@TB,LA,TB,,
,,,,,,,,,,16403-23003:Phillip Supernaw,16403-23003,TE,Phillip,Supernaw,1.200000048,1,4500,OAK@TEN,TEN,OAK,,
,,,,,,,,,,16403-14304:Luke Stocker,16403-14304,TE,Luke,Stocker,2.075000048,8,4500,LA@TB,TB,LA,Q,Ankle
,,,,,,,,,,16403-27273:Andy Janovich,16403-27273,RB,Andy,Janovich,5.199999809,2,4500,DEN@CIN,DEN,CIN,,
,,,,,,,,,,16403-14305:Roy Helu Jr.,16403-14305,RB,Roy,Helu Jr.,2.737499952,8,4500,OAK@TEN,OAK,TEN,,
,,,,,,,,,,16403-29477:Connor Hamlett,16403-29477,TE,Connor,Hamlett,0,0,4500,CLE@MIA,CLE,MIA,,
,,,,,,,,,,16403-44893:Roosevelt Nix,16403-44893,RB,Roosevelt,Nix,0.866666635,3,4500,PIT@PHI,PIT,PHI,Q,Back
,,,,,,,,,,16403-14319:Taiwan Jones,16403-14319,RB,Taiwan,Jones,0.949999988,2,4500,OAK@TEN,OAK,TEN,,
,,,,,,,,,,16403-6488:Dwayne Bowe,16403-6488,WR,Dwayne,Bowe,1.114285742,7,4500,CLE@MIA,CLE,MIA,,
,,,,,,,,,,16403-10046:Antone Smith,16403-10046,RB,Antone,Smith,1.100000024,1,4500,NYJ@KC,NYJ,KC,,
,,,,,,,,,,16403-53681:Tyreek Hill,16403-53681,RB,Tyreek,Hill,4.550000191,2,4500,NYJ@KC,KC,NYJ,,
,,,,,,,,,,16403-32287:Cayleb Jones,16403-32287,WR,Cayleb,Jones,0,0,4500,PIT@PHI,PHI,PIT,,
,,,,,,,,,,16403-38264:Demarcus Robinson,16403-38264,WR,Demarcus,Robinson,0,0,4500,NYJ@KC,KC,NYJ,,
,,,,,,,,,,16403-10030:Harry Douglas,16403-10030,WR,Harry,Douglas,3.099999905,1,4500,OAK@TEN,TEN,OAK,,
,,,,,,,,,,16403-29404:Byron Marshall,16403-29404,RB,Byron,Marshall,0,0,4500,PIT@PHI,PHI,PIT,,
,,,,,,,,,,16403-7394:Brandon Pettigrew,16403-7394,TE,Brandon,Pettigrew,2.314285823,7,4500,DET@GB,DET,GB,NA,Knee
,,,,,,,,,,16403-31308:Quan Bray,16403-31308,WR,Quan,Bray,0.600000024,2,4500,SD@IND,IND,SD,,
,,,,,,,,,,16403-54742:Scott Simonson,16403-54742,TE,Scott,Simonson,1.5,1,4500,MIN@CAR,CAR,MIN,,
,,,,,,,,,,16403-32309:M.J. McFarland,16403-32309,TE,M.J.,McFarland,0,0,4500,PIT@PHI,PHI,PIT,,
,,,,,,,,,,16403-25554:Nikita Whitlock,16403-25554,RB,Nikita,Whitlock,0,14,4500,WAS@NYG,NYG,WAS,O,Suspension
,,,,,,,,,,16403-30385:Marlon Brown,16403-30385,WR,Marlon,Brown,2.022222307,9,4500,DEN@CIN,DEN,CIN,,
,,,,,,,,,,16403-55577:Hunter Sharp,16403-55577,WR,Hunter,Sharp,0,0,4500,PIT@PHI,PHI,PIT,,
,,,,,,,,,,16403-44678:Titus Davis,16403-44678,WR,Titus,Davis,0,0,4500,NYJ@KC,NYJ,KC,,
,,,,,,,,,,16403-29327:Bralon Addison,16403-29327,WR,Bralon,Addison,0,0,4500,DEN@CIN,DEN,CIN,,
,,,,,,,,,,16403-44784:Darius Jackson,16403-44784,RB,Darius,Jackson,0,0,4500,CHI@DAL,DAL,CHI,,
,,,,,,,,,,16403-30412:Tavarres King,16403-30412,WR,Tavarres,King,0,0,4500,WAS@NYG,NYG,WAS,,
,,,,,,,,,,16403-31263:Ricardo Louis,16403-31263,WR,Ricardo,Louis,0,1,4500,CLE@MIA,CLE,MIA,,
,,,,,,,,,,16403-27439:Durron Neal,16403-27439,WR,Durron,Neal,0,0,4500,DEN@CIN,DEN,CIN,,
,,,,,,,,,,16403-44791:Bronson Hill,16403-44791,RB,Bronson,Hill,0,0,4500,BAL@JAC,JAC,BAL,,
,,,,,,,,,,16403-26598:Nelson Spruce,16403-26598,WR,Nelson,Spruce,0,0,4500,LA@TB,LA,TB,Q,Knee
,,,,,,,,,,16403-25513:Darius Jennings,16403-25513,WR,Darius,Jennings,6.233333588,3,4500,CLE@MIA,CLE,MIA,,
,,,,,,,,,,16403-27441:Damien Williams,16403-27441,RB,Damien,Williams,4.300000191,1,4500,CLE@MIA,MIA,CLE,,
,,,,,,,,,,16403-39411:Gavin Escobar,16403-39411,TE,Gavin,Escobar,2.057142803,7,4500,CHI@DAL,DAL,CHI,,
,,,,,,,,,,16403-54694:Justin Perillo,16403-54694,TE,Justin,Perillo,3.616666794,6,4500,DET@GB,GB,DET,,
,,,,,,,,,,16403-27403:Blake Bell,16403-27403,TE,Blake,Bell,1.100000024,1,4500,SF@SEA,SF,SEA,,
,,,,,,,,,,16403-28487:Jeff Heuerman,16403-28487,TE,Jeff,Heuerman,0,0,4500,DEN@CIN,DEN,CIN,,
,,,,,,,,,,16403-27411:Aaron Ripkowski,16403-27411,RB,Aaron,Ripkowski,1.149999976,2,4500,DET@GB,GB,DET,,
,,,,,,,,,,16403-33840:Keyarris Garrett,16403-33840,WR,Keyarris,Garrett,0,0,4500,MIN@CAR,CAR,MIN,,
,,,,,,,,,,16403-31269:Corey Grant,16403-31269,RB,Corey,Grant,4,2,4500,BAL@JAC,JAC,BAL,,
,,,,,,,,,,16403-28502:Devin Smith,16403-28502,WR,Devin,Smith,2.857142857,7,4500,NYJ@KC,NYJ,KC,NA,Knee
,,,,,,,,,,16403-54659:Tony Washington,16403-54659,WR,Tony,Washington,0.800000012,1,4500,BAL@JAC,JAC,BAL,,
,,,,,,,,,,16403-25463:Canaan Severin,16403-25463,WR,Canaan,Severin,0,0,4500,PIT@PHI,PIT,PHI,IR,Undisclosed
,,,,,,,,,,16403-32410:Trey Williams,16403-32410,RB,Trey,Williams,1.200000048,1,4500,SD@IND,IND,SD,,
,,,,,,,,,,16403-54651:Dominique Williams,16403-54651,RB,Dominique,Williams,0,0,4500,NYJ@KC,NYJ,KC,,
,,,,,,,,,,16403-26411:Ryan Malleck,16403-26411,TE,Ryan,Malleck,0,0,4500,WAS@NYG,NYG,WAS,,
,,,,,,,,,,16403-31435:Nic Jacobs,16403-31435,TE,Nic,Jacobs,0.366666675,3,4500,BAL@JAC,JAC,BAL,,
,,,,,,,,,,16403-47953:Lucky Whitehead,16403-47953,WR,Lucky,Whitehead,0,2,4500,CHI@DAL,DAL,CHI,,
,,,,,,,,,,16403-30228:Tyler Murphy,16403-30228,WR,Tyler,Murphy,2.099999905,1,4500,CLE@MIA,MIA,CLE,,
,,,,,,,,,,16403-28545:Rod Smith,16403-28545,RB,Rod,Smith,0,1,4500,CHI@DAL,DAL,CHI,,
,,,,,,,,,,16403-70335:Seth DeValve,16403-70335,TE,Seth,DeValve,0,0,4500,CLE@MIA,CLE,MIA,,
,,,,,,,,,,16403-53532:Roger Lewis,16403-53532,WR,Roger,Lewis,0,0,4500,WAS@NYG,NYG,WAS,,
,,,,,,,,,,16403-54612:Lorenzo Taliaferro,16403-54612,RB,Lorenzo,Taliaferro,5.366666794,3,4500,BAL@JAC,BAL,JAC,NA,Foot
,,,,,,,,,,16403-55694:Mike Thomas,16403-55694,WR,Mike,Thomas,0,0,4500,LA@TB,LA,TB,,
,,,,,,,,,,16403-54621:Walt Powell,16403-54621,WR,Walt,Powell,0,2,4500,ARI@BUF,BUF,ARI,,
,,,,,,,,,,16403-29290:Bryce Treggs,16403-29290,WR,Bryce,Treggs,0,0,4500,PIT@PHI,PHI,PIT,,
,,,,,,,,,,16403-12055:Logan Paulsen,16403-12055,TE,Logan,Paulsen,0,1,4500,CHI@DAL,CHI,DAL,,
,,,,,,,,,,16403-28570:Nick Vannett,16403-28570,TE,Nick,Vannett,0,0,4500,SF@SEA,SEA,SF,Q,Ankle
,,,,,,,,,,16403-32429:Josh Lambo,16403-32429,K,Josh,Lambo,8.5,2,4500,SD@IND,SD,IND,,
,,,,,,,,,,16403-33931:DeAndre Reaves,16403-33931,WR,DeAndre,Reaves,0,0,4500,SD@IND,SD,IND,,
,,,,,,,,,,16403-21547:Will Johnson,16403-21547,RB,Will,Johnson,2.260000038,5,4500,WAS@NYG,NYG,WAS,IR,Shoulder
,,,,,,,,,,16403-72262:Nick Truesdell,16403-72262,TE,Nick,Truesdell,0,0,4500,SD@IND,IND,SD,,
,,,,,,,,,,16403-31378:Kadron Boone,16403-31378,WR,Kadron,Boone,0,0,4500,WAS@NYG,NYG,WAS,,
,,,,,,,,,,16403-22774:Jonas Gray,16403-22774,RB,Jonas,Gray,4.100000109,7,4500,BAL@JAC,JAC,BAL,,
,,,,,,,,,,16403-22767:Brian Tyms,16403-22767,WR,Brian,Tyms,0,0,4500,SD@IND,IND,SD,,
,,,,,,,,,,16403-30297:Trey Burton,16403-30297,TE,Trey,Burton,13.39999962,1,4500,PIT@PHI,PHI,PIT,Q,Undisclosed
,,,,,,,,,,16403-22754:Garrett Celek,16403-22754,TE,Garrett,Celek,1.850000024,2,4500,SF@SEA,SF,SEA,,
,,,,,,,,,,16403-70342:Temarrick Hemingway,16403-70342,TE,Temarrick,Hemingway,0,0,4500,LA@TB,LA,TB,,
,,,,,,,,,,16403-31417:James Wright,16403-31417,WR,James,Wright,1.049999952,2,4500,DEN@CIN,CIN,DEN,,
,,,,,,,,,,16403-22746:Kashif Moore,16403-22746,WR,Kashif,Moore,0,0,4500,NYJ@KC,KC,NYJ,,
,,,,,,,,,,16403-30307:Mack Brown,16403-30307,RB,Mack,Brown,0,0,4500,WAS@NYG,WAS,NYG,,
,,,,,,,,,,16403-33978:Devon Johnson,16403-33978,RB,Devon,Johnson,0,0,4500,MIN@CAR,CAR,MIN,IR,Undisclosed
,,,,,,,,,,16403-29237:Chris Harper,16403-29237,WR,Chris,Harper,-0.299999992,3,4500,SF@SEA,SF,SEA,,
,,,,,,,,,,16403-30326:Keith Marshall,16403-30326,RB,Keith,Marshall,0,0,4500,WAS@NYG,WAS,NYG,IR,Elbow
,,,,,,,,,,16403-25356:Benson Browne,16403-25356,TE,Benson,Browne,0,0,4500,LA@TB,LA,TB,,
,,,,,,,,,,16403-70373:Mike Miller,16403-70373,TE,Mike,Miller,0,0,4500,SD@IND,IND,SD,,
,,,,,,,,,,16403-31073:Knile Davis,16403-31073,RB,Knile,Davis,0,1,4500,NYJ@KC,KC,NYJ,,
,,,,,,,,,,16403-62633:Matt Lengel,16403-62633,TE,Matt,Lengel,0,0,4500,DEN@CIN,CIN,DEN,,
,,,,,,,,,,16403-62634:Tom Obarski,16403-62634,K,Tom,Obarski,0,0,4500,WAS@NYG,NYG,WAS,,
,,,,,,,,,,16403-27672:Matt LaCosse,16403-27672,TE,Matt,LaCosse,3.700000048,1,4500,WAS@NYG,NYG,WAS,IR,Knee
,,,,,,,,,,16403-25751:Chris Pantale,16403-25751,TE,Chris,Pantale,0,0,4500,PIT@PHI,PHI,PIT,,
,,,,,,,,,,16403-31093:Javontee Herndon,16403-31093,WR,Javontee,Herndon,3.849999905,8,4500,SD@IND,SD,IND,IR,Knee
,,,,,,,,,,16403-24797:Juwan Thompson,16403-24797,RB,Juwan,Thompson,1.612499952,8,4500,DEN@CIN,DEN,CIN,,
,,,,,,,,,,16403-33571:George Atkinson III,16403-33571,RB,George,Atkinson III,0,1,4500,CLE@MIA,CLE,MIA,,
,,,,,,,,,,16403-62600:Joshua Stangby,16403-62600,WR,Joshua,Stangby,0,0,4500,SD@IND,IND,SD,,
,,,,,,,,,,16403-39615:Brandon Williams,16403-39615,TE,Brandon,Williams,0,6,4500,SF@SEA,SEA,SF,,
,,,,,,,,,,16403-46088:Jhurell Pressley,16403-46088,RB,Jhurell,Pressley,0,0,4500,DET@GB,GB,DET,,
,,,,,,,,,,16403-38509:Wendell Smallwood,16403-38509,RB,Wendell,Smallwood,0.850000024,2,4500,PIT@PHI,PHI,PIT,,
,,,,,,,,,,16403-11454:Dexter McCluster,16403-11454,RB,Dexter,McCluster,6.92727245,11,4500,SD@IND,SD,IND,,
,,,,,,,,,,16403-62623:John Crockett,16403-62623,RB,John,Crockett,1.049999952,2,4500,DET@GB,GB,DET,IR,Shoulder
,,,,,,,,,,16403-27692:Josh Ferguson,16403-27692,RB,Josh,Ferguson,4.75,2,4500,SD@IND,IND,SD,,
,,,,,,,,,,16403-62619:Andrew Franks,16403-62619,K,Andrew,Franks,5.5,2,4500,CLE@MIA,MIA,CLE,,
,,,,,,,,,,16403-62617:Khari Lee,16403-62617,TE,Khari,Lee,0.300000012,4,4500,DET@GB,DET,GB,,
,,,,,,,,,,16403-43504:Don Jackson,16403-43504,RB,Don,Jackson,0,0,4500,DET@GB,GB,DET,,
,,,,,,,,,,16403-11431:Jermaine Gresham,16403-11431,TE,Jermaine,Gresham,3.049999952,2,4500,ARI@BUF,ARI,BUF,,
,,,,,,,,,,16403-38517:Dreamius Smith,16403-38517,RB,Dreamius,Smith,0,2,4500,SD@IND,SD,IND,,
,,,,,,,,,,16403-38523:Geoff Swaim,16403-38523,TE,Geoff,Swaim,3.25,2,4500,CHI@DAL,DAL,CHI,,
,,,,,,,,,,16403-24817:Nick O'Leary,16403-24817,TE,Nick,O'Leary,0,1,4500,ARI@BUF,BUF,ARI,,
,,,,,,,,,,16403-25789:Rashawn Scott,16403-25789,WR,Rashawn,Scott,0,0,4500,CLE@MIA,MIA,CLE,,
,,,,,,,,,,16403-60745:Jason Myers,16403-60745,K,Jason,Myers,7.5,2,4500,BAL@JAC,JAC,BAL,,
,,,,,,,,,,16403-43413:Kenneth Dixon,16403-43413,RB,Kenneth,Dixon,0,0,4500,BAL@JAC,BAL,JAC,O,Knee
,,,,,,,,,,16403-24720:Braxton Deaver,16403-24720,TE,Braxton,Deaver,0,0,4500,MIN@CAR,CAR,MIN,,
,,,,,,,,,,16403-25827:Asante Cleveland,16403-25827,TE,Asante,Cleveland,0.600000024,1,4500,SD@IND,SD,IND,,
,,,,,,,,,,16403-27771:Cody Latimer,16403-27771,WR,Cody,Latimer,2.200000048,1,4500,DEN@CIN,DEN,CIN,,
,,,,,,,,,,16403-11511:Tony Moeaki,16403-11511,TE,Tony,Moeaki,4.433333397,3,4500,CHI@DAL,CHI,DAL,,
,,,,,,,,,,16403-11504:Andre Roberts,16403-11504,WR,Andre,Roberts,0.649999976,2,4500,DET@GB,DET,GB,,
,,,,,,,,,,16403-62668:John Peters,16403-62668,TE,John,Peters,0,0,4500,DEN@CIN,CIN,DEN,,
,,,,,,,,,,16403-30990:Jalston Fowler,16403-30990,RB,Jalston,Fowler,2.525000095,8,4500,OAK@TEN,TEN,OAK,,
,,,,,,,,,,16403-39678:E.J. Bibbs,16403-39678,TE,E.J.,Bibbs,0.600000024,2,4500,CLE@MIA,CLE,MIA,,
,,,,,,,,,,16403-12545:Philadelphia Eagles,16403-12545,D,Philadelphia,Eagles,12,2,4500,PIT@PHI,PHI,PIT,,
,,,,,,,,,,16403-12547:Pittsburgh Steelers,16403-12547,D,Pittsburgh,Steelers,5.5,2,4500,PIT@PHI,PIT,PHI,,
,,,,,,,,,,16403-11488:Ed Dickson,16403-11488,TE,Ed,Dickson,0,1,4500,MIN@CAR,CAR,MIN,,
,,,,,,,,,,16403-26657:Christian Powell,16403-26657,RB,Christian,Powell,0,0,4500,PIT@PHI,PIT,PHI,,
,,,,,,,,,,16403-12551:Tampa Bay Buccaneers,16403-12551,D,Tampa Bay,Buccaneers,1.5,2,4500,LA@TB,TB,LA,,
,,,,,,,,,,16403-32082:Jordan Taylor,16403-32082,WR,Jordan,Taylor,2.5,1,4500,DEN@CIN,DEN,CIN,,
,,,,,,,,,,16403-30012:Kevin Smith,16403-30012,WR,Kevin,Smith,1.933333397,3,4500,SF@SEA,SEA,SF,,
,,,,,,,,,,16403-52130:Patrick Murray,16403-52130,K,Patrick,Murray,3,2,4500,CLE@MIA,CLE,MIA,,
,,,,,,,,,,16403-39455:Kerwynn Williams,16403-39455,RB,Kerwynn,Williams,3.46666654,6,4500,ARI@BUF,ARI,BUF,,
,,,,,,,,,,16403-62508:James O'Shaughnessy,16403-62508,TE,James,O'Shaughnessy,2.339999962,5,4500,NYJ@KC,KC,NYJ,,
,,,,,,,,,,16403-39445:Brice Butler,16403-39445,WR,Brice,Butler,1.049999952,2,4500,CHI@DAL,DAL,CHI,,
,,,,,,,,,,16403-62505:MyCole Pruitt,16403-62505,TE,MyCole,Pruitt,1.389999962,10,4500,MIN@CAR,MIN,CAR,Q,Knee
,,,,,,,,,,16403-62515:Neal Sterling,16403-62515,WR,Neal,Sterling,0,9,4500,BAL@JAC,JAC,BAL,,
,,,,,,,,,,16403-62524:Rasheed Bailey,16403-62524,WR,Rasheed,Bailey,0,0,4500,SD@IND,SD,IND,,
,,,,,,,,,,16403-39428:Kyle Juszczyk,16403-39428,RB,Kyle,Juszczyk,2.299999952,2,4500,BAL@JAC,BAL,JAC,,
,,,,,,,,,,16403-32185:Zach Line,16403-32185,RB,Zach,Line,2.863636364,11,4500,MIN@CAR,MIN,CAR,,
,,,,,,,,,,16403-22336:Joshua Bellamy,16403-22336,WR,Joshua,Bellamy,0,1,4500,CHI@DAL,CHI,DAL,,
,,,,,,,,,,16403-24679:Zac Brooks,16403-24679,RB,Zac,Brooks,0,0,4500,SF@SEA,SEA,SF,,
,,,,,,,,,,16403-29974:Jamaal Jones,16403-29974,WR,Jamaal,Jones,0,0,4500,SD@IND,SD,IND,,
,,,,,,,,,,16403-33691:Orleans Darkwa,16403-33691,RB,Orleans,Darkwa,0.699999988,1,4500,WAS@NYG,NYG,WAS,,
,,,,,,,,,,16403-53796:Braedon Bowman,16403-53796,TE,Braedon,Bowman,0,0,4500,NYJ@KC,NYJ,KC,,
,,,,,,,,,,16403-38651:Beau Sandland,16403-38651,TE,Beau,Sandland,0,0,4500,MIN@CAR,CAR,MIN,,
,,,,,,,,,,16403-31184:Jonathan Williams,16403-31184,RB,Jonathan,Williams,0,0,4500,ARI@BUF,BUF,ARI,,
,,,,,,,,,,16403-25654:Tommy Bohanon,16403-25654,RB,Tommy,Bohanon,1.560000038,5,4500,NYJ@KC,NYJ,KC,,
,,,,,,,,,,16403-31191:Mekale McKay,16403-31191,WR,Mekale,McKay,0,0,4500,SD@IND,IND,SD,,
,,,,,,,,,,16403-39512:Kendall Gaskins,16403-39512,RB,Kendall,Gaskins,3.674999952,4,4500,SF@SEA,SF,SEA,,
,,,,,,,,,,16403-32234:Malcolm Brown,16403-32234,RB,Malcolm,Brown,1.799999952,1,4500,LA@TB,LA,TB,,
,,,,,,,,,,16403-41370:Trevor Davis,16403-41370,WR,Trevor,Davis,0,1,4500,DET@GB,GB,DET,,
,,,,,,,,,,16403-30069:Dominique Williams,16403-30069,WR,Dominique,Williams,0,0,4500,SD@IND,SD,IND,,
,,,,,,,,,,16403-34729:Dwayne Washington,16403-34729,RB,Dwayne,Washington,4.599999905,2,4500,DET@GB,DET,GB,,
,,,,,,,,,,16403-48224:Wes Saxton,16403-48224,TE,Wes,Saxton,0,1,4500,WAS@NYG,WAS,NYG,,
,,,,,,,,,,16403-25694:Andre Williams,16403-25694,RB,Andre,Williams,2.181250095,16,4500,SD@IND,SD,IND,,
,,,,,,,,,,16403-7001:Kellen Davis,16403-7001,TE,Kellen,Davis,0,1,4500,NYJ@KC,NYJ,KC,,
,,,,,,,,,,16403-62534:Brian Parker,16403-62534,TE,Brian,Parker,0.550000012,2,4500,NYJ@KC,NYJ,KC,,
,,,,,,,,,,16403-9442:Brandon Tate,16403-9442,WR,Brandon,Tate,0,2,4500,ARI@BUF,BUF,ARI,,
,,,,,,,,,,16403-62538:Cameron Meredith,16403-62538,WR,Cameron,Meredith,2.5,7,4500,CHI@DAL,CHI,DAL,,
,,,,,,,,,,16403-39539:Brian Leonhardt,16403-39539,TE,Brian,Leonhardt,0.899999976,1,4500,DET@GB,DET,GB,,
,,,,,,,,,,16403-24621:Charone Peake,16403-24621,WR,Charone,Peake,0,0,4500,NYJ@KC,NYJ,KC,,
,,,,,,,,,,16403-28933:Jared Abbrederis,16403-28933,WR,Jared,Abbrederis,1.299999952,1,4500,DET@GB,GB,DET,,
,,,,,,,,,,16403-62544:Brandon Wegher,16403-62544,RB,Brandon,Wegher,0,1,4500,MIN@CAR,CAR,MIN,,
,,,,,,,,,,16403-22317:Brenton Bersin,16403-22317,WR,Brenton,Bersin,2.879999924,5,4500,MIN@CAR,CAR,MIN,,
,,,,,,,,,,16403-33733:Xavier Rush,16403-33733,WR,Xavier,Rush,0,0,4500,PIT@PHI,PHI,PIT,,
,,,,,,,,,,16403-11648:Jim Dray,16403-11648,TE,Jim,Dray,1.011111153,9,4500,ARI@BUF,BUF,ARI,,
,,,,,,,,,,16403-27918:Henry Krieger-Coble,16403-27918,TE,Henry,Krieger-Coble,0,0,4500,DEN@CIN,DEN,CIN,,
,,,,,,,,,,16403-28907:Alex Erickson,16403-28907,WR,Alex,Erickson,1.25,2,4500,DEN@CIN,CIN,DEN,,
,,,,,,,,,,16403-25052:Zach Laskey,16403-25052,RB,Zach,Laskey,0,0,4500,LA@TB,LA,TB,IR,Undisclosed
,,,,,,,,,,16403-22220:Sean McGrath,16403-22220,TE,Sean,McGrath,0,0,4500,SD@IND,SD,IND,,
,,,,,,,,,,16403-30841:Jonathan Krause,16403-30841,WR,Jonathan,Krause,1.049999952,2,4500,SD@IND,SD,IND,,
,,,,,,,,,,16403-10695:Darrel Young,16403-10695,RB,Darrel,Young,0.688888868,9,4500,CHI@DAL,CHI,DAL,,
,,,,,,,,,,16403-29866:Paul Perkins,16403-29866,RB,Paul,Perkins,0,0,4500,WAS@NYG,NYG,WAS,,
,,,,,,,,,,16403-57556:Jerome Cunningham,16403-57556,TE,Jerome,Cunningham,1.649999936,6,4500,OAK@TEN,TEN,OAK,,
,,,,,,,,,,16403-23046:Jamize Olawale,16403-23046,RB,Jamize,Olawale,5.550000191,2,4500,OAK@TEN,OAK,TEN,,
,,,,,,,,,,16403-40913:Thomas Duarte,16403-40913,TE,Thomas,Duarte,0,0,4500,CLE@MIA,MIA,CLE,,
,,,,,,,,,,16403-23055:Brandon Bostick,16403-23055,TE,Brandon,Bostick,0,1,4500,NYJ@KC,NYJ,KC,,
,,,,,,,,,,16403-29830:Shaq Evans,16403-29830,WR,Shaq,Evans,0,0,4500,BAL@JAC,JAC,BAL,,
,,,,,,,,,,16403-22244:Beau Brinkley,16403-22244,TE,Beau,Brinkley,0,16,4500,OAK@TEN,TEN,OAK,,
,,,,,,,,,,16403-30807:Mychal Rivera,16403-30807,TE,Mychal,Rivera,3.571428571,14,4500,OAK@TEN,OAK,TEN,,
,,,,,,,,,,16403-43260:Darion Griswold,16403-43260,TE,Darion,Griswold,0,0,4500,SD@IND,IND,SD,,
,,,,,,,,,,16403-26045:Leonte Carroo,16403-26045,WR,Leonte,Carroo,2.400000095,1,4500,CLE@MIA,MIA,CLE,,
,,,,,,,,,,16403-28890:Derek Watt,16403-28890,RB,Derek,Watt,0,0,4500,SD@IND,SD,IND,,
,,,,,,,,,,16403-29854:Kevin McDermott,16403-29854,TE,Kevin,McDermott,0,16,4500,MIN@CAR,MIN,CAR,,
,,,,,,,,,,16403-31748:Levi Norwood,16403-31748,WR,Levi,Norwood,0,0,4500,PIT@PHI,PIT,PHI,,
,,,,,,,,,,16403-7918:Matthew Mulligan,16403-7918,TE,Matthew,Mulligan,0.699999988,1,4500,DET@GB,DET,GB,,
,,,,,,,,,,16403-40845:Hunter Henry,16403-40845,TE,Hunter,Henry,2.5,1,4500,SD@IND,SD,IND,,
,,,,,,,,,,16403-40843:Alex Collins,16403-40843,RB,Alex,Collins,0,1,4500,SF@SEA,SEA,SF,,
,,,,,,,,,,16403-26076:Sam Bergen,16403-26076,RB,Sam,Bergen,0,0,4500,OAK@TEN,TEN,OAK,,
,,,,,,,,,,16403-39887:Myles White,16403-39887,WR,Myles,White,2.033333249,9,4500,NYJ@KC,NYJ,KC,,
,,,,,,,,,,16403-40857:Peyton Barber,16403-40857,RB,Peyton,Barber,0,0,4500,LA@TB,TB,LA,,
,,,,,,,,,,16403-26057:Michael Burton,16403-26057,RB,Michael,Burton,1.637500048,8,4500,DET@GB,DET,GB,,
,,,,,,,,,,16403-39900:Khiry Robinson,16403-39900,RB,Khiry,Robinson,7.75,8,4500,NYJ@KC,NYJ,KC,,
,,,,,,,,,,16403-45343:Daniel Braverman,16403-45343,WR,Daniel,Braverman,0,0,4500,CHI@DAL,CHI,DAL,,
,,,,,,,,,,16403-28807:Gabe Holmes,16403-28807,TE,Gabe,Holmes,0,0,4500,OAK@TEN,OAK,TEN,IR,Ankle
,,,,,,,,,,16403-22188:Daryl Richardson,16403-22188,RB,Daryl,Richardson,0.600000024,1,4500,PIT@PHI,PIT,PHI,,
,,,,,,,,,,16403-11766:Jeff Cumberland,16403-11766,TE,Jeff,Cumberland,1.45714283,7,4500,SD@IND,SD,IND,IR,Achilles
,,,,,,,,,,16403-26934:Toben Opurum,16403-26934,RB,Toben,Opurum,0,2,4500,DEN@CIN,DEN,CIN,,
,,,,,,,,,,16403-12305:Will Tukuafu,16403-12305,RB,Will,Tukuafu,0,1,4500,SF@SEA,SEA,SF,,
,,,,,,,,,,16403-24912:Dustin Hopkins,16403-24912,K,Dustin,Hopkins,11,2,4500,WAS@NYG,WAS,NYG,,
,,,,,,,,,,16403-6672:Marcedes Lewis,16403-6672,TE,Marcedes,Lewis,7.25,2,4500,BAL@JAC,JAC,BAL,,
,,,,,,,,,,16403-39689:Zach Sudfeld,16403-39689,TE,Zach,Sudfeld,0,0,4500,NYJ@KC,NYJ,KC,,
,,,,,,,,,,16403-11522:Marcus Easley,16403-11522,WR,Marcus,Easley,4.100000064,3,4500,ARI@BUF,BUF,ARI,NA,Kneecap
,,,,,,,,,,16403-29734:Ty Montgomery,16403-29734,WR,Ty,Montgomery,0,2,4500,DET@GB,GB,DET,,
,,,,,,,,,,16403-45562:Paul Lasike,16403-45562,RB,Paul,Lasike,0.200000003,1,4500,CHI@DAL,CHI,DAL,,
,,,,,,,,,,16403-22109:Greg Zuerlein,16403-22109,K,Greg,Zuerlein,10,1,4500,LA@TB,LA,TB,,
,,,,,,,,,,16403-12543:New York Giants,16403-12543,D,New York,Giants,7.5,2,4500,WAS@NYG,NYG,WAS,,
,,,,,,,,,,16403-12536:Kansas City Chiefs,16403-12536,D,Kansas City,Chiefs,4,2,4500,NYJ@KC,KC,NYJ,,
,,,,,,,,,,16403-12538:Los Angeles Rams,16403-12538,D,Los Angeles,Rams,6,2,4500,LA@TB,LA,TB,,
,,,,,,,,,,16403-11538:Garrett Graham,16403-11538,TE,Garrett,Graham,1.571428571,7,4500,DEN@CIN,DEN,CIN,,
,,,,,,,,,,16403-12528:Cincinnati Bengals,16403-12528,D,Cincinnati,Bengals,5,2,4500,DEN@CIN,CIN,DEN,,
,,,,,,,,,,16403-11562:Andrew Quarless,16403-11562,TE,Andrew,Quarless,1.699999968,3,4500,DET@GB,DET,GB,,
,,,,,,,,,,16403-22123:James Hanna,16403-22123,TE,James,Hanna,1.549999952,8,4500,CHI@DAL,DAL,CHI,NA,Knee
,,,,,,,,,,16403-19342:Demetrius Harris,16403-19342,TE,Demetrius,Harris,1.5,2,4500,NYJ@KC,KC,NYJ,,
,,,,,,,,,,16403-39716:Adam Thielen,16403-39716,WR,Adam,Thielen,6.75,2,4500,MIN@CAR,MIN,CAR,,
,,,,,,,,,,16403-28744:Raheem Mostert,16403-28744,RB,Raheem,Mostert,-0.25,8,4500,CHI@DAL,CHI,DAL,,
,,,,,,,,,,16403-14406:Bruce Miller,16403-14406,RB,Bruce,Miller,2.589999962,10,4500,SF@SEA,SF,SEA,,
,,,,,,,,,,16403-7784:Darrius Heyward-Bey,16403-7784,WR,Darrius,Heyward-Bey,1.200000048,1,4500,PIT@PHI,PIT,PHI,,
,,,,,,,,,,16403-33424:Mose Frazier,16403-33424,WR,Mose,Frazier,0,0,4500,DEN@CIN,DEN,CIN,,
,,,,,,,,,,16403-31874:Kenneth Farrow,16403-31874,RB,Kenneth,Farrow,1.299999952,1,4500,SD@IND,SD,IND,,
,,,,,,,,,,16403-29723:Stepfan Taylor,16403-29723,RB,Stepfan,Taylor,1.116666635,6,4500,ARI@BUF,ARI,BUF,,
,,,,,,,,,,16403-27020:Glenn Gronkowski,16403-27020,RB,Glenn,Gronkowski,0,0,4500,ARI@BUF,BUF,ARI,,
,,,,,,,,,,16403-30910:Zac Stacy,16403-30910,RB,Zac,Stacy,3.699999946,7,4500,NYJ@KC,NYJ,KC,,
,,,,,,,,,,16403-29805:Ryan Hewitt,16403-29805,RB,Ryan,Hewitt,1.544444402,9,4500,DEN@CIN,CIN,DEN,,
,,,,,,,,,,16403-22029:Bernard Pierce,16403-22029,RB,Bernard,Pierce,0.824999988,4,4500,NYJ@KC,NYJ,KC,,
,,,,,,,,,,16403-48482:David Morgan,16403-48482,TE,David,Morgan,0,0,4500,MIN@CAR,MIN,CAR,,
,,,,,,,,,,16403-7706:Chase Coffman,16403-7706,TE,Chase,Coffman,8.550000191,2,4500,SD@IND,IND,SD,,
,,,,,,,,,,16403-57348:Glenn Winston,16403-57348,RB,Glenn,Winston,-2.799999952,1,4500,CLE@MIA,CLE,MIA,IR,Shoulder
,,,,,,,,,,16403-14369:Jordan Todman,16403-14369,RB,Jordan,Todman,0.550000012,4,4500,SD@IND,IND,SD,,
,,,,,,,,,,16403-28721:Brandon Cottom,16403-28721,RB,Brandon,Cottom,0,0,4500,SF@SEA,SEA,SF,IR,Achilles
,,,,,,,,,,16403-22047:Ladarius Green,16403-22047,TE,Ladarius,Green,6.876923194,13,4500,PIT@PHI,PIT,PHI,NA,Ankle
,,,,,,,,,,16403-33531:Ben Koyack,16403-33531,TE,Ben,Koyack,0,0,4500,BAL@JAC,JAC,BAL,,
,,,,,,,,,,16403-28735:Daniel Anthrop,16403-28735,WR,Daniel,Anthrop,0,0,4500,SD@IND,IND,SD,,
,,,,,,,,,,16403-28126:Paul Lang,16403-28126,TE,Paul,Lang,0,0,4500,PIT@PHI,PIT,PHI,,
,,,,,,,,,,16403-33473:Chris Brown,16403-33473,WR,Chris,Brown,0,0,4500,CHI@DAL,DAL,CHI,,
,,,,,,,,,,16403-29768:Patrick Skov,16403-29768,RB,Patrick,Skov,0,0,4500,CLE@MIA,CLE,MIA,,
,,,,,,,,,,16403-11629:Kyle Williams,16403-11629,WR,Kyle,Williams,0,0,4500,NYJ@KC,NYJ,KC,,
,,,,,,,,,,16403-14358:Dwayne Harris,16403-14358,WR,Dwayne,Harris,0,2,4500,WAS@NYG,NYG,WAS,,
,,,,,,,,,,16403-24882:Roberto Aguayo,16403-24882,K,Roberto,Aguayo,4.5,2,4500,LA@TB,TB,LA,,
,,,,,,,,,,16403-6778:Anthony Fasano,16403-6778,TE,Anthony,Fasano,0.600000024,1,4500,OAK@TEN,TEN,OAK,,
,,,,,,,,,,16403-22051:Orson Charles,16403-22051,TE,Orson,Charles,0,0,4500,DET@GB,DET,GB,,
,,,,,,,,,,16403-33488:Troy Niklas,16403-33488,TE,Troy,Niklas,0,1,4500,ARI@BUF,ARI,BUF,,
,,,,,,,,,,16403-28694:Jesse James,16403-28694,TE,Jesse,James,8,2,4500,PIT@PHI,PIT,PHI,,
,,,,,,,,,,16403-28144:Dion Sims,16403-28144,TE,Dion,Sims,2.599999905,1,4500,CLE@MIA,MIA,CLE,,
,,,,,,,,,,16403-7718:Cedric Peerman,16403-7718,RB,Cedric,Peerman,0,4,4500,DEN@CIN,CIN,DEN,IR,Elbow
,,,,,,,,,,16403-22067:Adrien Robinson,16403-22067,TE,Adrien,Robinson,0,0,4500,NYJ@KC,NYJ,KC,,
,,,,,,,,,,16403-22065:Rhett Ellison,16403-22065,TE,Rhett,Ellison,2.172727238,11,4500,MIN@CAR,MIN,CAR,,
,,,,,,,,,,16403-11635:Marc Mariani,16403-11635,WR,Marc,Mariani,0,2,4500,OAK@TEN,TEN,OAK,,
,,,,,,,,,,16403-6767:Ryan Succop,16403-6767,K,Ryan,Succop,4.5,2,4500,OAK@TEN,TEN,OAK,,
,,,,,,,,,,16403-14348:Lee Smith,16403-14348,TE,Lee,Smith,4.400000095,1,4500,OAK@TEN,OAK,TEN,,
,,,,,,,,,,16403-12552:Washington Redskins,16403-12552,D,Washington,Redskins,2.5,2,4400,WAS@NYG,WAS,NYG,,
,,,,,,,,,,16403-12555:Baltimore Ravens,16403-12555,D,Baltimore,Ravens,9,2,4400,BAL@JAC,BAL,JAC,,
,,,,,,,,,,16403-12527:Chicago Bears,16403-12527,D,Chicago,Bears,5.5,2,4400,CHI@DAL,CHI,DAL,,
,,,,,,,,,,16403-12540:Minnesota Vikings,16403-12540,D,Minnesota,Vikings,16.5,2,4400,MIN@CAR,MIN,CAR,,
,,,,,,,,,,16403-12537:Oakland Raiders,16403-12537,D,Oakland,Raiders,0.5,2,4400,OAK@TEN,OAK,TEN,,
,,,,,,,,,,16403-12533:Green Bay Packers,16403-12533,D,Green Bay,Packers,6,2,4400,DET@GB,GB,DET,,
,,,,,,,,,,16403-12535:Indianapolis Colts,16403-12535,D,Indianapolis,Colts,0,2,4400,SD@IND,IND,SD,,
,,,,,,,,,,16403-12548:San Diego Chargers,16403-12548,D,San Diego,Chargers,6.5,2,4300,SD@IND,SD,IND,,
,,,,,,,,,,16403-12526:Buffalo Bills,16403-12526,D,Buffalo,Bills,7.5,2,4300,ARI@BUF,BUF,ARI,,
,,,,,,,,,,16403-12529:Cleveland Browns,16403-12529,D,Cleveland,Browns,3,2,4300,CLE@MIA,CLE,MIA,,
,,,,,,,,,,16403-12532:Detroit Lions,16403-12532,D,Detroit,Lions,4,2,4200,DET@GB,DET,GB,,
,,,,,,,,,,16403-12534:Tennessee Titans,16403-12534,D,Tennessee,Titans,7,2,4200,OAK@TEN,TEN,OAK,,
,,,,,,,,,,16403-12554:Jacksonville Jaguars,16403-12554,D,Jacksonville,Jaguars,1,2,4100,BAL@JAC,JAC,BAL,,
,,,,,,,,,,16403-12549:San Francisco 49ers,16403-12549,D,San Francisco,49ers,11.5,2,4000,SF@SEA,SF,SEA,,
